GEM plant ID,Plant name (English),Plant name (other language),Other plant names (English),Other plant names (other language),Owner,Owner (other language),Owner GEM entity ID,Owner PermID,SOE status,Parent (English),Parent GEM entity ID,Parent PermID,Location address,Location address (other language),Municipality,Subnational unit,Country/area,Region,Coordinates,Coordinate accuracy,GEM wiki page,Plant age,Announced date,Construction date,Start date,Pre-retirement announcement date,Idled date,Retired date,Ferronickel capacity (ttpa),Sinter plant capacity (ttpa),Coking plant capacity (ttpa),Pelletizing plant capacity (ttpa),Category steel product,Steel products,Steel sector end users,Workforce size,ISO 14001,ISO 50001,ResponsibleSteel certification,Main production equipment,Power source,Iron ore source,Met coal source,Total capacity (ttpa),Latitude,Longitude,Country_code,distance_degrees,litpop_index,LitPop_value,LitPop_latitude,LitPop_longitude,LitPop_region_id,LitPop_impf
P100000120163,Angang Group Xinyang Iron and Steel Co Ltd,安钢集团信阳钢铁有限责任公司,,,"Xinyang Iron & Steel Co.,ltd of Angang Group",安钢集团信阳钢铁有限责任公司,E100000127277,unknown,Partial,natural person(s) [65.2%]; Henan PROVINCE HENGCHANG Trading Co Ltd [15.8%]; unknown [10.4%]; Henan State Owned Capital Operation Group Co Ltd [8.6%],E100000123261 [65.2%]; E100000127609 [15.8%]; E100000132388 [10.4%]; E100000125158 [8.6%],unknown [65.2%]; unknown [15.8%]; unknown [10.4%]; unknown [8.6%],No. 34 Xinmin Road,河南省信阳市平桥区明港镇新民路34号,Minggang,Henan,China,Asia Pacific,"32.4887040, 114.0382430",exact,https://www.gem.wiki/Angang_Group_Xinyang_Iron_and_Steel_Co_Ltd,55.0,unknown,unknown,1971,unknown,unknown,unknown,,,600.0,,finished rolled,"rebar, strip, billet, rounds, slab",unknown,3711,2022-11-01 00:00:00,2024-11-11 00:00:00,no,BF; BOF,unknown,unknown,unknown,600.0,32.488704,114.038243,CHN,0.030563035067178865,95076,382250327.83036226,32.45833333,114.04166667,156,1
P100000120089,Angang Lianzhong Stainless Steel Co Ltd,联众(广州)不锈钢有限公司,"Angang Guangzhou Lianzhong Stainless Steel Co., Ltd., Ourgame (Guangzhou) Stainless Steel Co., Ltd.",鞍钢联众(广州)不锈钢有限公司,Angang Lianzhong Stainless Steel Corp,鞍钢联众（广州）不锈钢有限公司,E100000127397,unknown,,Ansteel Group Co Ltd [60.0%]; Lianzhong Co Ltd [18.2%]; power rich Co Ltd [17.4%]; unknown [4.4%],E100000124667 [60.0%]; E100000130687 [18.2%]; E100000130686 [17.4%]; E100000132388 [4.4%],5037655487 [60.0%]; unknown [18.2%]; unknown [17.4%]; unknown [4.4%],No. 1 Lianguang Road,广东省广州市黄埔区开发大道联广路1号,Economic and Technological Development Zone,Guangdong,China,Asia Pacific,"23.1268220, 113.5058170",exact,https://www.gem.wiki/Angang_Lianzhong_Stainless_Steel_Co_Ltd,25.0,unknown,unknown,2001,unknown,unknown,unknown,,,,,"semi-finished, finished rolled","plate, cold rolled, coil, billet, hot rolled",unknown,1764,2025-03-24 00:00:00,2025-09-17 00:00:00,no,EAF,Distributed Photovoltaic Power Generation,unknown,unknown,,23.126822,113.505817,CHN,0.03589594020372266,134526,23605391215.706425,23.125,113.54166667,156,1
P100000120219,Angang Steel Co Ltd,"鞍钢新轧钢股份有限公司, 鞍山制铁所, 昭和制钢所","Anshan Steel Works, Showa Steel Works (predecessors)",鞍钢股份有限公司,Angang Steel Co Ltd,鞍钢股份有限公司,E100000126769,unknown,,Angang Steel Co Ltd [100.0%],E100000126769 [100.0%],unknown [100.0%],No. 1 Huangang Road,辽宁省鞍山市铁西区环钢路1号,unknown,Liaoning,China,Asia Pacific,"41.1482670, 122.9830540",exact,https://www.gem.wiki/Angang_Steel_Co_Ltd,27.43,unknown,unknown,1998-09-14 00:00:00,unknown,unknown,unknown,,,,,finished rolled,"galvanized, plate, coated, pipe, cold rolled, hot rolled, wire","automotive, building and infrastructure, tools and machinery, transport",31456,2024-07-03 00:00:00,2024-07-03 00:00:00,no,BF; BOF; DRI,the world's first 180-megawatt split-type blast furnace gas combined cycle power generation,unknown,unknown,,41.148267,122.983054,CHN,0.033947972166956365,39980,44422407772.444046,41.125,122.95833333,156,1
P100000120220,Angang Steel Co Ltd Bayuquan branch,鞍钢股份有限公司鲅鱼圈钢铁分公司,"Angang Steel Co., Ltd. Bayuquan Steel Plant",鞍钢股份有限公司鲅鱼圈钢铁厂,Angang Steel Co Ltd,鞍钢股份有限公司,E100000126769,unknown,,Angang Steel Co Ltd [100.0%],E100000126769 [100.0%],unknown [100.0%],"Dadongtun Village, Haixing Office",辽宁省营口市鲅鱼圈区营口经济技术开发区海星办事处大董屯村,Yingkou Economic and Technological Development Zone,Liaoning,China,Asia Pacific,"40.3084940, 122.1307900",exact,https://www.gem.wiki/Angang_Steel_Co_Ltd_Bayuquan_branch,20.0,unknown,unknown,2006,unknown,unknown,unknown,,,,,finished rolled,"structural, plate",unknown,4072,no,no,no,BF; BOF,the world's first 180-megawatt split-type blast furnace gas combined cycle power generation,unknown,unknown,,40.308494,122.13079,CHN,0.017795593132265364,45754,6209926726.154055,40.29166667,122.125,156,1
P100000120070,Anhui Changjiang Steel Co Ltd,龙山桥钢铁总厂,Longshanqiao Iron and Steel Plant (predecessor),安徽长江钢铁股份有限公司,Anhui Changjiang Steel Co Ltd,安徽长江钢铁股份有限公司,E100000123155,unknown,,Maanshan Iron & Steel Co Ltd [55.0%]; natural person(s) [37.2%]; unknown [7.8%],E100000123737 [55.0%]; E100000123261 [37.2%]; E100000132388 [7.8%],4295864332 [55.0%]; unknown [37.2%]; unknown [7.8%],Longshanqiao Industrial Park,马鞍山市当涂县龙山桥工业园,unknown,Anhui,China,Asia Pacific,"31.5022720, 118.4651620",exact,https://www.gem.wiki/Anhui_Changjiang_Steel_Co_Ltd,23.0,unknown,unknown,2003,unknown,unknown,unknown,,1375.0,,,finished rolled,"rebar, wire","building and infrastructure, transport",3705,2023-02-23 00:00:00,2024-12-27 00:00:00,no,BF; BOF; EAF,3.5 MW Rooftop Distributed Photovoltaic Power Generation,unknown,unknown,1375.0,31.502272,118.465162,CHN,0.0399821304882302,100761,2369022303.7466125,31.54166667,118.45833333,156,1
P100000120071,Anhui Guihang Special Steel Co Ltd,安徽省贵航特钢有限公司,,,Anhui Guihang Special Steel Co Ltd,安徽省贵航特钢有限公司,E100000126525,unknown,,Anhui Guihang Special Steel Co Ltd [100.0%],E100000126525 [100.0%],unknown [100.0%],"Qianjiang Industrial Concentration Zone, Niutoushan Town, Guichi District, Chizhou City, Anhui Province",安徽省池州市贵池区牛头山镇前江工业集中区,Chizhou,Anhui,China,Asia Pacific,"30.5310680, 117.2511470",exact,https://www.gem.wiki/Anhui_Guihang_Special_Steel_Co_Ltd,15.89,unknown,unknown,2010-04-01 00:00:00,unknown,unknown,unknown,,,,,finished rolled,rebar,unknown,3000,2022-10-21 00:00:00,2024-09-10 00:00:00,no,BF; BOF,"50MW coal gas waste heat power generation, 80MW coal gas waste heat power generation",unknown,unknown,,30.531068,117.251147,CHN,0.04188287791780053,106795,189683194.67400867,30.54166667,117.29166667,156,1
P100000120391,Anhui Jin an Stainless Steel Casting Co Ltd,安徽金安不锈钢铸造有限公司,,,Anhui Jin'an Stainless Steel Foundry Co Ltd,安徽金安不锈钢铸造有限公司,E100000126390,unknown,,Anhui Xinda Steel Development Co Ltd [100.0%],E100000127607 [100.0%],unknown [100.0%],"Economic Development Zone, Jinzhai County, Lu'an City, Anhui Province",安徽省六安市金寨县经济开发区,Lu'an,Anhui,China,Asia Pacific,"31.7639560, 115.9243720",exact,https://www.gem.wiki/Anhui_Jin_an_Stainless_Steel_Casting_Co_Ltd,4.0,2021-09-01 00:00:00,unknown,2022,unknown,unknown,unknown,,,,,"semi-finished, finished rolled","billet, rebar",building and infrastructure,279,2023-06-06 00:00:00,2023-06-06 00:00:00,no,EAF,County Power Supply Company,unknown,unknown,,31.763956,115.924372,CHN,0.04383210201687396,99202,413630926.1177371,31.79166667,115.95833333,156,1
P100000120417,Anhui Jingxian Longxin Iron and Steel Co Ltd,安徽省泾县隆鑫钢铁有限公司,"Jingxian Longxin Foundry Co., Ltd.",泾县隆鑫铸造有限公司,Anhui Jingxian Longxin Iron and Steel Co Ltd,安徽省泾县隆鑫钢铁有限公司,E100000126157,unknown,,Anhui Jingxian Longxin Iron and Steel Co Ltd [100.0%],E100000126157 [100.0%],unknown [100.0%],"No. 1 Zhangjiawa Road, Jingxian Economic Development District, Xuancheng City, Anhui Province",安徽省宣城市泾县经济开发区张家洼路1号,Xuancheng,Anhui,China,Asia Pacific,"30.7090580, 118.4366380",exact,https://www.gem.wiki/Anhui_Jingxian_Longxin_Iron_and_Steel_Co_Ltd,18.0,unknown,unknown,2008,unknown,unknown,unknown,,,,,finished rolled,rebar,unknown,454,2023-09-27 00:00:00,2025-04-10 00:00:00,no,EAF,5.9 MW roof photovoltaic power generation-Phase I,unknown,unknown,,30.709058,118.436638,CHN,0.02170742938299699,105825,271114715.91688704,30.70833333,118.45833333,156,1
P100000120402,Anhui Langxi Hongtai Iron and Steel Co Ltd,安徽省郎溪县鸿泰钢铁有限公司,,,Anhui Langxi County Fuhang Steel Co Ltd,安徽省郎溪县鸿泰钢铁有限公司,E100000126133,unknown,,Anhui Langxi County Fuhang Steel Co Ltd [100.0%],E100000126133 [100.0%],unknown [100.0%],"Gaojia Village, Xinfa Town, Langxi County, Xuancheng City, Anhui Province",安徽省宣城市郎溪县新发镇高家村,Xuancheng,Anhui,China,Asia Pacific,"31.2466350, 119.1204430",exact,https://www.gem.wiki/Anhui_Langxi_Hongtai_Iron_and_Steel_Co_Ltd,24.0,unknown,unknown,2002,unknown,unknown,unknown,,,,,finished rolled,rebar,building and infrastructure,541,2023-03-28 00:00:00,2025-04-18 00:00:00,no,EAF,Langxi Power Grid,unknown,unknown,,31.246635,119.120443,CHN,0.03857180542558462,102806,86904812.1034762,31.20833333,119.125,156,1
P100001025923,Anhui Lixin Special Steel Co Ltd,安徽省力鑫特钢有限公司,,,"Guangde Xinyuanda Metal Products Co., Ltd. Co Ltd",,E100002005337,unknown,,"Guangde Xinyuanda Metal Products Co., Ltd. Co Ltd [100.0%]",E100002005337 [100.0%],unknown [100.0%],"Guangan Road, Xinhang Town Economic Development Zone",安徽省广德市新杭镇经济开发区广安路,Guangde,Anhui,China,Asia Pacific,"31.0494162, 119.5296269",exact,https://www.gem.wiki/Anhui_Lixin_Special_Steel_Co_Ltd,14.24,unknown,unknown,2011-11-25 00:00:00,unknown,unknown,unknown,,,,,"crude, semi-finished","steel billets, hot-rolled rebar",unknown,335,2025-06-25 00:00:00,2024-09-18 00:00:00,no,EAF,unknown,unknown,unknown,,31.0494162,119.5296269,CHN,0.014318214863375962,103829,60598213.36689451,31.04166667,119.54166667,156,1
P100000120313,Anhui Shoukuang Dachang Metal Material Co Ltd,安徽首矿大昌金属材料有限公司,"Lu'an Iron and Steel Holding Group Special Steel Co., Ltd.",六安钢铁控股集团旗下安徽首矿大昌金属材料有限公司,Anhui Shoukuang Dachang Metal Material Co Ltd,安徽首矿大昌金属材料有限公司,E100000126761,unknown,,CSCEC Rongdong Investment Holding Co Ltd [89.0%]; Fang TongZhou Holding Co Ltd [7.9%]; unknown [3.1%],E100000128793 [89.0%]; E100000128301 [7.9%]; E100000132388 [3.1%],unknown [89.0%]; unknown [7.9%]; unknown [3.1%],"Economic Development Zone, Huoqiu Couty, Liuan City, Anhui Province",六安市霍邱县经济开发区,liuan,Anhui,China,Asia Pacific,"32.3291710, 115.9549630",exact,https://www.gem.wiki/Anhui_Shoukuang_Dachang_Metal_Material_Co_Ltd,16.0,unknown,unknown,2010,unknown,unknown,unknown,,,1200.0,,finished rolled,"bar, coil, wire, hot rolled","automotive, tools and machinery",3955,2024-12-12 00:00:00,2023-12-29 00:00:00,no,BF; BOF,Ultra-high Temperature Subcritical Coal Gas Power Generation Unit,Huoqiu Iron Mine,unknown,1200.0,32.329171,115.954963,CHN,0.037655462990887546,96127,26192474.427464876,32.29166667,115.95833333,156,1
P100000120231,Anshan Baode Iron and Steel Co Ltd,鞍山宝得钢铁有限公司,,,Anshan Baode Iron & Steel Co Ltd,鞍山宝得钢铁有限公司,E100000126417,unknown,,Anshan Baode Iron & Steel Co Ltd [100.0%],E100000126417 [100.0%],unknown [100.0%],Chengang Street,辽宁省鞍山市千山区鞍腾路1号,unknown,Liaoning,China,Asia Pacific,"41.1736130, 122.9455010",exact,https://www.gem.wiki/Anshan_Baode_Iron_and_Steel_Co_Ltd,26.73,unknown,unknown,1999-05-28 00:00:00,unknown,unknown,unknown,,2395.0,,,finished rolled,"i-beam, angle, h-beam","automotive, building and infrastructure, tools and machinery",2235,2025-05-15 00:00:00,2022-04-06 00:00:00,no,BF; BOF,A 45-megawatt surplus energy supercritical temperature and supercritical pressure power station,unknown,unknown,2395.0,41.173613,122.945501,CHN,0.03701580754945055,39402,4381066890.384275,41.20833333,122.95833333,156,1
P100000120221,Ansteel Group Chaoyang Steel and Iron Co Ltd,鞍钢集团朝阳鞍凌钢铁有限公司,"Angang Group Chaoyang Anling Iron and Steel Co., Ltd.",鞍钢集团朝阳钢铁有限公司,Angang Steel Co Ltd,鞍钢股份有限公司,E100000126769,unknown,,Angang Steel Co Ltd [100.0%],E100000126769 [100.0%],unknown [100.0%],unknown,辽宁省朝阳市龙城区西大营子镇,Xidayingzi,Liaoning,China,Asia Pacific,"41.5289450, 120.3699830",exact,https://www.gem.wiki/Ansteel_Group_Chaoyang_Steel_and_Iron_Co_Ltd,18.59,unknown,unknown,2007-07-19 00:00:00,unknown,unknown,unknown,,,,,finished rolled,"pipe, plate","automotive, building and infrastructure, tools and machinery",2050,2024-07-03 00:00:00,2024-07-03 00:00:00,no,BF; BOF,the world's first 180-megawatt split-type blast furnace gas combined cycle power generation,unknown,unknown,,41.528945,120.369983,CHN,0.013675202981630386,37040,3344426880.8404565,41.54166667,120.375,156,1
P100000120170,Anyang Huixin Special Steel Co Ltd,安阳汇鑫华诚特钢有限公司,"Anyang Huixin Huacheng Special Steel Co., Ltd., Anyang Jinxiu Steel Co., Ltd., Anyang Huacheng Special Steel Co., Ltd., Anyang Huacheng Steel Co., Ltd.","安阳华诚特钢有限公司, 安阳锦秀钢铁有限公司, 安阳汇鑫特钢有限公司, 安阳华诚钢铁有限责任公司",Anyang Huixin Special Steel Co Ltd,安阳汇鑫特钢有限公司,E100000126643,unknown,,"Henan Jingchang Coal Chemical Co Ltd [90.0%]; Henan Xinlei Group HOLDINGS Co Ltd [6.2%]; Henan LIYUAN Coking Group Co Ltd [1.3%]; Henan Shuncheng Group,coal Co Ltd [1.3%]; Henan Yulong Coking Co Ltd [1.3%]",E100000127613 [90.0%]; E100000128836 [6.2%]; E100000128827 [1.3%]; E100000128828 [1.3%]; E100000128829 [1.3%],unknown [90.0%]; unknown [6.2%]; unknown [1.3%]; unknown [1.3%]; unknown [1.3%],"Dongjiang Village, Shuiye Town, Anyang County, Anyang City, Henan Province",河南省安阳市安阳县水冶镇东蒋村,Anyang,Henan,China,Asia Pacific,"36.1524180, 114.1583900",exact,https://www.gem.wiki/Anyang_Huixin_Special_Steel_Co_Ltd,21.0,unknown,unknown,2004,2023-06-07 00:00:00,2024-03-01 00:00:00,2025,,,,,semi-finished,billet,unknown,unknown,expired,unknown,no,BF; BOF,unknown,unknown,unknown,,36.152418,114.15839,CHN,0.04320461577192488,73027,3691623504.775808,36.125,114.125,156,1
P100000120160,Anyang Iron and Steel Co Ltd,河南钢铁集团,,安阳钢铁股份有限公司,Anyang Iron & Steel Co Ltd,安阳钢铁股份有限公司,E100001000432,4295864803,,Anyang Iron & Steel Co Ltd [100.0%],E100001000432 [100.0%],4295864803 [100.0%],"No. 502 Angang Avenue, Yindu District, Anyang City, Henan Province",河南省安阳市殷都区安钢大道502号,Anyang,Henan,China,Asia Pacific,"36.1221290, 114.2831450",exact,https://www.gem.wiki/Anyang_Iron_and_Steel_Co_Ltd,68.0,unknown,unknown,1958,unknown,unknown,unknown,,,,,finished rolled,"pipe, wire, plate, hot rolled",unknown,12094,expired,expired,no,BF; BOF; EAF,coal gas recovery power station&waste heat power generation unit,unknown,unknown,,36.122129,114.283145,CHN,0.008992302296340978,73029,17037663839.757977,36.125,114.29166667,156,1
P100000120166,Anyang Xinpu Steel Co Ltd,安阳市新普钢铁有限公司,"Angang Group Xinpu Co., Ltd.",安钢集团新普有限公司,Anyang Xinpu Steel Co Ltd,安阳市新普钢铁有限公司,E100000126159,unknown,,natural person(s) [49.0%]; Minyuan Iron and Steel Group Co Ltd [34.0%]; Fujian Mingfa Investment Co Ltd [17.0%],E100000123261 [49.0%]; E100000123185 [34.0%]; E100000124295 [17.0%],unknown [49.0%]; unknown [34.0%]; unknown [17.0%],"Beimeng Industrial Park, Yindu District, Anyang City, Henan Province",河南省安阳市殷都区北蒙工业园区,Anyang,Henan,China,Asia Pacific,"36.1632030, 114.2962230",exact,https://www.gem.wiki/Anyang_Xinpu_Steel_Co_Ltd,20.41,unknown,unknown,2005,2022-12-05 00:00:00,unknown,2025-06-01 00:00:00,,,,,"semi-finished, finished rolled","billet, round bar, rebar, wire",unknown,unknown,expired,expired,no,BF; BOF,unknown,unknown,unknown,,36.163203,114.296223,CHN,0.03847374886944496,73029,17037663839.757977,36.125,114.29166667,156,1
P100000120384,Baicheng Fuda Bar Rolling Co Ltd,白城市富达棒材轧制有限公司,,,Baicheng Fuda Bar Rolling Co Ltd,白城市富达棒材轧制有限公司,E100000127199,unknown,,Baicheng Fuda Bar Rolling Co Ltd [100.0%],E100000127199 [100.0%],unknown [100.0%],Zhujiang Road,吉林省白城市工业园区珠江路,Baicheng Industrial Park,Jilin,China,Asia Pacific,"45.5933030, 122.8955880",exact,https://www.gem.wiki/Baicheng_Fuda_Bar_Rolling_Co_Ltd,16.31,unknown,unknown,2009-10-27 00:00:00,unknown,unknown,unknown,,,,,finished rolled,bar,unknown,30,unknown,unknown,no,EAF,State Power Investment Corporation Jilin Longhua Baicheng Combined Heat and Power Plant.,unknown,unknown,,45.593303,122.895588,CHN,0.037796369574341716,15548,4030918213.477184,45.625,122.875,156,1
P100000120256,Baoshan Iron and Steel Co Ltd Headquarters,宝山钢铁股份有限公司 (宝山基地),China Baowu Steel Group,,Baoshan Iron & Steel Co Ltd,宝山钢铁股份有限公司,E100000122571,4295864974,,Baoshan Iron & Steel Co Ltd [100.0%],E100000122571 [100.0%],4295864974 [100.0%],Fujin Street No. 885,上海市宝山区富锦路885号,unknown,Shanghai,China,Asia Pacific,"31.4162300, 121.4400870",exact,https://www.gem.wiki/Baoshan_Iron_and_Steel_Co_Ltd_Headquarters,49.0,unknown,unknown,1977,unknown,unknown,unknown,,,,,finished rolled,"structural, plate, hot rolled","automotive, building and infrastructure, tools and machinery",12859,2024-12-22 00:00:00,2024-06-12 00:00:00,no,BF; BOF; EAF; Iron other/unspecified,"Baoshan Iron & Steel Co., Ltd. Power Plant",unknown,unknown,,31.41623,121.440087,CHN,0.045087043132907664,101817,72345769161.90762,31.375,121.45833333,156,1
P100000120336,Baosteel Desheng Stainless Steel Co Ltd,宝钢德盛不锈钢有限公司,"Fujian Desheng Nickel Industry Co., Ltd.",福建德盛镍业有限公司,Baosteel Desheng Stainless Steel Co Ltd,宝钢德盛不锈钢有限公司,E100000127278,unknown,,China Baowu Steel Group Co Ltd [70.0%]; Fujian Wugang Group Co Ltd [30.0%],E100001000472 [70.0%]; E100000127616 [30.0%],5000039946 [70.0%]; unknown [30.0%],"Jingang Industrial Zone, Luoyuanwan Development Zone, Luoyuan County，Fuzhou City，Fujian Province",福建省福州市罗源县罗源湾开发区金港工业区,Fuzhou,Fujian,China,Asia Pacific,"26.4874700, 119.6544610",exact,https://www.gem.wiki/Baosteel_Desheng_Stainless_Steel_Co_Ltd,15.0,unknown,unknown,2011,unknown,unknown,unknown,,2960.0,,,finished rolled,unknown,unknown,2155,2025-07-31 00:00:00,2023-04-27 00:00:00,no,BF; BOF,27.54MW Photovoltaic Power Station,unknown,unknown,2960.0,26.48747,119.654461,CHN,0.06124682423047137,124890,53661889.35483706,26.45833333,119.70833333,156,1
P100000120289,Baosteel Group Xinjiang Bayi Iron and Steel Co Ltd,"新疆八一钢铁集团有限责任公司, 宝钢集团新疆八一钢铁有限责任公司","Baosteel Group Xinjiang Bayi Iron and Steel Co., Ltd., Xinjiang Bayi Iron and Steel Group Co., Ltd.",宝钢集团新疆八—钢铁有限公司,Baosteel Group Xinjiang Bayi Iron & Steel Co Ltd,宝钢集团新疆八—钢铁有限公司,E100001012045,5000069959,,Baosteel Group Xinjiang Bayi Iron & Steel Co Ltd [100.0%],E100001012045 [100.0%],5000069959 [100.0%],Bayi Road,新疆乌鲁木齐市头屯河区八一路,Ürümqi,Xinjiang,China,Asia Pacific,"43.8521470, 87.3046390",exact,https://www.gem.wiki/Baosteel_Group_Xinjiang_Bayi_Iron_and_Steel_Co_Ltd,30.34,unknown,unknown,1995-10-20 00:00:00,unknown,unknown,unknown,,,,,finished rolled,"cold rolled, wire rod, plate, hot rolled",unknown,3058,2023-05-23 00:00:00,2023-05-23 00:00:00,no,BF; BOF; EAF; Iron other/unspecified,Xinjiang Electric Power Company,unknown,unknown,,43.852147,87.304639,CHN,0.026278145951126614,23286,931469524.817334,43.875,87.29166667,156,1
P100000120257,Baosteel Special Steel Co Ltd,宝钢特钢有限公司,Shanghai No. 5 Iron and Steel Plant,,Baosteel Special Metals Co Ltd,宝钢特钢有限公司,E100000127209,unknown,,China Baowu Steel Group Co Ltd [100.0%],E100001000472 [100.0%],5000039946 [100.0%],No. 1269 Shuichan Road,上海市宝山区吴淞工业区水产路1269号,Wusong Industrial Zone,Shanghai,China,Asia Pacific,"31.3794220, 121.4846520",exact,https://www.gem.wiki/Baosteel_Special_Steel_Co_Ltd,65.41,unknown,unknown,1958,2022-05-25 00:00:00,unknown,2023-06-01 00:00:00,,,,,finished rolled,"plate, rod, coil, wire, profile","automotive, building and infrastructure, tools and machinery",unknown,expired,expired,no,EAF,150MW Gas-fired Power Generation Unit,unknown,unknown,,31.379422,121.484652,CHN,0.026687571537489987,101817,72345769161.90762,31.375,121.45833333,156,1
P100000120085,Baosteel Zhanjiang Iron and Steel Co Ltd,宝钢湛江钢铁有限公司,,,Baosteel Zhanjiang Iron & Steel Co Ltd,宝钢湛江钢铁有限公司,E100000121815,unknown,Partial,Baoshan Iron & Steel Co Ltd [90.0%]; Guangdong Hengjian Investment Holding Co Ltd [10.0%],E100000122571 [90.0%]; E100000000194 [10.0%],4295864974 [90.0%]; 5000609284 [10.0%],"No. 18 Dongdao Avenue, Dongjian Street, Zhanjiang Economic and Technological Development Zone, Zhanjiang City, Guangdong Province",湛江经济技术开发区东简街道办岛东大道18号,Zhanjiang,Guangdong,China,Asia Pacific,"21.0560350, 110.4865700",exact,https://www.gem.wiki/Baosteel_Zhanjiang_Iron_and_Steel_Co_Ltd,15.0,unknown,unknown,2011,unknown,unknown,unknown,,14488.0,4018.0,,finished rolled,"sheet, plate",unknown,4956,2024-01-16 00:00:00,2024-12-16 00:00:00,no,BF; BOF; DRI; EAF,Photovoltaic Power Generation,"Australia, Brazil",unknown,18506.0,21.056035,110.48657,CHN,0.031682147018118924,423,1178377706.3453572,21.04166667,110.45833333,156,1
P100000121076,Baotou Baoxin Special Steel Co Ltd,包头市宝鑫特钢有限责任公司,,,Baotou Baoxin Special Steel Co Ltd,包头市宝鑫特钢有限责任公司,E100000126820,unknown,,Baotou Baoxin Special Steel Co Ltd [100.0%],E100000126820 [100.0%],unknown [100.0%],Shibao Indsutrial Park,内蒙古自治区包头市达尔罕茂明安联合旗石宝工业园区,unknown,Inner Mongolia,China,Asia Pacific,"41.3629250, 110.9887710",exact,https://www.gem.wiki/Baotou_Baoxin_Special_Steel_Co_Ltd,17.39,unknown,unknown,2007-07-11 00:00:00,unknown,2022-06-29 00:00:00,2024-12-01 00:00:00,,,,,"semi-finished, finished rolled","billet, special",unknown,unknown,expired,unknown,no,BF; BOF,unknown,unknown,unknown,,41.362925,110.988771,CHN,0.0327453413484855,38102,883833.8895358075,41.375,110.95833333,156,1
P100000121143,Baotou Da'an Iron and Steel Co Ltd Kundulun District,包头市大安钢铁有限责任公司,,,Baotou DA AN IRON&STEEL Co Ltd,包头市大安钢铁有限责任公司,E100000126606,unknown,,Baotou DA AN IRON&STEEL Co Ltd [100.0%],E100000126606 [100.0%],unknown [100.0%],Xiha Line,内蒙古自治区包头市昆都仑区卜尔汉图镇西哈线,Burhantu,Inner Mongolia,China,Asia Pacific,"40.7151190, 109.8216530",approximate,https://www.gem.wiki/Baotou_Da'an_Iron_and_Steel_Co_Ltd_Kundulun_District,,2022-04-01 00:00:00,unknown,unknown,unknown,unknown,unknown,,,,,finished rolled,"rebar, wire",unknown,unknown,unknown,unknown,no,BF; BOF,unknown,unknown,unknown,,40.715119,109.821653,CHN,0.030744516652856668,42747,16316239267.774508,40.70833333,109.79166667,156,1
P100000120186,Baotou Daan Iron and Steel Co Ltd Hondlon District,包头市大安钢铁有限责任公司,,,Baotou DA AN IRON&STEEL Co Ltd,包头市大安钢铁有限责任公司,E100000126606,unknown,,Baotou DA AN IRON&STEEL Co Ltd [100.0%],E100000126606 [100.0%],unknown [100.0%],unknown,内蒙古自治区包头市昆都仑区卜尔汉图镇,Bu'er Hantu,Inner Mongolia,China,Asia Pacific,"40.6623430, 109.6983330",exact,https://www.gem.wiki/Baotou_Daan_Iron_and_Steel_Co_Ltd_Hondlon_District,22.81,unknown,unknown,2002,2022-04-13 00:00:00,2023,2024-10-23 00:00:00,,,,,finished rolled,"rebar, wire","building and infrastructure, tools and machinery, transport",3317,expired,expired,no,BF; BOF,unknown,unknown,unknown,,40.662343,109.698333,CHN,0.038658844384032366,43321,563557793.4713724,40.625,109.70833333,156,1
P100000121142,Baotou Deshun Special Steel Co Ltd,包头市德顺特钢有限责任公司,,,Baotou Deshun Spec. Steel Co Ltd,包头市德顺特钢有限责任公司,E100001012095,unknown,,Baotou Deshun Spec. Steel Co Ltd [100.0%],E100001012095 [100.0%],unknown [100.0%],"Guyang County, Baotou City, Inner Mongolia Autonomous Region",内蒙古自治区包头市固阳县下湿壕镇白银合套村,Baotou,Inner Mongolia,China,Asia Pacific,"40.9019000, 110.3362530",exact,https://www.gem.wiki/Baotou_Deshun_Special_Steel_Co_Ltd,18.9,unknown,unknown,2007-03-27 00:00:00,unknown,unknown,unknown,,,,,unknown,unknown,unknown,unknown,unknown,unknown,no,BF; BOF,unknown,unknown,unknown,,40.9019,110.336253,CHN,0.047169269752667733,41594,1018690.4685914837,40.875,110.375,156,1
P100000120172,Baowu Group Echeng Iron and Steel Co Ltd,武汉钢铁集团鄂城钢铁有限责任公司,"Wuhan Iron and Steel Group Echeng Iron and Steel Co., Ltd.",宝武集团鄂城钢铁有限公司,Baowu Group Echeng Iron & Steel Co Ltd,宝武集团鄂城钢铁有限公司,E100000123229,unknown,Partial,China Baowu Steel Group Co Ltd [75.0%]; Guangdong Guangwu Holding Group Co Ltd [25.0%],E100001000472 [75.0%]; E100000123746 [25.0%],5000039946 [75.0%]; unknown [25.0%],"No. 215 Wuchang Avenue, Ezhou City, Hubei Province",湖北省鄂州市武昌大道215号,Ezhou,Hubei,China,Asia Pacific,"30.3957400, 114.8613130",exact,https://www.gem.wiki/Baowu_Group_Echeng_Iron_and_Steel_Co_Ltd,68.0,unknown,unknown,1958,unknown,unknown,unknown,,,,,finished rolled,"structural, spring steel, wire rod, rod, billet",unknown,5388,2024-05-08 00:00:00,2024-05-08 00:00:00,no,BF; BOF,10.38 MW Photovoltaic power generation on rooftops and water surfaces,unknown,unknown,,30.39574,114.861313,CHN,0.024849176424986824,107730,14250230836.869875,30.375,114.875,156,1
P100000120223,Bengang Steel Plates Co Ltd,本溪钢铁厂,Benxi Iron & Steel,本钢板材股份有限公司,Bengang Steel Plates Co Ltd,本钢板材股份有限公司,E100000122467,unknown,,Bengang Steel Plates Co Ltd [100.0%],E100000122467 [100.0%],unknown [100.0%],No. 16 Renmin Road,辽宁省本溪市平山区人民路16号,unknown,Liaoning,China,Asia Pacific,"41.2741320, 123.7220990",exact,https://www.gem.wiki/Bengang_Steel_Plates_Co_Ltd,28.65,unknown,unknown,1997-06-27 00:00:00,unknown,unknown,unknown,,,,,finished rolled,plate,"automotive, building and infrastructure, energy, tools and machinery, transport",17044,2023-05-20 00:00:00,2023-05-20 00:00:00,no,BF; BOF; EAF,Self-owned Power Plant,unknown,unknown,,41.274132,123.722099,CHN,0.022292562045615447,38833,10302505895.931911,41.29166667,123.70833333,156,1
P100000120224,Benxi Beiying Iron and Steel Group Co Ltd Beitai Town,本溪北营钢铁(集团)股份有限公司,"Benxi-Beiying Iron and Steel (Group) Holdings Co., Ltd.",本溪北营钢铁(集团)有限公司,Benxi Beiying Iron & Steel (GROUP) Co Ltd,本溪北营钢铁（集团）股份有限公司,E100000123156,unknown,Partial,Ansteel Group Co Ltd [46.5%]; Bengang Group Co Ltd [27.7%]; Liaoning Huida Enterprise Management Co Ltd [8.2%]; China Minmetals Corp [7.0%]; unknown [6.4%]; Beijing Jianlong Investment Co Ltd [2.9%]; Fushun State-Owned Assets Management Co Ltd [1.3%],E100000124667 [46.5%]; E100000123998 [27.7%]; E100000124666 [8.2%]; E100000123999 [7.0%]; E100000132388 [6.4%]; E100000000155 [2.9%]; E100000125132 [1.3%],5037655487 [46.5%]; unknown [27.7%]; unknown [8.2%]; 5000069311 [7.0%]; unknown [6.4%]; unknown [2.9%]; unknown [1.3%],unknown,辽宁省本溪市平山区北台镇,Beitai,Liaoning,China,Asia Pacific,"41.2248140, 123.6083740",exact,https://www.gem.wiki/Benxi_Beiying_Iron_and_Steel_Group_Co_Ltd_Beitai_Town,23.88,unknown,unknown,2002-04-05 00:00:00,unknown,unknown,unknown,,,,,finished rolled,"coil, rebar, sheet, wire",unknown,18675,2025-02-28 00:00:00,2024-06-08 00:00:00,no,BF; BOF,unknown,unknown,unknown,,41.224814,123.608374,CHN,0.02341017641217114,39410,423489077.5911907,41.20833333,123.625,156,1
P100000120125,Cangzhou China Railway Equipment Manufacture Material Co Ltd,沧州中铁装备制造材料有限公司,,,Cangzhou China Railway Equipment Manufacturing Materials Co Ltd,沧州中铁装备制造材料有限公司,E100000126465,unknown,,China Railway Materials Group Holdings Ltd [49.0%]; Shuangyao Investment Co Ltd [25.0%]; Hebei Xinhua United Metallurgical Holding Group Co Ltd [15.6%]; Sinogiant Steel HOLDINGS Group Ltd [9.4%]; unknown [1.0%],E100000130609 [49.0%]; E100000130610 [25.0%]; E100000128544 [15.6%]; E100000128537 [9.4%]; E100000132388 [1.0%],unknown [49.0%]; unknown [25.0%]; unknown [15.6%]; unknown [9.4%]; unknown [1.0%],"Industrial Zone, Huanghua Port Development Zone, Cangzhou City, Hebei Province",河北省黄骅港开发区工业区,Huanghua,Hebei,China,Asia Pacific,"38.2892210, 117.8143670",exact,https://www.gem.wiki/Cangzhou_China_Railway_Equipment_Manufacture_Material_Co_Ltd,20.0,unknown,unknown,2006,unknown,unknown,unknown,,5775.0,988.0,,finished rolled,"coil, hot rolled","tools and machinery, transport",10100,2025-07-29 00:00:00,2024-09-10 00:00:00,no,BF; BOF,Living Area 3MW Distributed Photovoltaic Power Generation Project,unknown,unknown,6763.0,38.289221,117.814367,CHN,0.02283169472155079,58940,477468708.0493724,38.29166667,117.79166667,156,1
P100000120385,Cangzhou Lingang Sanling Metal Co Ltd,沧州临港三菱金属制品有限公司,,,Cangzhou Lingang Sanling Metal Co Ltd,沧州临港三菱金属制品有限公司,E100000126397,unknown,,Cangzhou Lingang Sanling Metal Co Ltd [100.0%],E100000126397 [100.0%],unknown [100.0%],"Lingang Economic Development District, Cangzhou City, Hebei Province",河北省沧州市临港经济技术开发区,Cangzhou,Hebei,China,Asia Pacific,"38.3117380, 117.4577790",exact,https://www.gem.wiki/Cangzhou_Lingang_Sanling_Metal_Co_Ltd,31.0,unknown,unknown,1995,unknown,unknown,unknown,,,,,finished rolled,"round bar, bar","automotive, tools and machinery",240,2024-12-19 00:00:00,no,no,EAF,unknown,unknown,unknown,,38.311738,117.457779,CHN,0.020078983283966734,58936,90759574.23978685,38.29166667,117.45833333,156,1
P100001064089,Changli Xingguo Precision Machinery Co Ltd,昌黎县兴国精密机件有限公司,,,Changli Xingguo Precision Machinery Co Ltd,,E100002021991,unknown,,Changli Xingguo Precision Machinery Co Ltd [100.0%],E100002021991 [100.0%],unknown [100.0%],unknown,河北省昌黎县循环经济产业园,Qinhuangdao,Hebei,China,Asia Pacific,"39.7049210, 118.8974170",exact,https://www.gem.wiki/Changli_Xingguo_Precision_Machinery_Co_Ltd,30.47,unknown,unknown,1995-09-01 00:00:00,unknown,unknown,unknown,,,,,"semi-finished, finished rolled","Foundry Pig Iron, Castings",unknown,840,2024-03-15 00:00:00,2025-01-23 00:00:00,no,BF,unknown,unknown,unknown,,39.704921,118.897417,CHN,0.02267522623986622,49790,853581286.6142415,39.70833333,118.875,156,1
P100000120194,Changshu Longteng Special Steel Co Ltd,常熟市龙腾特种钢有限公司,Changshu Longteng Special Steel Factory,常熟市龙腾特种钢厂,Changshu Longteng Special Steel Co Ltd,常熟市龙腾特种钢有限公司,E100000126408,unknown,,Changshu Longteng Special Steel Co Ltd [100.0%],E100000126408 [100.0%],unknown [100.0%],"No. 118 Hualian Road, Tonggang Industrial Park",江苏省常熟市梅李镇通港工业园华联路118号,Meili,Jiangsu,China,Asia Pacific,"31.7238330, 120.8356850",exact,https://www.gem.wiki/Changshu_Longteng_Special_Steel_Co_Ltd,31.75,unknown,unknown,1994-05-23 00:00:00,unknown,unknown,unknown,,,,,finished rolled,"rod, sections, hot rolled","building and infrastructure, tools and machinery, transport",3469,2024-10-21 00:00:00,2025-01-08 00:00:00,no,BF; BOF; EAF,±800 kV Baihetan-Jiangsu Ultra-High Voltage Direct Current Transmission Project,unknown,unknown,,31.723833,120.835685,CHN,0.042260016506256506,99771,9736930825.62187,31.70833333,120.875,156,1
P100000120265,Changzhi Xingbao Steel Co Ltd,潞城市兴宝钢铁有限责任公司,"Lucheng Xingbao Iron and Steel Co., Ltd.",长治市兴宝钢铁有限责任公司,Lucheng Xingbao Iron & Steel Co Ltd,长治市兴宝钢铁有限责任公司,E100000127287,unknown,,Lucheng Xingbao Iron & Steel Co Ltd [100.0%],E100000127287 [100.0%],unknown [100.0%],Zhujiachuan,山西省长治市潞城市史廻乡朱家川村,Shijing,Shanxi,China,Asia Pacific,"36.3324490, 113.1550900",exact,https://www.gem.wiki/Changzhi_Xingbao_Steel_Co_Ltd,22.85,unknown,unknown,2003-04-14 00:00:00,unknown,unknown,unknown,,,,,"semi-finished, finished rolled","billet, rebar","building and infrastructure, energy, tools and machinery",1154,2024-12-18 00:00:00,2024-12-16 00:00:00,no,BF; BOF,unknown,unknown,unknown,,36.332449,113.15509,CHN,0.05068142204229173,71945,2719454994.077153,36.29166667,113.125,156,1
P100000120201,Changzhou Eastern Special Steel Co Ltd,江苏金凯钢铁有限公司,"Jiangsu Jinkai Steel Co., Ltd.",常州东方特钢有限公司,Changzhou Dongfang Special Steel Co Ltd,常州东方特钢有限公司,E100000126487,unknown,,Changzhou Dongrun Special Steel Co Ltd [90.0%]; natural person(s) [10.0%],E100000127958 [90.0%]; E100000123261 [10.0%],unknown [90.0%]; unknown [10.0%],No. 5 Dongfang Road,江苏省常州市武进区湟里镇东方路5号,Huangli,Jiangsu,China,Asia Pacific,"31.6025540, 119.7242560",exact,https://www.gem.wiki/Changzhou_Eastern_Special_Steel_Co_Ltd,16.09,unknown,unknown,2010-01-18 00:00:00,unknown,unknown,unknown,,,,,finished rolled,"shapes, rounds, rail, bar",tools and machinery,2589,expired,no,no,EAF; BF; BOF,Changzhou Power Supply Company,unknown,unknown,,31.602554,119.724256,CHN,0.02752007151023909,100266,1518567272.309646,31.625,119.70833333,156,1
P100000120105,Chengde Iron and Steel Group Co Ltd,承德钢铁集团有限公司,,河钢股份有限公司承德分公司,Chengde Street Ltd,承德钢铁集团有限公司,E100000126296,unknown,Full,HBIS Group Co Ltd [100.0%],E100000124529 [100.0%],5000022648 [100.0%],"Luanhe Town, Shuangluan District, Chengde City, Hebei Province",河北省承德市双滦区滦河镇,Chengde,Hebei,China,Asia Pacific,"40.9477070, 117.7197470",exact,https://www.gem.wiki/Chengde_Iron_and_Steel_Group_Co_Ltd,72.0,unknown,unknown,1954,unknown,unknown,unknown,,,,,finished rolled,"wire rod, bar, sheet, plate","automotive, building and infrastructure, energy, tools and machinery, transport",12588,expired,expired,no,BF; BOF,unknown,unknown,unknown,,40.947707,117.719747,CHN,0.015594574445547687,41090,896245650.7992102,40.95833333,117.70833333,156,1
P100000120123,Chengde Jianlong Special Steel Co Ltd,承德建龙特殊钢有限公司,"Chengde Jianlong Iron and Steel Co., Ltd., Chengde Jianlong Iron and Steel Cement Co., Ltd.","承德建龙钢铁有限公司, 承德建龙钢铁水泥有限责任公司",Chengde Jianlong SPECIAL Steel Co Ltd,承德建龙特殊钢有限公司,E100000126323,unknown,,Beijing Jianlong Investment Co Ltd [90.2%]; unknown [9.8%],E100000000155 [90.2%]; E100000132388 [9.8%],unknown [90.2%]; unknown [9.8%],"Pinganbao Town, Xinglong County, Chengde City, Hebei Province",河北省承德市兴隆县平安堡镇／鹰手营子矿区北马圈子镇,Chengde,Hebei,China,Asia Pacific,"40.5150350, 117.5960710",exact,https://www.gem.wiki/Chengde_Jianlong_Special_Steel_Co_Ltd,25.0,unknown,unknown,2001,unknown,unknown,unknown,,1232.0,,573.0,finished rolled,pipe,"automotive, energy, tools and machinery, transport",3834,2022-07-19 00:00:00,2023-08-21 00:00:00,no,BF; BOF,unknown,unknown,unknown,1805.0,40.515035,117.596071,CHN,0.03932089632738829,43988,277866579.7444777,40.54166667,117.625,156,1
P100000120154,Chengde Shengfeng Iron and Steel Co Ltd,承德盛丰钢铁有限公司,,,Chengde Shengfeng Iron & Steel Co Ltd,承德盛丰钢铁有限公司,E100000126686,unknown,,Chengde Shengfeng Iron & Steel Co Ltd [100.0%],E100000126686 [100.0%],unknown [100.0%],"Damagou Village, Kuancheng Town, Kuancheng Manchu Autonomous County, Chengde City, Hebei Province",河北省承德市宽城满族自治县板城镇岔沟村2号,Chengde,Hebei,China,Asia Pacific,"40.6224660, 118.4908450",exact,https://www.gem.wiki/Chengde_Shengfeng_Iron_and_Steel_Co_Ltd,17.0,unknown,unknown,2003,unknown,unknown,2020,,,,,"semi-finished, finished rolled","billet, strip",unknown,50,expired,expired,no,BF; BOF,unknown,unknown,unknown,,40.622466,118.490845,CHN,0.032610272034871164,43426,714450516.0938448,40.625,118.45833333,156,1
P100000120153,Chengde Zhaofeng Steel Group Co Ltd,承德兆丰钢铁集团有限公司,,,Chengde Zhaofeng Steel Group Co Ltd,承德兆丰钢铁集团有限公司,E100000126962,unknown,,Chengde Zhaofeng Steel Group Co Ltd [100.0%],E100000126962 [100.0%],unknown [100.0%],"Provincial Highway 358, Kuancheng Manchu Autonomous County, Chengde City, Hebei Province",河北省承德市宽城满族自治县板城镇岔沟村2号,Chengde,Hebei,China,Asia Pacific,"40.5938750, 118.6333340",exact,https://www.gem.wiki/Chengde_Zhaofeng_Steel_Group_Co_Ltd,19.0,unknown,unknown,2001,unknown,unknown,2020,,,,10000.0,"crude, semi-finished, finished rolled","billet, strip",unknown,171,unknown,unknown,no,BF; BOF,unknown,unknown,unknown,10000.0,40.593875,118.633334,CHN,0.032221439772304815,43428,25938154.368309747,40.625,118.625,156,1
P100000120329,Chengdu Changfeng Iron and Steel Group Co Ltd,成都市长峰钢铁集团有限公司,Chengdu Qingcheng Iron and Steel Plant,成都青城钢铁厂,Chengdu Changfeng Steel Group Co Ltd,成都市长峰钢铁集团有限公司,E100000126710,unknown,,Chengdu Changfeng Steel Group Co Ltd [100.0%],E100000126710 [100.0%],unknown [100.0%],"No. 214, Xiangyang Street",四川省成都市都江堰经济开发区上阳街214号,unknown,Sichuan,China,Asia Pacific,"31.0319210, 103.6729560",exact,https://www.gem.wiki/Chengdu_Changfeng_Iron_and_Steel_Group_Co_Ltd,56.0,unknown,unknown,1970,unknown,unknown,unknown,,,,,finished rolled,rebar,building and infrastructure,1020,2025-07-24 00:00:00,2025-08-19 00:00:00,no,EAF,State Grid Tianfu Power Supply Company,unknown,unknown,,31.031921,103.672956,CHN,0.0366951435707509,103639,846260426.3465284,31.04166667,103.70833333,156,1
P100000120279,Chengyu Vanadium and Titanium Technology Co Ltd,威远钢铁有限公司,"Weiyuan Iron and Steel Co., Ltd.",成渝钒钛科技有限公司,Chengyu Vanadium & Titanium Technology Co Ltd,成渝钒钛科技有限公司,E100000127197,unknown,,Grand Royal Co Ltd [45.2%]; Sichuan Jintong Investment Co Ltd [14.0%]; unknown [11.7%]; Sichuan Chuanwei Group Co Ltd Labor Union [9.5%]; Sichuan Chuanwei Group Co Ltd [8.6%]; Sichuan Yiweili Investment Co Ltd [6.0%]; Weiyuan Tianyue Enterprise Management Co Ltd [5.0%],E100000130585 [45.2%]; E100000128912 [14.0%]; E100000132388 [11.7%]; E100000130256 [9.5%]; E100000127991 [8.6%]; E100000128913 [6.0%]; E100000127992 [5.0%],unknown [45.2%]; unknown [14.0%]; unknown [11.7%]; unknown [9.5%]; unknown [8.6%]; unknown [6.0%]; unknown [5.0%],Jiefang Street,四川省内江市威远县连界镇解放街,Lianjie,Sichuan,China,Asia Pacific,"29.7321430, 104.5043390",exact,https://www.gem.wiki/Chengyu_Vanadium_and_Titanium_Technology_Co_Ltd,19.46,unknown,unknown,2006-09-04 00:00:00,unknown,unknown,unknown,,,1100.0,,finished rolled,"wire rod, bar",tools and machinery,5350,2024-08-30 00:00:00,unknown,no,BF; BOF; EAF,unknown,unknown,unknown,1100.0,29.732143,104.504339,CHN,0.04427477084229371,111375,69319122.10205877,29.70833333,104.54166667,156,1
P100000120183,Chifeng Yuanlian Steel Co Ltd,赤峰远联钢铁有限责任公司,,,Chifeng Yuanlian Steel Co Ltd,赤峰远联钢铁有限责任公司,E100000123157,unknown,,Tangshan Jiaqi International Trade Co Ltd [90.0%]; Chifeng Yuanjian Iron and Steel Industry Co Ltd [10.0%],E100000124246 [90.0%]; E100001000468 [10.0%],unknown [90.0%]; unknown [10.0%],Ermao East Road,内蒙古自治区赤峰市红山区二毛东路,unknown,Inner Mongolia,China,Asia Pacific,"42.2781150, 119.0152890",exact,https://www.gem.wiki/Chifeng_Yuanlian_Steel_Co_Ltd,23.53,unknown,unknown,2002-08-09 00:00:00,unknown,unknown,unknown,,,,,"semi-finished, finished rolled","plate, strip, bar, billet, wire",building and infrastructure,4407,2024-07-18 00:00:00,2022-12-29 00:00:00,no,BF; BOF,unknown,unknown,unknown,,42.278115,119.015289,CHN,0.029655172136035066,31966,1995635766.3421109,42.29166667,119.04166667,156,1
P100000120327,Chifeng Zhongtang Special Steel Co Ltd,赤峰中唐特钢有限公司,,,Chifeng Zhongtang Special Steel Co Ltd,赤峰中唐特钢有限公司,E100000126095,unknown,,Tangshan Jinma Iron & Steel Group Co Ltd [83.7%]; Hainan Mingbo Investment Co Ltd [16.0%]; unknown [0.3%],E100000126512 [83.7%]; E100000128365 [16.0%]; E100000132388 [0.3%],unknown [83.7%]; unknown [16.0%]; unknown [0.3%],Xizi Town Industrial Park,内蒙古自治区赤峰市宁城县汐子镇工业园区,unknown,Inner Mongolia,China,Asia Pacific,"41.8340640, 119.2818830",exact,https://www.gem.wiki/Chifeng_Zhongtang_Special_Steel_Co_Ltd,4.0,unknown,2020-06-01 00:00:00,2022,unknown,unknown,unknown,,,,,unknown,unknown,unknown,unknown,2024-01-03 00:00:00,2024-01-03 00:00:00,no,BF; BOF,unknown,unknown,unknown,,41.834064,119.281883,CHN,0.042088909402230396,34703,14520160.651008502,41.875,119.29166667,156,1
P100000121041,Chizhou Guichi Guihang Metal Products Co Ltd,池州市贵池区贵航金属制品有限公司,,,Chizhou Guichi Guihang Metal Products Co Ltd,池州市贵池区贵航金属制品有限公司,E100000127077,unknown,,Chizhou Guichi Guihang Metal Products Co Ltd [100.0%],E100000127077 [100.0%],unknown [100.0%],"Guichi Qianjiang Industrial Park, Chizhou City, Anhui Province",安徽省池州市贵池前江工业园,Chizhou,Anhui,China,Asia Pacific,"30.5327860, 117.2516600",exact,https://www.gem.wiki/Chizhou_Guichi_Guihang_Metal_Products_Co_Ltd,26.0,unknown,unknown,2000,unknown,unknown,unknown,,,,,finished rolled,special,building and infrastructure,247,2023-04-06 00:00:00,2025-04-18 00:00:00,no,EAF,State Grid Chizhou City Guichi District Power Supply Company,unknown,unknown,,30.532786,117.25166,CHN,0.04098048247809612,106795,189683194.67400867,30.54166667,117.29166667,156,1
P100000120286,Chongli Steel Manufacturing Co Ltd,崇利制钢有限公司,,,Chongli Steel Manufacturing Co Ltd,崇利制钢有限公司,E100000126996,unknown,,British Asia Pan Ruogen International Co Ltd [59.2%]; unknown [40.8%],E100000130417 [59.2%]; E100000132388 [40.8%],unknown [59.2%]; unknown [40.8%],"Jingdian Town, She County, Handan City, Hebei Province",河北省邯郸市涉县井店镇,Handan,Hebei,China,Asia Pacific,"36.6024680, 113.7557440",exact,https://www.gem.wiki/Chongli_Steel_Manufacturing_Co_Ltd,14.0,unknown,unknown,2003,unknown,unknown,2017,,800.0,,,"semi-finished, finished rolled","billet, rounds, rebar",unknown,2711,yes,yes,no,BF; BOF,unknown,unknown,unknown,800.0,36.602468,113.755744,CHN,0.04240435406804543,69800,475205331.7791578,36.625,113.79166667,156,1
P100000120074,Chongqing Iron and Steel Co Ltd,重庆钢铁股份有限公司,,,Chongqing Iron & Steel Co Ltd,重庆钢铁股份有限公司,E100000126559,unknown,,Chongqing Iron & Steel Co Ltd [100.0%],E100000126559 [100.0%],unknown [100.0%],"No. 1 Gangcheng Avenue, Jiangnan Town, Changshou District, Chongqing",重庆市长寿区江南镇钢城大道1号,Changshou,Chongqing,China,Asia Pacific,"29.7902530, 107.0403680",exact,https://www.gem.wiki/Chongqing_Iron_and_Steel_Co_Ltd,29.0,unknown,unknown,1997,unknown,unknown,unknown,,,,,"semi-finished, finished rolled","sheet, plate, bar, billet, wire","automotive, building and infrastructure, energy, tools and machinery, transport",5341,2024-01-11 00:00:00,2024-01-11 00:00:00,no,BF; BOF,6 MW Photovoltaic Power Generation,unknown,unknown,,29.790253,107.040368,CHN,0.0019196371109657295,110935,3087923383.6047015,29.79166667,107.04166667,156,1
P100001064274,Chongqing Pengcheng Steel Co Ltd,重庆市鹏程钢铁有限公司,,,Chongqing Pengcheng Steel Co Ltd,,E100002021055,5000501877,,Chongqing Pengcheng Steel Co Ltd [100.0%],E100002021055 [100.0%],5000501877 [100.0%],unknown,江津双福工业园区,unknown,Chongqing,China,Asia Pacific,"29.2596990, 106.2140310",approximate,https://www.gem.wiki/Chongqing_Pengcheng_Steel_Co_Ltd,27.67,unknown,unknown,1998-06-21 00:00:00,unknown,unknown,unknown,,,,,semi-finished,rebar,unknown,285,unknown,unknown,no,EAF,unknown,unknown,unknown,,29.259699,106.214031,CHN,0.03247145467418814,113700,3649329774.430953,29.29166667,106.20833333,156,1
P100000120409,Chongqing Yonghang Steel Group Co Ltd,重庆永航钢铁集团有限公司,,重庆永航金属制品有限公司,Chongqing Yonghang Steel Group Co Ltd,重庆永航钢铁集团有限公司,E100000127146,unknown,,Chongqing Yonghang Steel Group Co Ltd [100.0%],E100000127146 [100.0%],unknown [100.0%],"No. 11, Hequan Road, Yanjia, Changshou District, Chongqing",重庆市长寿区晏家工业园 长寿区晏家河泉路11号,Yanjia,Chongqing,China,Asia Pacific,"29.8361630, 106.9881380",exact,https://www.gem.wiki/Chongqing_Yonghang_Steel_Group_Co_Ltd,23.0,unknown,unknown,2003,unknown,unknown,unknown,,,,,finished rolled,rebar,building and infrastructure,241,2024-05-13 00:00:00,no,no,EAF,State Grid Chongqing Electric Power Company,unknown,unknown,,29.836163,106.988138,CHN,0.04895539727965883,110461,476620864.0503676,29.875,106.95833333,156,1
P100001064279,Chongqing Yuxi Iron & Steel (Group) Co Ltd,重庆市渝西钢铁（集团）有限公司,,,Chongqing Yuxi Iron & Steel (Group) Co Ltd,,E100002021059,unknown,,Chongqing Yuxi Iron & Steel (Group) Co Ltd [100.0%],E100002021059 [100.0%],unknown [100.0%],unknown,,unknown,Chongqing,China,Asia Pacific,"29.488759, 105.862658",exact,https://www.gem.wiki/Chongqing_Yuxi_Iron_&_Steel_(Group)_Co_Ltd,25.97,unknown,unknown,2000-03-01 00:00:00,unknown,unknown,unknown,,,,,semi-finished,"Rebar, billet",unknown,1000,no,no,no,BF; EAF,unknown,unknown,unknown,,29.488759,105.862658,CHN,0.03283361629411522,112780,157576554.0679347,29.45833333,105.875,156,1
P100000120317,Chongqing Zuhang Iron and Steel Co Ltd,重庆足航钢铁有限公司,"Chongqing Zuhang Metal Products Co., Ltd.","重庆足航金属制品有限公司, 重庆足航钒钛钢铁集团有限公司",Chongqing Zuhang Steel Co Ltd,重庆足航钢铁有限公司,E100000126259,unknown,,Chongqing Zuhang Steel Co Ltd [100.0%],E100000126259 [100.0%],unknown [100.0%],"No. 6, Jianchang Road, Youting Town, Shuangqiao Economic Development Zone, Chongqing",重庆市大足区邮亭工业园 双桥经开区邮亭镇建昌路6号,Shuangqiao,Chongqing,China,Asia Pacific,"29.4400560, 105.7419290",exact,https://www.gem.wiki/Chongqing_Zuhang_Iron_and_Steel_Co_Ltd,18.0,unknown,unknown,2008,unknown,unknown,unknown,,,,,finished rolled,unknown,"automotive, tools and machinery",463,expired,no,no,EAF,State Grid Dazu Power Supply Company,unknown,unknown,,29.440056,105.741929,CHN,0.038245651186475986,112778,419108487.0652244,29.45833333,105.70833333,156,1
P100000120202,Danyang Longjiang Steel Co Ltd,丹阳龙江钢铁有限公司,,,Danyang Longjiang Steel Co Ltd,丹阳龙江钢铁有限公司,E100000127247,unknown,,Hong Kong Qianlong Co Ltd [67.2%]; natural person(s) [32.8%],E100000130432 [67.2%]; E100000123261 [32.8%],unknown [67.2%]; unknown [32.8%],No. 111 Xingang Road,江苏省丹阳市开发区新港路111号,unknown,Jiangsu,China,Asia Pacific,"32.0277910, 119.5770600",exact,https://www.gem.wiki/Danyang_Longjiang_Steel_Co_Ltd,22.59,unknown,unknown,2003-07-18 00:00:00,unknown,unknown,unknown,,2300.0,,,"semi-finished, finished rolled","pipe, billet, profile, bar","building and infrastructure, tools and machinery, transport",671,2024-06-07 00:00:00,2024-12-05 00:00:00,no,BF; BOF,unknown,unknown,unknown,2300.0,32.027791,119.57706,CHN,0.03801607589478546,97706,5805245295.940704,32.04166667,119.54166667,156,1
P100000120376,Daye Huaxin Industrial Co Ltd,大冶华鑫实业有限公司,,,Daye Huaxin Industrial Co Ltd,大冶华鑫实业有限公司,E100000126198,unknown,,natural person(s) [56.3%]; Hubei Xinxin Steel Group Co Ltd [21.1%]; Jin Jun'an Investment Group Co Ltd [18.9%]; unknown [3.7%],E100000123261 [56.3%]; E100000127570 [21.1%]; E100000127571 [18.9%]; E100000132388 [3.7%],unknown [56.3%]; unknown [21.1%]; unknown [18.9%]; unknown [3.7%],"Majiao Village, Jinhu Street, Daye City, Huangshi City, Hubei Province",湖北省大冶市金湖街马叫村,Huangshi,Hubei,China,Asia Pacific,"30.0702190, 114.9262510",exact,https://www.gem.wiki/Daye_Huaxin_Industrial_Co_Ltd,23.0,unknown,unknown,2003,unknown,unknown,unknown,,1320.0,,1000.0,finished rolled,bar,building and infrastructure,2407,2023-06-15 00:00:00,2025-04-24 00:00:00,no,BF; BOF,unknown,unknown,unknown,2320.0,30.070219,114.926251,CHN,0.04294777580571966,109615,1002488417.5250294,30.04166667,114.95833333,156,1
P100000120173,Daye Special Steel Co Ltd,大冶特殊钢有限公司,"Hubei Daye Special Steel Co., Ltd.","湖北新冶钢特种钢管有限公司, 湖北新冶钢有限公司",Daye SPECIAL Steel Co Ltd,大冶特殊钢有限公司,E100000126188,unknown,,Citic Pacific Special Steel Group Co Ltd [100.0%],E100000128047 [100.0%],unknown [100.0%],"No. 316 Huangshi Avenue, Xisai District, Huangshi City, Hubei Province",湖北省黄石市西塞山区黄石大道316号,Huangshi,Hubei,China,Asia Pacific,"30.2046030, 115.1258380",exact,https://www.gem.wiki/Daye_Special_Steel_Co_Ltd,19.0,unknown,unknown,2007,unknown,unknown,unknown,,,,,finished rolled,bearings,unknown,5146,2024-05-10 00:00:00,2024-05-10 00:00:00,no,BF; BOF; EAF,25 MW Distributed Photovoltaic Power Generation,unknown,unknown,,30.204603,115.125838,CHN,0.0038232977792608796,108672,5065987125.999837,30.20833333,115.125,156,1
P100000121072,Daye Xinye Special Steel Co Ltd,湖北新鑫钢铁集团有限公司,Hubei Xinxin Iron and Steel Group Co Ltd,大冶市新冶特钢有限责任公司,natural person(s); Hubei Xinxin Steel Group Co Ltd,湖北新鑫钢铁集团有限公司; persons,E100000123261; E100000127570,unknown; unknown,,Hubei Xinxin Steel Group Co Ltd [100.0%]; natural person(s) [100.0%],E100000127570 [100.0%]; E100000123261 [100.0%],unknown [100.0%]; unknown [100.0%],"Majiao Village, Jinhu Street, Daye City, Huangshi City, Hubei Province",湖北省大冶市金湖街马叫村,Huangshi,Hubei,China,Asia Pacific,"30.0674690, 114.9340910",exact,https://www.gem.wiki/Daye_Xinye_Special_Steel_Co_Ltd,26.0,unknown,unknown,2000,unknown,unknown,unknown,,,,,finished rolled,pipe,unknown,1648,2023-08-07 00:00:00,unknown,no,BF; BOF,unknown,unknown,unknown,,30.067469,114.934091,CHN,0.03540410706765554,109615,1002488417.5250294,30.04166667,114.95833333,156,1
P100000120121,Delong Steel Co Ltd,德龙钢铁有限公司,,,DELONG Steel Ltd,德龙钢铁有限公司,E100000126785,unknown,,British Asia Pan Ruogen International Co Ltd [100.0%],E100000130417 [100.0%],unknown [100.0%],"Zhongyinguo Village, Nanshimen Town, Xingtai County, Xingtai City, Hebei Province",河北省邢台市邢台县南石门镇中尹郭村,Xingtai,Hebei,China,Asia Pacific,"37.0861160, 114.3848320",exact,https://www.gem.wiki/Delong_Steel_Co_Ltd,26.0,unknown,unknown,2000,unknown,unknown,unknown,,2216.0,,,finished rolled,"structural, coil, plate","building and infrastructure, energy, tools and machinery",3700,2024-09-12 00:00:00,2023-09-28 00:00:00,no,BF; BOF,unknown,unknown,unknown,2216.0,37.086116,114.384832,CHN,0.04010777580470268,66445,676290293.567939,37.125,114.375,156,1
P100000120227,Dongbei Special Steel Group Dalian Special Steel Co Ltd,东北特钢集团大连特殊钢有限责任公司,Dalian Steel Mill (predecessor),"大连钢铁厂 (前身), 东北特殊钢集团股份有限公司",Dongbei Special Steel Group Dalian Special Steel Co Ltd,东北特钢集团大连特殊钢有限责任公司,E100000126532,unknown,,Ningbo Meishan Free Trade Port Jincheng Shazhou Equity Investment Co Ltd [42.8%]; Wuhu Yinsheng Special Steel Investment Management Partnership LP [31.4%]; unknown [15.9%]; Bengang Steel Plates Co Ltd [9.9%],E100000124038 [42.8%]; E100000128285 [31.4%]; E100000132388 [15.9%]; E100000122467 [9.9%],unknown [42.8%]; unknown [31.4%]; unknown [15.9%]; unknown [9.9%],No. 18 Hebin South Road,辽宁省大连市金州新区大连登沙河临港工业区河滨南路18号,Lingang Industrial Zone,Liaoning,China,Asia Pacific,"39.1936970, 122.0577880",exact,https://www.gem.wiki/Dongbei_Special_Steel_Group_Dalian_Special_Steel_Co_Ltd,57.0,unknown,unknown,1969,unknown,unknown,unknown,,,,,finished rolled,"wire, bar","automotive, building and infrastructure, tools and machinery",4543,2023-07-21 00:00:00,2025-07-06 00:00:00,no,BF; BOF; EAF,rooftop photovoltaic power generation,unknown,unknown,,39.193697,122.057788,CHN,0.021774283842138,53160,278283618.2820494,39.20833333,122.04166667,156,1
P100001063403,Dongyuan Dongnan Industrial Co Ltd,东源县东南实业有限公司,,,Dongyuan Dongnan Industrial Co Ltd,,E100002020601,unknown,,Dongyuan Dongnan Industrial Co Ltd [100.0%],E100002020601 [100.0%],unknown [100.0%],unknown,东源县骆湖镇骆湖村骆湖坪,Heyuan,Guangdong,China,Asia Pacific,"24.038397, 114.873435",exact,https://www.gem.wiki/Dongyuan_Dongnan_Industrial_Co_Ltd,16.89,unknown,unknown,2009-04-01 00:00:00,unknown,unknown,unknown,,,,,unknown,unknown,unknown,unknown,no,no,no,EAF,unknown,unknown,unknown,,24.038397,114.873435,CHN,0.003624909227678528,132129,24627219.044078365,24.04166667,114.875,156,1
P100000120177,Ezhou Hongtai Steel Co Ltd,鄂州鸿泰钢铁有限公司,,,Ezhou Hongtai Steel Co Ltd,鄂州鸿泰钢铁有限公司,E100000126669,unknown,,Hubei Jinshenglan Metallurgical Technology Co Ltd [62.6%]; Yuncheng Investment (Fujian) Co Ltd [9.1%]; Fujian Yongxinqi Investment Co Ltd [6.8%]; Fujian Taisong Investment Co Ltd [4.9%]; Fujian Jinkun Investment Co Ltd [4.2%]; Fuzhou Deyu Investment Co Ltd [3.6%]; Fujian Qikun Investment Co Ltd [2.5%]; Fujian Hongyao Investment Co Ltd [2.4%]; Fujian Shunle Investment Co Ltd [1.9%]; unknown [1.9%],E100000123176 [62.6%]; E100000124849 [9.1%]; E100000124850 [6.8%]; E100000124851 [4.9%]; E100000124852 [4.2%]; E100000124853 [3.6%]; E100000124854 [2.5%]; E100000124855 [2.4%]; E100000124856 [1.9%]; E100000132388 [1.9%],unknown [62.6%]; unknown [9.1%]; unknown [6.8%]; unknown [4.9%]; unknown [4.2%]; unknown [3.6%]; unknown [2.5%]; unknown [2.4%]; unknown [1.9%]; unknown [1.9%],"Chufan Road, Huarong Town, Ezhou City, Hubei Province",湖北省鄂州市华容区楚藩大道,Ezhou,Hubei,China,Asia Pacific,"30.5323520, 114.7475970",exact,https://www.gem.wiki/Ezhou_Hongtai_Steel_Co_Ltd,22.75,unknown,unknown,2003,2024-08-01 00:00:00,unknown,2025-10-01 00:00:00,,,,,"semi-finished, finished rolled","billet, rebar",unknown,unknown,2021-10-13 00:00:00,2023-12-21 00:00:00,no,EAF,Ezhou Power Supply Company,unknown,unknown,,30.532352,114.747597,CHN,0.04035342437857772,106764,1723280956.9704273,30.54166667,114.70833333,156,1
P100000120371,Fangchenggang Jinxi Steel Technology Co Ltd,防城港津西型钢科技有限公司,,,Fangchenggang Jinxi Steel Technology Co Ltd,防城港津西型钢科技有限公司,E100000126944,unknown,,Qian'an City Jiujiang Wire Co Ltd [100.0%],E100000123190 [100.0%],unknown [100.0%],"Gangkou District, Fangchenggang City, Guangxi Zhuang Autonomous Region",广西壮族自治区防城港市港口区,Fangchenggang,Guangxi,China,Asia Pacific,"21.6465250, 108.3695820",approximate,https://www.gem.wiki/Fangchenggang_Jinxi_Steel_Technology_Co_Ltd,,2020-01-01 00:00:00,unknown,unknown,unknown,unknown,unknown,,,,,unknown,unknown,unknown,unknown,unknown,unknown,no,BF; BOF,unknown,unknown,unknown,,21.646525,108.369582,CHN,0.062045341335097245,136650,954514098.9683073,21.70833333,108.375,156,1
P100000120211,Fangda Special Steel Technology Co Ltd,南昌钢铁有限责任公司,"Nanchang Iron & Steel Co., Ltd. (predecessor) (http://www.fdtegang.com/content/culture)",方大特钢科技股份有限公司,Fangda Special Steel Technology Co Ltd,方大特钢科技股份有限公司,E100000126116,unknown,,Fangda Special Steel Technology Co Ltd [100.0%],E100000126116 [100.0%],unknown [100.0%],No.475 Yejin Avenue,江西省南昌市青山湖区冶金大道475号,Nanchang,Jiangxi,China,Asia Pacific,"28.6454410, 115.9920400",exact,https://www.gem.wiki/Fangda_Special_Steel_Technology_Co_Ltd,67.55,unknown,unknown,1958-08-01 00:00:00,unknown,unknown,unknown,,3843.0,,,finished rolled,"hot rolled, rounds, rebar, flat","automotive, building and infrastructure, energy, tools and machinery",5474,2023-11-18 00:00:00,2022-12-12 00:00:00,no,BF; BOF,unknown,unknown,unknown,3843.0,28.645441,115.99204,CHN,0.039420477971341565,117190,30850521591.191532,28.625,115.95833333,156,1
P100001063598,Fengshun Changsheng Special Steel Casting Co Ltd Qingyuan Branch,丰顺昌盛精钢铸造有限公司清远分公司,,,Fengshun Changsheng Precision Steel Casting Co Ltd,,E100002020690,unknown,,Fengshun Changsheng Precision Steel Casting Co Ltd [100.0%],E100002020690 [100.0%],unknown [100.0%],unknown,清远市清城区石角镇界牌新村北江工业园,Qingyuan,Guangdong,China,Asia Pacific,"23.507015, 112.953822",approximate,https://www.gem.wiki/Fengshun_Changsheng_Special_Steel_Casting_Co_Ltd_Qingyuan_Branch,17.0,unknown,unknown,2009,unknown,unknown,unknown,,,,,finished rolled,rebar,unknown,150,no,no,no,EAF,unknown,unknown,unknown,,23.507015,112.953822,CHN,0.03494410296685208,133462,1746497357.0257854,23.54166667,112.95833333,156,1
P100001063602,Fengshun County Agricultural Machinery Continuous Casting Co,丰顺县农械连铸厂,,,Fengshun County Agricultural Machinery Continuous Casting Co,,E100002020693,unknown,,Fengshun County Agricultural Machinery Continuous Casting Co [100.0%],E100002020693 [100.0%],unknown [100.0%],unknown,广东省丰顺县汤西镇工业区,Meizhou,Guangdong,China,Asia Pacific,"23.7483180, 116.1398500",exact,https://www.gem.wiki/Fengshun_County_Agricultural_Machinery_Continuous_Casting_Co,22.85,unknown,unknown,2003-04-15 00:00:00,unknown,unknown,unknown,,,,,semi-finished,steel billet,unknown,56,expired,2024-02-22 00:00:00,no,EAF,State Grid,unknown,unknown,,23.748318,116.13985,CHN,0.04265321013720981,133059,453215982.2079722,23.70833333,116.125,156,1
P100001063619,Fengshun County Dongfang Metal Continuous Casting Co Ltd,丰顺县东方金属连铸有限公司,FEOSO Metal Lianzhu Limited Company,,Fengshun County Dongfang Metal Casting Co Ltd,,E100002020697,unknown,,Fengshun County Dongfang Metal Casting Co Ltd [100.0%],E100002020697 [100.0%],unknown [100.0%],unknown,丰顺县汤西镇汤西工业园,Meizhou,Guangdong,China,Asia Pacific,"23.749104, 116.138262",exact,https://www.gem.wiki/Fengshun_County_Dongfang_Metal_Continuous_Casting_Co_Ltd,22.6,unknown,unknown,2003-07-16 00:00:00,unknown,unknown,unknown,,,,,unknown,unknown,unknown,150,no,2024-02-29 00:00:00,no,EAF,State grid,unknown,unknown,,23.749104,116.138262,CHN,0.04287339706914858,133059,453215982.2079722,23.70833333,116.125,156,1
P100001063490,Fengshun County Hongbao Industrial Co Ltd,丰顺县鸿宝实业有限公司,,,Fengshun County Hongbao Industrial Co Ltd,,E100002020639,unknown,,Fengshun County Hongbao Industrial Co Ltd [100.0%],E100002020639 [100.0%],unknown [100.0%],unknown,丰顺县汤坑镇洋田村友谊路下坡,Meizhou,Guangdong,China,Asia Pacific,"23.720136, 115.949449",exact,https://www.gem.wiki/Fengshun_County_Hongbao_Industrial_Co_Ltd,32.93,unknown,unknown,1993-03-15 00:00:00,unknown,unknown,unknown,,,,,semi-finished,Steel ingots,unknown,70,unknown,unknown,no,EAF,unknown,unknown,unknown,,23.720136,115.949449,CHN,0.01477275663773863,133057,1404595.2279711333,23.70833333,115.95833333,156,1
P100001063483,Fengshun Yongshun Continuous Casting Plant,丰顺永顺连铸厂,,,Fengshun Yongshun Continuous Casting Plant,,E100002020634,unknown,,Fengshun Yongshun Continuous Casting Plant [100.0%],E100002020634 [100.0%],unknown [100.0%],unknown,广东丰顺县汤西镇工业园,Meizhou,Guangdong,China,Asia Pacific,"23.7471730, 116.1262410",exact,https://www.gem.wiki/Fengshun_Yongshun_Continuous_Casting_Plant,19.27,unknown,unknown,2006-11-13 00:00:00,unknown,unknown,unknown,,,,,"semi-finished, finished rolled","steel billets, steel plates, steel pipes, steel bars, castings",unknown,unknown,expired,2025-03-13 00:00:00,no,EAF,unknown,unknown,unknown,,23.747173,116.126241,CHN,0.03885949107629953,133059,453215982.2079722,23.70833333,116.125,156,1
P100001062842,"Fogang Dawei Special Steel Co., Ltd.",佛冈达味特钢有限公司,,,Fogang Dawei Special Steel Co Ltd,,E100002020454,unknown,,Fogang Dawei Special Steel Co Ltd [100.0%],E100002020454 [100.0%],unknown [100.0%],unknown,广东省清远市佛冈县石角镇莲溪村委飞鹅塘村58号,Qingyuan,Guangdong,China,Asia Pacific,"23.8939720, 113.5008290",exact,"https://www.gem.wiki/Fogang_Dawei_Special_Steel_Co.,_Ltd.",14.29,unknown,unknown,2011-11-04 00:00:00,unknown,unknown,unknown,,,,,unknown,steel bars,building and infrastructure,273,2024-02-27 00:00:00,2024-08-08 00:00:00,no,EAF,unknown,unknown,unknown,,23.893972,113.500829,CHN,0.045029457858485444,132577,794462578.72561,23.875,113.54166667,156,1
P100000120345,Fujian Dadonghai Industrial Group Co Ltd plant,福建大东海实业有限公司,"Fujian Dadonghai Industrial Co., Ltd.","福建鑫海冶金有限公司, 福建大东海实业集团有限公司",Fujian Great Dong Hai Industrial Group Co Ltd,福建大东海实业集团有限公司,E100000123166,unknown,,Fujian Great Dong Hai Industrial Group Co Ltd [100.0%],E100000123166 [100.0%],unknown [100.0%],"No. 14 Junmin Road, Dazhi Village, Songxia Town, Changle District, Fuzhou City, Fujian Province",福建省福州市长乐区松下镇大祉村军民路14号,Fuzhou,Fujian,China,Asia Pacific,"25.7377770, 119.5922390",exact,https://www.gem.wiki/Fujian_Dadonghai_Industrial_Group_Co_Ltd_plant,8.0,unknown,unknown,2018,unknown,unknown,unknown,,,,,finished rolled,rebar,unknown,6658,2023-09-27 00:00:00,2024-07-19 00:00:00,no,BF; BOF,Self-owned power plant,unknown,unknown,,25.737777,119.592239,CHN,0.05851914442897143,127158,548350467.9412751,25.70833333,119.54166667,156,1
P100000120314,Fujian Dingsheng Iron and Steel Co Ltd,福建鼎盛钢铁有限公司,,,Fujian Dingsheng Steel Co Ltd,福建鼎盛钢铁有限公司,E100000126260,unknown,,Fujian Dingsheng Steel Co Ltd [100.0%],E100000126260 [100.0%],unknown [100.0%],"Metallurgical Industrial Zone, Fuding , Ningde City, Fujian Province",福建省宁德市福鼎市冶金工业区,Ningde,Fujian,China,Asia Pacific,"27.2244770, 120.3288280",exact,https://www.gem.wiki/Fujian_Dingsheng_Iron_and_Steel_Co_Ltd,8.0,unknown,unknown,2018,unknown,unknown,unknown,,,,,finished rolled,"coil, plate","automotive, tools and machinery",1077,2023-05-26 00:00:00,2023-05-26 00:00:00,no,EAF; BF; BOF,Waste Heat Power Generation,unknown,unknown,,27.224477,120.328828,CHN,0.04051644762856338,122596,65973740.548705816,27.20833333,120.29166667,156,1
P100000121065,Fujian Dingxin Industrial Co Ltd,福建鼎信实业有限公司,,,Fujian Dingxin Industry Co Ltd,福建鼎信实业有限公司,E100000126523,unknown,,Shanghai Decent Investment (Group) Co Ltd [36.4%]; unknown [20.4%]; TSINGSHAN Holding Group Co Ltd [19.8%]; Zhejiang Qingshan Business Management Co Ltd [15.6%]; DELIXI Group Limited Co [7.8%],E100000128090 [36.4%]; E100000132388 [20.4%]; E100000128088 [19.8%]; E100000128539 [15.6%]; E100000128291 [7.8%],5000703672 [36.4%]; unknown [20.4%]; unknown [19.8%]; unknown [15.6%]; unknown [7.8%],"Longzhu Village, Wanwu Township, Fu'an City, Ningde City, Fujian Province",福建省宁德市福安市湾坞乡龙珠村,Ningde,Fujian,China,Asia Pacific,"26.7695000, 119.7385190",exact,https://www.gem.wiki/Fujian_Dingxin_Industrial_Co_Ltd,18.0,unknown,unknown,2008,unknown,unknown,unknown,300.0,,,,"semi-finished, finished rolled","billet, coil",unknown,3070,2023-03-24 00:00:00,2025-03-24 00:00:00,no,EAF,waste heat power generation,unknown,unknown,300.0,26.7695,119.738519,CHN,0.06820950221367794,124131,11794218.386546498,26.70833333,119.70833333,156,1
P100000120416,Fujian Fuhua New Materials Group Co Ltd,福建福华新材料集团有限公司,,,Mindong Saiqi Economic Development Zone Fuhua Steel Rolling Co Ltd,福建福华新材料集团有限公司,E100000126680,unknown,,Mindong Saiqi Economic Development Zone Fuhua Steel Rolling Co Ltd [100.0%],E100000126680 [100.0%],unknown [100.0%],"Xiaoliu Industrial Park, Saiqi Economic Development Zone, Fu'an City, Ningde City, Fujian Province",福建省宁德市福安市赛岐经济开发区小留工业园区,Ningde,Fujian,China,Asia Pacific,"26.9615160, 119.6542720",exact,https://www.gem.wiki/Fujian_Fuhua_New_Materials_Group_Co_Ltd,27.0,unknown,unknown,1999,unknown,unknown,unknown,,,,,"semi-finished, finished rolled",unknown,unknown,417,2023-03-27 00:00:00,2024-06-27 00:00:00,no,EAF,State Grid Ningde Power Supply Company,unknown,unknown,,26.961516,119.654272,CHN,0.029444513450374004,123365,283759824.5657374,26.95833333,119.625,156,1
P100000121066,Fujian Fuxin Special Steel Co Ltd,福建福欣特殊钢有限公司,,,Fujian Fuxin Special Steel Co Ltd,福建福欣特殊钢有限公司,E100000127029,unknown,,Tianlong Investment Co Ltd [58.3%]; Huayang Investment (Hong Kong) Ltd [41.6%],E100000130641 [58.3%]; E100000125857 [41.6%],unknown [58.3%]; unknown [41.6%],"No. 1 Longchi Avenue, Jiaomei Town, Taiwanese Investment Zone, Longhai City, Zhangzhou City, Fujian Province",福建省漳州市龙海市台商投资区角美镇龙池大道1号,Zhangzhou,Fujian,China,Asia Pacific,"24.4724390, 117.9488500",exact,https://www.gem.wiki/Fujian_Fuxin_Special_Steel_Co_Ltd,19.0,unknown,unknown,2007,unknown,unknown,unknown,,,,,"semi-finished, finished rolled","billet, coil",unknown,1413,no,no,no,EAF,Photovoltaic Power Generation,unknown,unknown,,24.472439,117.94885,CHN,0.06987420011361833,130712,17250077612.688942,24.54166667,117.95833333,156,1
P100001064195,Fujian Hongfeng Industrial Group Co Ltd,福建宏丰实业集团有限公司,,"福建宏丰钢铁有限公司, 福建省顺昌宏丰钢铁有限公司",Fujian Hongfeng Industrial Group Co Ltd,,E100002021022,unknown,,Fujian Hongfeng Industrial Group Co Ltd [100.0%],E100002021022 [100.0%],unknown [100.0%],unknown,福建省顺昌县新屯工业园区,Nanping,Fujian,China,Asia Pacific,"26.868423, 117.776369",approximate,https://www.gem.wiki/Fujian_Hongfeng_Industrial_Group_Co_Ltd,26.5,unknown,unknown,1999-08-20 00:00:00,unknown,unknown,unknown,,,,,finished rolled,rebar,unknown,65,2025-07-03 00:00:00,no,no,EAF,unknown,unknown,unknown,,26.868423,117.776369,CHN,0.016651595612095536,123601,29883675.310433295,26.875,117.79166667,156,1
P100000120413,Fujian Longgang New Materials Co Ltd,福建龙钢新型材料有限公司,,,Fujian Longgang New Materials Co Ltd,福建龙钢新型材料有限公司,E100000126717,unknown,,Fujian Longgang New Materials Co Ltd [100.0%],E100000126717 [100.0%],unknown [100.0%],"Zhangping Industrial Park, Longyan City, Fujian Province",福建省龙岩市漳平工业园钢铁产业园区,Longyan,Fujian,China,Asia Pacific,"25.3574080, 117.3620960",exact,https://www.gem.wiki/Fujian_Longgang_New_Materials_Co_Ltd,,2019-12-01 00:00:00,2021-10-01 00:00:00,unknown,unknown,unknown,unknown,,,,,unknown,unknown,unknown,896,2025-03-24 00:00:00,no,no,BF; BOF,Longyan Power Supply Company,unknown,unknown,,25.357408,117.362096,CHN,0.021817233555154806,128154,81212030.76822813,25.375,117.375,156,1
P100000120080,Fujian Luoyuan Minguang Iron and Steel Co Ltd,福建罗源闽光钢铁有限责任公司,,,Fujian Luoyuan Minguang Iron & Steel Co Ltd,福建罗源闽光钢铁有限责任公司,E100000123227,unknown,Partial,Fujian Metallurgical Holding Co Ltd [53.4%]; unknown [46.6%],E100000124862 [53.4%]; E100000132388 [46.6%],unknown [53.4%]; unknown [46.6%],"Zone 1, Jingang Industrial Zone, Luoyuanwan Development Zone, Luoyuan County, Fuzhou City, Fujian Province",福建省福州市罗源县罗源湾开发区金港工业区1区,Fuzhou,Fujian,China,Asia Pacific,"26.4838150, 119.6710500",exact,https://www.gem.wiki/Fujian_Luoyuan_Minguang_Iron_and_Steel_Co_Ltd,12.0,unknown,unknown,2014,unknown,unknown,unknown,,2230.0,,,"semi-finished, finished rolled","billet, round bar, rebar",unknown,2459,2023-05-30 00:00:00,2023-05-30 00:00:00,no,BF; BOF,Self-owned power generation,unknown,unknown,2230.0,26.483815,119.67105,CHN,0.04515929806671576,124890,53661889.35483706,26.45833333,119.70833333,156,1
P100000120392,Fujian Qingtuo New Material Co Ltd,福建青拓新材料有限公司,,,Fujian Qingtuo New Material Co Ltd,福建青拓新材料有限公司,E100000126389,unknown,,Shanghai Decent Investment (Group) Co Ltd [51.6%]; unknown [23.1%]; TSINGSHAN Holding Group Co Ltd [19.7%]; Zhejiang Qingshan Business Management Co Ltd [5.6%],E100000128090 [51.6%]; E100000132388 [23.1%]; E100000128088 [19.7%]; E100000128539 [5.6%],5000703672 [51.6%]; unknown [23.1%]; unknown [19.7%]; unknown [5.6%],"Shawan Village, Wanwu Town, Fu'an City, Ningde City, Fujian Province",福建省宁德市福安市湾坞镇沙湾村,Ningde,Fujian,China,Asia Pacific,"26.7793010, 119.7679350",exact,https://www.gem.wiki/Fujian_Qingtuo_New_Material_Co_Ltd,3.0,unknown,2022-03-01 00:00:00,2023,unknown,unknown,unknown,,,,,semi-finished,billet,unknown,152,2025-03-04 00:00:00,2025-03-04 00:00:00,no,EAF,waste heat power generation&400 megawatts rooftop distributed photovoltaic,unknown,unknown,,26.779301,119.767935,CHN,0.09267561303825893,124131,11794218.386546498,26.70833333,119.70833333,156,1
P100000120077,Fujian Quanzhou Minguang Iron and Steel Co Ltd,福建泉州闽光钢铁有限责任公司,"Fujian San'an Iron & Steel Holdings Co., Ltd.",福建三安钢铁有限公司,Fujian San'an Iron & Steel Co Ltd,福建泉州闽光钢铁有限责任公司,E100000126555,unknown,Partial,Fujian Metallurgical Holding Co Ltd [53.4%]; unknown [46.6%],E100000124862 [53.4%]; E100000132388 [46.6%],unknown [53.4%]; unknown [46.6%],"Hutou Town, Anxi County, Quanzhou City, Fujian Province",福建省泉州市安溪县湖头镇,Quanzhou,Fujian,China,Asia Pacific,"25.2443960, 118.0299050",exact,https://www.gem.wiki/Fujian_Quanzhou_Minguang_Iron_and_Steel_Co_Ltd,25.0,unknown,unknown,2001,unknown,unknown,unknown,,,,,finished rolled,"wire rod, round bar, rebar, bar",unknown,2716,2024-05-27 00:00:00,2024-05-27 00:00:00,no,BF; BOF,Self-owned power generation,unknown,unknown,,25.244396,118.029905,CHN,0.0379322165015142,128674,1080493062.2097301,25.20833333,118.04166667,156,1
P100000120078,Fujian Sanbao Steel Co Ltd,福建三宝钢铁有限公司,Zhangzhou Sanbao Iron and Steel Co.,漳州三宝钢铁有限公司,Fujian Sanbao Steel Co Ltd,福建三宝钢铁有限公司,E100000126246,unknown,,Sanbao Group Co Ltd [100.0%],E100000128113 [100.0%],unknown [100.0%],"Punan Town, Xiangcheng District, Zhangzhou City, Fujian Province",福建省漳州市芗城区浦南镇,Zhangzhou,Fujian,China,Asia Pacific,"24.6357690, 117.6036770",exact,https://www.gem.wiki/Fujian_Sanbao_Steel_Co_Ltd,27.0,unknown,unknown,1999,unknown,unknown,unknown,,,,,"semi-finished, finished rolled","rebar, billet, coil, round bar, hot rolled","automotive, building and infrastructure, energy, tools and machinery, transport",4382,2024-06-27 00:00:00,2024-12-31 00:00:00,no,BF; BOF; EAF,Rooftop Distributed Photovoltaic Power Generation,unknown,unknown,,24.635769,117.603677,CHN,0.023888107710737495,130454,1437201755.3926136,24.625,117.625,156,1
P100000120081,Fujian Tsingtuo Nickel Industry Co Ltd,福建鼎信镍业有限公司,"Fujian Dingxin Nickel Industry Co., Ltd.",福建青拓镍业有限公司,Fujian Tsingtuo Nickel Industry Co Ltd,福建青拓镍业有限公司,E100000126778,unknown,,Shanghai Decent Investment (Group) Co Ltd [34.7%]; TSINGSHAN Holding Group Co Ltd [30.5%]; unknown [26.1%]; Zhejiang Qingshan Business Management Co Ltd [8.7%],E100000128090 [34.7%]; E100000128088 [30.5%]; E100000132388 [26.1%]; E100000128539 [8.7%],5000703672 [34.7%]; unknown [30.5%]; unknown [26.1%]; unknown [8.7%],"Fuxi Village, Wanwu Town, Fu'an City, Ningde City, Fujian Province",福建省宁德市福安市湾坞镇浮溪村,Ningde,Fujian,China,Asia Pacific,"26.7689250, 119.7652030",exact,https://www.gem.wiki/Fujian_Tsingtuo_Nickel_Industry_Co_Ltd,15.0,unknown,unknown,2011,unknown,unknown,unknown,1000.0,,,,"semi-finished, finished rolled","billet, wire, bar","building and infrastructure, energy, tools and machinery, transport",3912,2023-03-23 00:00:00,2025-03-27 00:00:00,no,BF; EAF,waste heat power generation&400 megawatts rooftop distributed photovoltaic,unknown,unknown,1000.0,26.768925,119.765203,CHN,0.0830993973461759,124131,11794218.386546498,26.70833333,119.70833333,156,1
P100000121064,Fujian Wuhang Stainless Steel Products Co Ltd,福建吴航不锈钢制品有限公司,,,Fujian Wuhang Stainless Steel Products Co Ltd,福建吴航不锈钢制品有限公司,E100000127366,unknown,,Fujian Wugang Group Co Ltd [38.2%]; Fujian Kaihang Stainless Steel Products Co Ltd [36.8%]; Tianwei Co Ltd [25.0%],E100000127616 [38.2%]; E100000128115 [36.8%]; E100000130640 [25.0%],unknown [38.2%]; unknown [36.8%]; unknown [25.0%],"Provincial Highway 203, Changle District, Fuzhou City, Fujian Province",福建省福州市长乐区203省道,Fuzhou,Fujian,China,Asia Pacific,"25.9592300, 119.4520180",exact,https://www.gem.wiki/Fujian_Wuhang_Stainless_Steel_Products_Co_Ltd,33.0,unknown,unknown,1993,unknown,unknown,unknown,,,,,finished rolled,"wire, strip","energy, transport",2600,2023-08-29 00:00:00,2023-08-29 00:00:00,no,EAF,State Grid Changle District Power Supply Company,unknown,unknown,,25.95923,119.452018,CHN,0.006378668363999683,126398,6512786661.363352,25.95833333,119.45833333,156,1
P100000120079,Fujian Yixin Steel Co Ltd,福建亿鑫钢铁有限公司,,,Fujian Yixin Steel & Iron Co Ltd,福建亿鑫钢铁有限公司,E100000126444,unknown,,"natural person(s) [38.4%]; unknown [23.2%]; Thailand Huihua Industrial Co Ltd [20.7%]; Labor Union Committee of Xiaojiao Rolling Mill of Sanming Iron and Steel Works, Fujian Province [17.7%]",E100000123261 [38.4%]; E100000132388 [23.2%]; E100000130639 [20.7%]; E100000130294 [17.7%],unknown [38.4%]; unknown [23.2%]; unknown [20.7%]; unknown [17.7%],"Baishui Reclamation Area, Luoyuan Bay Development Zone, Luoyuan County, Fuzhou City, Fujian Province",福建省福州市罗源县罗源湾开发区白水垦区内,Fuzhou,Fujian,China,Asia Pacific,"26.4913080, 119.6362400",exact,https://www.gem.wiki/Fujian_Yixin_Steel_Co_Ltd,20.0,unknown,unknown,2006,unknown,unknown,unknown,,,,,"semi-finished, finished rolled","billet, rebar",unknown,1229,2023-01-03 00:00:00,unknown,no,BF; BOF,Self-owned power generation,unknown,unknown,,26.491308,119.63624,CHN,0.05159780270679225,124637,136966250.464103,26.54166667,119.625,156,1
P100000120351,Fushun Hanking Direct Reduced Iron Co Ltd,抚顺罕王直接还原铁有限公司,,,Fushun HANWANG Direct Reduced Iron Co Ltd,抚顺罕王直接还原铁有限公司,E100000126360,unknown,,Tuchuan Capital Co Ltd [99.0%]; unknown [1.0%],E100000130419 [99.0%]; E100000132388 [1.0%],unknown [99.0%]; unknown [1.0%],Jingjia,辽宁省抚顺市抚顺县石文镇景家村,Shiwen,Liaoning,China,Asia Pacific,"41.6709980, 123.8514300",exact,https://www.gem.wiki/Fushun_Hanking_Direct_Reduced_Iron_Co_Ltd,23.5,unknown,unknown,2002-08-20 00:00:00,unknown,unknown,unknown,,,,,semi-finished,pig iron,"automotive, energy, tools and machinery",646,2025-04-02 00:00:00,unknown,no,BF,unknown,unknown,unknown,,41.670998,123.85143,CHN,0.04415282285663697,35907,26636182.46122891,41.70833333,123.875,156,1
P100000120226,Fushun New Steel Co Ltd,抚顺新钢铁有限责任公司,,,Fushun New Steel Corp Ltd,抚顺新钢铁有限责任公司,E100000124695,unknown,Partial,Beijing Jianlong Investment Co Ltd [63.2%]; Fushun State-Owned Assets Management Co Ltd [29.3%]; unknown [7.5%],E100000000155 [63.2%]; E100000125132 [29.3%]; E100000132388 [7.5%],unknown [63.2%]; unknown [29.3%]; unknown [7.5%],No. 18 Shenfu South Line,辽宁省抚顺市望花区沈抚南线18号,unknown,Liaoning,China,Asia Pacific,"41.8412230, 123.7538950",exact,https://www.gem.wiki/Fushun_New_Steel_Co_Ltd,20.36,unknown,unknown,2005-10-12 00:00:00,unknown,unknown,unknown,,,,,finished rolled,"structural, spring steel, strip, bar, pipe","automotive, building and infrastructure, tools and machinery",5435,2025-10-30 00:00:00,2023-02-19 00:00:00,no,BOF; BF; Iron other/unspecified,unknown,unknown,unknown,,41.841223,123.753895,CHN,0.050671340850512184,34757,8540543698.927486,41.875,123.79166667,156,1
P100000120228,Fushun Special Steel Co Ltd,抚顺特殊钢股份有限公司,"Dongbei Special Steel Group Fushun Co., Ltd.",东北特钢集团抚顺特殊钢股份有限公司,Fushun Special Steel Co Ltd,抚顺特殊钢股份有限公司,E100000126378,unknown,,Fushun Special Steel Co Ltd [100.0%],E100000126378 [100.0%],unknown [100.0%],"No. 8, East Section of Anshan Road",辽宁省抚顺市望花区鞍山路东段8号,unknown,Liaoning,China,Asia Pacific,"41.8387740, 123.8065860",exact,https://www.gem.wiki/Fushun_Special_Steel_Co_Ltd,89.0,unknown,unknown,1937,unknown,unknown,unknown,,,,,finished rolled,unknown,"energy, tools and machinery, transport",6342,2023-06-22 00:00:00,2024-08-06 00:00:00,no,EAF,State Grid Fushun Power Supply Company,unknown,unknown,,41.838774,123.806586,CHN,0.039177920869397594,34757,8540543698.927486,41.875,123.79166667,156,1
P100000120358,Fuzhou Wuhang Steel Products Co Ltd,福州吴航钢铁制品有限公司,,,Fuzhou Wuhang Steel Products Co Ltd,福州吴航钢铁制品有限公司,E100000126169,unknown,,natural person(s) [66.2%]; Fujian Wugang Group Co Ltd [33.8%],E100000123261 [66.2%]; E100000127616 [33.8%],unknown [66.2%]; unknown [33.8%],"Changle District, Fuzhou City, Fujian Province",福建省福州市长乐区航城街道霞洲村(洋屿作业区疏港路3号),Fuzhou,Fujian,China,Asia Pacific,"25.9951010, 119.4957250",exact,https://www.gem.wiki/Fuzhou_Wuhang_Steel_Products_Co_Ltd,5.0,unknown,unknown,2021,unknown,unknown,unknown,,,,,"semi-finished, finished rolled","billet, rebar",unknown,323,2022-12-29 00:00:00,2023-12-25 00:00:00,no,EAF,State Grid Fuqing City Power Supply Company,unknown,unknown,,25.995101,119.495725,CHN,0.05244042851290504,126398,6512786661.363352,25.95833333,119.45833333,156,1
P100000120082,Gansu Jiu Steel Group Hongxing Iron and Steel Co Ltd,甘肃酒钢集团宏兴钢铁股份有限公司,Jiuquan Iron and Steel Group,,Gansu Jiu Steel Group Hongxing Iron and Steel Co Ltd,甘肃酒钢集团宏兴钢铁股份有限公司,E100000127239,unknown,,Gansu Jiu Steel Group Hongxing Iron and Steel Co Ltd [100.0%],E100000127239 [100.0%],unknown [100.0%],"No. 12, Xiongguan East Road, Jiayuguan City, Gansu Province",甘肃省酒泉市嘉峪关市雄关东路12号,Jiayuguan,Gansu,China,Asia Pacific,"39.8121210, 98.2955550",exact,https://www.gem.wiki/Gansu_Jiu_Steel_Group_Hongxing_Iron_and_Steel_Co_Ltd,27.0,unknown,unknown,1999,unknown,unknown,unknown,,9500.0,,,finished rolled,"wire rod, sheet, plate, bar, coil, carbon steel",unknown,16221,2023-04-14 00:00:00,2025-01-10 00:00:00,no,BF; BOF; EAF,JISCO power stations 1 and 2,unknown,unknown,9500.0,39.812121,98.295555,CHN,0.0208206322175325,48974,7871975322.062651,39.79166667,98.29166667,156,1
P100001063538,Guangdong Daxing Iron & Steel Industrial Co Ltd,广东大兴钢铁实业有限公司,,,Guangdong Daxing Iron & Steel Industrial Co Ltd,,E100002020662,unknown,,Guangdong Daxing Iron & Steel Industrial Co Ltd [100.0%],E100002020662 [100.0%],unknown [100.0%],unknown,揭阳市榕城区仙梅民营科技园的西北部,Jieyang,Guangdong,China,Asia Pacific,"23.529158, 116.329247",exact,https://www.gem.wiki/Guangdong_Daxing_Iron_&_Steel_Industrial_Co_Ltd,26.52,unknown,unknown,1999-08-14 00:00:00,unknown,unknown,unknown,,,,,finished rolled,Reinforcing bars,unknown,500,unknown,unknown,no,EAF,unknown,unknown,unknown,,23.529158,116.329247,CHN,0.03960742390105242,133502,13690835436.783312,23.54166667,116.29166667,156,1
P100001063264,Guangdong Fogang Jincheng Metal Products Co Ltd,清远市佛冈县金城金属制品有限公司,,,Guangdong Fogang Jincheng Metal Products Co Ltd,,E100002020546,unknown,,Guangdong Fogang Jincheng Metal Products Co Ltd [100.0%],E100002020546 [100.0%],unknown [100.0%],unknown,广东省清远市佛冈县汤塘镇围镇村,Qingyuan,Guangdong,China,Asia Pacific,"23.7419650, 113.5021680",exact,https://www.gem.wiki/Guangdong_Fogang_Jincheng_Metal_Products_Co_Ltd,21.98,unknown,unknown,2004-02-26 00:00:00,unknown,unknown,unknown,,,,,"semi-finished, finished rolled","carbon steel, Stainless Steel, Wire Rod / Wire, Strip",unknown,406,no,no,no,EAF,unknown,unknown,unknown,,23.741965,113.502168,CHN,0.051877106306712585,133028,92889374.35438424,23.70833333,113.54166667,156,1
P100000120087,Guangdong Guangqing Metal Technology Co Ltd,广东广青金属科技有限公司,,,Guangdong Guangqing METAL Technology Co Ltd,广东广青金属科技有限公司,E100000126182,unknown,Partial,Guangdong Guangxin Holdings Group Ltd [48.9%]; Shanghai Decent Investment (Group) Co Ltd [17.0%]; unknown [16.9%]; TSINGSHAN Holding Group Co Ltd [13.4%]; Zhejiang Qingshan Business Management Co Ltd [3.8%],E100000127962 [48.9%]; E100000128090 [17.0%]; E100000132388 [16.9%]; E100000128088 [13.4%]; E100000128539 [3.8%],unknown [48.9%]; 5000703672 [17.0%]; unknown [16.9%]; unknown [13.4%]; unknown [3.8%],"No.1 Haigang Erheng Road, Lingang Industrial Park, Yangjiang High-tech Industrial Development Zone, Guangdong Province",广东省阳江市高新技术产业开发区临港工业园海港二横路1号,Yangjiang,Guangdong,China,Asia Pacific,"21.6970690, 111.8488410",exact,https://www.gem.wiki/Guangdong_Guangqing_Metal_Technology_Co_Ltd,16.0,unknown,unknown,2010,unknown,unknown,unknown,300.0,,,,finished rolled,"billet, coil",unknown,3499,2025-05-16 00:00:00,2025-03-06 00:00:00,no,EAF,Rooftop Distributed Photovoltaic Power Generation,unknown,unknown,300.0,21.697069,111.848841,CHN,0.0766696422451561,427,546325381.749661,21.625,111.875,156,1
P100001063170,Guangdong Guixin Steel Co Ltd,广东桂鑫钢铁有限公司,,清远市青山不锈钢有限公司,Guangdong Guixin Steel Co Ltd,,E100002020513,unknown,,Guangdong Guixin Steel Co Ltd [100.0%],E100002020513 [100.0%],unknown [100.0%],unknown,广东省清远市银盏林场银中工业区嘉福工业区,Qingyuan,Guangdong,China,Asia Pacific,"23.5171090, 113.1068650",exact,https://www.gem.wiki/Guangdong_Guixin_Steel_Co_Ltd,22.0,unknown,unknown,2004,unknown,unknown,unknown,,,,,unknown,unknown,unknown,177,no,no,no,EAF,unknown,unknown,unknown,,23.517109,113.106865,CHN,0.030527977018284996,133464,1383225148.037752,23.54166667,113.125,156,1
P100001062833,"Guangdong Guoxin Industrial Co., Ltd.",广东国鑫实业股份有限公司,,,Guangdong Guoxin Industrial Co Ltd,,E100002020448,unknown,,Guangdong Guoxin Industrial Co Ltd [100.0%],E100002020448 [100.0%],unknown [100.0%],unknown,广东省揭阳市空港经济区滨海科技园,Jieyang,Guangdong,China,Asia Pacific,"23.4074150, 116.5708180",exact,"https://www.gem.wiki/Guangdong_Guoxin_Industrial_Co.,_Ltd.",24.0,unknown,unknown,2002,unknown,unknown,unknown,,,,,semi-finished,"High-speed wire rod, high-strength threaded steel bars, steel billets",unknown,1020,2024-09-13 00:00:00,2025-09-04 00:00:00,no,BF; BOF,unknown,unknown,unknown,,23.407415,116.570818,CHN,0.05867262028201826,133721,4977101905.5661955,23.45833333,116.54166667,156,1
P100001063522,Guangdong Hongde Steel Group Co Ltd,广东宏德钢铁集团有限公司,Shaoguan Hongde Hot-Rolled Strip Steel Co Ltd,韶关市宏德热轧带钢有限公司,Guangdong Hongde Steel Group Co Ltd,,E100002020658,unknown,,Guangdong Hongde Steel Group Co Ltd [100.0%],E100002020658 [100.0%],unknown [100.0%],unknown,韶关市曲江区白土工业园,Shaoguan,Guangdong,China,Asia Pacific,"24.6723510, 113.5355740",exact,https://www.gem.wiki/Guangdong_Hongde_Steel_Group_Co_Ltd,24.0,unknown,unknown,2002,unknown,unknown,unknown,,,,,semi-finished,ingot,unknown,unknown,no,no,no,EAF,unknown,unknown,unknown,,24.672351,113.535574,CHN,0.03649450232511436,130150,2371893017.6045723,24.70833333,113.54166667,156,1
P100000120362,Guangdong Jingye Iron and Steel Co Ltd,广东敬业钢铁实业股份有限公司,"Guangdong Taidu Iron and Steel Co., Ltd.",揭阳市泰都钢铁铸造有限公司,Guangdong Jingye Iron and Steel Co Ltd,广东敬业钢铁有限责任公司,E100000126698,unknown,,Jingye Group Co Ltd [100.0%],E100000124668 [100.0%],5071576433 [100.0%],"Didu Town, Airport Economic Development Zone, Jieyang City, Guangdong Province",广东省揭阳市空港经济开发区地都镇红岗村,Jieyang,Guangdong,China,Asia Pacific,"23.4546660, 116.4984830",exact,https://www.gem.wiki/Guangdong_Jingye_Iron_and_Steel_Co_Ltd,6.0,unknown,unknown,2020,unknown,unknown,unknown,,,,,"semi-finished, finished rolled","billet, rebar","building and infrastructure, transport",1082,2023-12-13 00:00:00,2023-12-13 00:00:00,no,BF; BOF,1×130t/h ultra-high-temperature and ultra-high-pressure gas boiler+1×40MW generator set,unknown,unknown,,23.454666,116.498483,CHN,0.0403168117593278,133720,7797595936.055308,23.45833333,116.45833333,156,1
P100000120319,Guangdong Jinshenglan Metallurgical Technology Co Ltd,广东金晟兰冶金科技有限公司,,,Guangdong Jinshenglan Metallurgical Technology Co Ltd,广东金晟兰冶金科技有限公司,E100000126881,unknown,,Fujian Lanming Investment Partnership LP [25.2%]; unknown [14.9%]; natural person(s) [13.9%]; Fujian Lanrui Investment Partnership LP [12.5%]; Fujian Qikun Investment Co Ltd [5.8%]; Fujian Zhongyi Investment Co Ltd [5.0%]; Fujian Taisong Investment Co Ltd [3.3%]; Fujian Qinghe Investment Co Ltd [1.9%]; Fujian Jinkun Investment Co Ltd [1.8%]; Fuzhou Deyu Investment Co Ltd [1.8%]; Fujian Shunle Investment Co Ltd [1.8%]; Fujian Yuheng Investment Co Ltd [1.8%]; Fuzhou Minqiu Trading Co Ltd [1.7%]; Fenghe Investment (Fujian) Co Ltd [1.4%]; Fujian Jingyuan Investment Co Ltd [1.4%]; Fujian Junao Investment Co Ltd [1.4%]; Fujian Yongxinqi Investment Co Ltd [1.4%]; Yuncheng Investment (Fujian) Co Ltd [1.4%]; Pingtan Shengxin Investment Partnership LP [1.4%],E100000128591 [25.2%]; E100000132388 [14.9%]; E100000123261 [13.9%]; E100000128858 [12.5%]; E100000124854 [5.8%]; E100000128594 [5.0%]; E100000124851 [3.3%]; E100000128595 [1.9%]; E100000124852 [1.8%]; E100000124853 [1.8%]; E100000124856 [1.8%]; E100000128596 [1.8%]; E100000128597 [1.7%]; E100000128967 [1.4%]; E100000128969 [1.4%]; E100000128968 [1.4%]; E100000124850 [1.4%]; E100000124849 [1.4%]; E100000128966 [1.4%],unknown [25.2%]; unknown [14.9%]; unknown [13.9%]; unknown [12.5%]; unknown [5.8%]; unknown [5.0%]; unknown [3.3%]; unknown [1.9%]; unknown [1.8%]; unknown [1.8%]; unknown [1.8%]; unknown [1.8%]; unknown [1.7%]; unknown [1.4%]; unknown [1.4%]; unknown [1.4%]; unknown [1.4%]; unknown [1.4%]; unknown [1.4%],"Yaogu Town, Yunfu City, Guangdong Province",广东省云浮市腰古镇,Yunfu,Guangdong,China,Asia Pacific,"22.8887290, 112.2630810",exact,https://www.gem.wiki/Guangdong_Jinshenglan_Metallurgical_Technology_Co_Ltd,5.0,unknown,unknown,2021,unknown,unknown,unknown,,,,,finished rolled,"round bar, rebar",unknown,2169,2025-03-04 00:00:00,2025-03-12 00:00:00,no,EAF,Distributed Photovoltaic Power Generation,unknown,unknown,,22.888729,112.263081,CHN,0.03171160624044197,135079,288572450.6037076,22.875,112.29166667,156,1
P100000120380,Guangdong Nanfang Donghai Iron and Steel Co Ltd,广东南方东海钢铁有限公司,,,Guangdong Nanfang Donghai Iron and Steel Co Ltd,广东南方东海钢铁有限公司,E100000127165,unknown,,Tangshan Donghai Iron and Steel Group Co Ltd [70.0%]; natural person(s) [30.0%],E100000123219 [70.0%]; E100000123261 [30.0%],unknown [70.0%]; unknown [30.0%],"Silao Town, Yuncheng District, Yunfu City, Guangdong Province",广东省云浮市云城区思劳镇双羌村云卜村,Yunfu,Guangdong,China,Asia Pacific,"22.9076140, 112.2249520",approximate,https://www.gem.wiki/Guangdong_Nanfang_Donghai_Iron_and_Steel_Co_Ltd,3.0,2022-03-01 00:00:00,2019,2023,unknown,unknown,unknown,,,,,unknown,unknown,unknown,284,unknown,unknown,no,EAF,unknown,unknown,unknown,,22.907614,112.224952,CHN,0.03660400508918134,135078,194781090.93254027,22.875,112.20833333,156,1
P100001063276,Guangdong Shengye Steel Co Ltd,广东盛业钢铁有限公司,,,Guangdong Shengye Steel Co Ltd,,E100002020550,unknown,,Guangdong Shengye Steel Co Ltd [100.0%],E100002020550 [100.0%],unknown [100.0%],unknown,广东省河源市东源县灯塔镇,Heyuan,Guangdong,China,Asia Pacific,"24.0085640, 114.7973280",approximate,https://www.gem.wiki/Guangdong_Shengye_Steel_Co_Ltd,21.97,unknown,unknown,2004-03-03 00:00:00,unknown,unknown,unknown,,,,,"semi-finished, finished rolled","steel billet, Rolled Steel, Square Bar, Cast and Forged Parts",unknown,11,no,no,no,EAF,unknown,unknown,unknown,,24.008564,114.797328,CHN,0.03358329076338197,132128,106278554.73135719,24.04166667,114.79166667,156,1
P100001063591,Guangdong Shiji Qingshan Nickel Industry Co Ltd,广东世纪青山镍业有限公司,,,Guangdong Shiji Qingshan Nickel Industry Co Ltd,广东世纪青山镍业有限公司,E100002020683,5080196439,,Guangdong Shiji Qingshan Nickel Industry Co Ltd [100.0%],E100002020683 [100.0%],5080196439 [100.0%],unknown,广东省阳江高新区海港纵一路1号,Yangjiang,Guangdong,China,Asia Pacific,"21.6870530, 111.8488930",exact,https://www.gem.wiki/Guangdong_Shiji_Qingshan_Nickel_Industry_Co_Ltd,14.81,unknown,unknown,2011-05-01 00:00:00,unknown,unknown,unknown,,,,,unknown,"Nickel alloy, high-carbon chromium iron",automotive,900,2024-12-09 00:00:00,2023-08-07 00:00:00,no,EAF,unknown,unknown,unknown,,21.687053,111.848893,CHN,0.06732124670562517,427,546325381.749661,21.625,111.875,156,1
P100001063532,Guangdong Taidu Iron & Steel Co Ltd,广东泰都钢铁有限公司,,清远市花城五金铸造有限公司,Guangdong Taidu Iron & Steel Co Ltd,广东敬业钢铁有限责任公司,E100002020661,unknown,,Guangdong Taidu Iron & Steel Co Ltd [100.0%],E100002020661 [100.0%],unknown [100.0%],unknown,清远市清城区石角镇界牌新村（北江工业园区）,Qingyuan,Guangdong,China,Asia Pacific,"23.504558, 112.962693",exact,https://www.gem.wiki/Guangdong_Taidu_Iron_&_Steel_Co_Ltd,22.0,unknown,unknown,2004,unknown,unknown,unknown,,,,,finished rolled,rebar,unknown,unknown,no,no,no,EAF,unknown,unknown,unknown,,23.504558,112.962693,CHN,0.0373638878019666,133462,1746497357.0257854,23.54166667,112.95833333,156,1
P100001063263,"Guangdong Taiye Hongda Steel Co., Ltd.",广东泰业鸿达钢铁有限公司,,清远市泰业金属模具制品有限公司,Guangdong Taiye Hongda Steel Co Ltd,,E100002020545,unknown,,Guangdong Taiye Hongda Steel Co Ltd [100.0%],E100002020545 [100.0%],unknown [100.0%],unknown,,Qingyuan,Guangdong,China,Asia Pacific,"23.54332928798603, 112.99082407443541",approximate,"https://www.gem.wiki/Guangdong_Taiye_Hongda_Steel_Co.,_Ltd.",13.79,unknown,unknown,2012-05-08 00:00:00,unknown,unknown,unknown,,,,,unknown,unknown,unknown,unknown,unknown,unknown,no,EAF,unknown,unknown,unknown,,23.54332928798603,112.9908240744354,CHN,0.03253325640838091,133462,1746497357.0257854,23.54166667,112.95833333,156,1
P100000120361,GuangDong Xinxing Ductile Iron Pipes Co Ltd,广东新兴铸管有限公司,,,GuangDong Xinxing Ductile Iron Pipes Co Ltd,广东新兴铸管有限公司,E100000127213,unknown,,Xinxing Ductile Iron Pipes Co Ltd [100.0%],E100000127965 [100.0%],unknown [100.0%],"Mashui Town, Yangchun City, Yangjiang City, Guangdong Province",广东省阳江市阳春市马水镇南山工业园区,Yangjiang,Guangdong,China,Asia Pacific,"22.0991400, 111.6654790",exact,https://www.gem.wiki/GuangDong_Xinxing_Ductile_Iron_Pipes_Co_Ltd,11.0,unknown,unknown,2015,unknown,unknown,unknown,,,,,finished rolled,"pipe, castings",unknown,618,2024-10-28 00:00:00,2024-10-28 00:00:00,no,BF,unknown,unknown,unknown,,22.09914,111.665479,CHN,0.048034248625334716,136241,126961940.125218,22.125,111.625,156,1
P100000121044,Guangdong Yuebei United Steel Co Ltd,广东粤北联合钢铁有限公司,,,Guangdong Yuebei United Steel Co Ltd,广东粤北联合钢铁有限公司,E100000126242,unknown,,Jingye Group Co Ltd [100.0%],E100000124668 [100.0%],5071576433 [100.0%],"Xiongwu Village, Qiaotou Town, Yingde City, Guangdong Province",广东省英德市桥头镇五石熊屋村,Yingde,Guangdong,China,Asia Pacific,"24.2624520, 113.7281980",exact,https://www.gem.wiki/Guangdong_Yuebei_United_Steel_Co_Ltd,16.0,unknown,unknown,2010,unknown,unknown,unknown,,,,,finished rolled,rebar,building and infrastructure,1451,2024-04-25 00:00:00,no,no,BF; BOF; EAF,Self-built substation& waste heat power station,unknown,unknown,,24.262452,113.728198,CHN,0.035328487901664624,131394,114780320.39245096,24.29166667,113.70833333,156,1
P100001063322,Guangdong Yuedong Steel Co Ltd,广东粤东钢铁有限公司,,,Guangdong Yuedong Steel Co Ltd,,E100002020592,unknown,,Guangdong Yuedong Steel Co Ltd [100.0%],E100002020592 [100.0%],unknown [100.0%],unknown,广东省河源市源城区双下路110号,Heyuan,Guangdong,China,Asia Pacific,"23.711585, 114.689761",exact,https://www.gem.wiki/Guangdong_Yuedong_Steel_Co_Ltd,32.14,unknown,unknown,1993-12-31 00:00:00,unknown,unknown,unknown,,,,,finished rolled,Deformed steel bars for concrete / Rebar,building and infrastructure,126,2025-11-26 00:00:00,no,no,EAF,unknown,unknown,unknown,,23.711585,114.689761,CHN,0.018854834908259593,133042,10381673523.067602,23.70833333,114.70833333,156,1
P100001062853,Guangdong Yuehua Iron & Steel Group Co Ltd,广东粤华钢铁集团有限公司,"Yingde Yuehua Casting Co., Ltd.",英德市粤华铸造有限责任公司,Guangdong Yuehua Iron & Steel Group Co Ltd,,E100002020563,unknown,,Guangdong Yuehua Iron & Steel Group Co Ltd [100.0%],E100002020563 [100.0%],unknown [100.0%],unknown,广东省英德市英红镇跑马场,Yingde,Guangdong,China,Asia Pacific,"24.2757830, 113.3888960",exact,https://www.gem.wiki/Guangdong_Yuehua_Iron_&_Steel_Group_Co_Ltd,21.81,unknown,unknown,2004-04-29 00:00:00,unknown,unknown,unknown,,,,,semi-finished,steel billet,unknown,65,2025-10-31 00:00:00,2025-05-30 00:00:00,no,EAF,unknown,unknown,unknown,,24.275783,113.388896,CHN,0.021104259964969164,131390,386008960.44992363,24.29166667,113.375,156,1
P100001063509,Guangdong Yueshao Iron & Steel Co Ltd,广东粤韶钢铁有限公司,,,Guangdong Yueshao Iron & Steel Co Ltd,,E100002020650,unknown,,Guangdong Yueshao Iron & Steel Co Ltd [100.0%],E100002020650 [100.0%],unknown [100.0%],unknown,韶关市曲江区马坝镇演山石场旁,Shaoguan,Guangdong,China,Asia Pacific,"24.6883550, 113.6574080",exact,https://www.gem.wiki/Guangdong_Yueshao_Iron_&_Steel_Co_Ltd,12.48,unknown,unknown,2013-08-27 00:00:00,unknown,unknown,unknown,,,,,finished rolled,"Alloy and special steels, Gear steels Reinforcing bars (rebar)",unknown,315,unknown,unknown,no,EAF,unknown,unknown,unknown,,24.688355,113.657408,CHN,0.038071145682643054,130151,2904267538.2436757,24.70833333,113.625,156,1
P100001063495,Guangdong Zhanhong Steel Plant,广东展宏钢铁厂,Huidong County Huaye Foundry,"惠东县华业铸造厂, 广东展宏钢铁有限公司",Guangdong Zhanhong Steel Plant,,E100002020642,unknown,,Guangdong Zhanhong Steel Plant [100.0%],E100002020642 [100.0%],unknown [100.0%],unknown,粤港澳大湾区东岸惠州市惠东县多祝镇工业区,Huizhou,Guangdong,China,Asia Pacific,"23.0378580, 114.9705930",exact,https://www.gem.wiki/Guangdong_Zhanhong_Steel_Plant,23.0,unknown,unknown,2003,unknown,unknown,unknown,,,,,finished rolled,Reinforcing bars (rebar),building and infrastructure,1000,yes,yes,no,EAF,unknown,unknown,unknown,,23.037858,114.970593,CHN,0.0128376584966889,134737,33770610.58382256,23.04166667,114.95833333,156,1
P100000120084,Guangdong Zhongnan Iron & Steel Co Ltd,韶钢集团,SGIS Songshan Co Ltd,"广东中南钢铁股份有限公司, 广东韶钢松山股份有限公司",SGIS Songshan Co Ltd,广东韶钢松山股份有限公司,E100001010583,4295864521,,SGIS Songshan Co Ltd [100.0%],E100001010583 [100.0%],4295864521 [100.0%],"Maba, Qujiang District, Shaoguan City, Guangdong Province",广东省韶关市曲江区马坝,Shaoguan,Guangdong,China,Asia Pacific,"24.7082320, 113.6358980",exact,https://www.gem.wiki/Guangdong_Zhongnan_Iron_&_Steel_Co_Ltd,29.0,unknown,unknown,1997,unknown,unknown,unknown,,,,,finished rolled,"rod, wire, plate","building and infrastructure, energy, tools and machinery, transport",5155,2024-05-15 00:00:00,2024-05-15 00:00:00,no,BF; BOF; EAF,Photovoltaic Power Generation has successfully achieved grid connection and is generating electricity at full capacity,unknown,unknown,,24.708232,113.635898,CHN,0.010898471074827124,130151,2904267538.2436757,24.70833333,113.625,156,1
P100000121071,Guangshui Huaxin Metallurgical Industry Co Ltd,广水华鑫冶金工业有限公司,"Guangshui Huaxin Smelt Industry Co., Ltd.",,Guangshui Huaxin Smelt Industry Co Ltd,广水华鑫冶金工业有限公司,E100000127295,unknown,,Fujian Shangkun Investment Co Ltd [62.5%]; Fujian Kangye Investment Co Ltd [37.5%],E100000128562 [62.5%]; E100000128563 [37.5%],unknown [62.5%]; unknown [37.5%],"Metallurgical Industrial Park, Yangzhai Town, Guangshui City, Suizhou City, Hubei Province",湖北省随州市广水市杨寨镇冶金工业园,Suizhou,Hubei,China,Asia Pacific,"31.5022100, 114.0081420",exact,https://www.gem.wiki/Guangshui_Huaxin_Metallurgical_Industry_Co_Ltd,18.0,unknown,unknown,2008,unknown,unknown,unknown,,,,,finished rolled,"bearings, spring steel, special",unknown,1038,2023-11-08 00:00:00,2025-10-27 00:00:00,no,BF; EAF,Distributed Photovoltaic Power Generation,unknown,unknown,,31.50221,114.008142,CHN,0.051775788802269455,100708,39099648.249599755,31.54166667,114.04166667,156,1
P100000120093,Guangxi Beigang New Material Co Ltd,北海诚德镍业有限公司,"Beihai Chengde Ferronickel Co., Ltd., Guangxi Beibu Gulf New Material Co., Ltd.","广西北部湾新材料有限公司, 广西北港新材料有限公司",Guangxi BG New Materials Co Ltd,广西北港新材料有限公司,E100000126649,unknown,Full,Guangxi Beibu Gulf International Port Group Co Ltd [100.0%],E100000127970 [100.0%],5000910985 [100.0%],"Intersection of No.4 Road and No.7 Road, Tieshangang District, Beihai City, Guangxi Zhuang Autonomous Region",广西北海市铁山港区四号路与七号路交汇处,Beihai,Guangxi,China,Asia Pacific,"21.5199240, 109.5064270",exact,https://www.gem.wiki/Guangxi_Beigang_New_Material_Co_Ltd,17.0,unknown,unknown,2009,unknown,unknown,unknown,3400.0,,,,finished rolled,"slab, coil, tube",unknown,2225,expired,expired,no,BF; EAF,Southern Power Grid North Bay Power Supply Bureau in Guangxi & Waste Heat Power Generation,unknown,unknown,3400.0,21.519924,109.506427,CHN,0.04140746358372581,136766,490660026.3866026,21.54166667,109.54166667,156,1
P100000120370,Guangxi Chiji Iron and Steel Co Ltd,广西翅冀钢铁有限公司,,,Guangxi Chiji Iron and Steel Co Ltd,广西翅冀钢铁有限公司,E100000123159,5082478735,,Qian'an City Jiujiang Wire Co Ltd [100.0%],E100000123190 [100.0%],unknown [100.0%],"Kongliang Village, Tangbu Town, Teng County, Wuzhou City, Guangxi Zhuang Autonomous Region",广西壮族自治区梧州市藤县塘步镇孔良村,Wuzhou,Guangxi,China,Asia Pacific,"23.4021210, 111.1346060",exact,https://www.gem.wiki/Guangxi_Chiji_Iron_and_Steel_Co_Ltd,7.0,2022-03-01 00:00:00,unknown,2019,unknown,unknown,unknown,,,,,unknown,unknown,unknown,7900,2024-08-02 00:00:00,2025-06-23 00:00:00,no,BF; BOF; Iron other/unspecified,unknown,unknown,unknown,,23.402121,111.134606,CHN,0.02877192862844192,133871,105313275.99139243,23.375,111.125,156,1
P100000120398,Guangxi Deyuan Metallurgy Co Ltd (Nayangdaqiao),广西德源冶金有限公司(那阳大桥),,广西横县榕宁钢铁有限责任公司(榕宁钢厂),Guangxi Deyuan Metallurgy Co Ltd,广西德源冶金有限公司,E100000126407,unknown,,Fujian Yongjianguo Investment Development Co Ltd [50.0%]; natural person(s) [35.0%]; Guangxi Changheng Investment Co Ltd [15.0%],E100000127971 [50.0%]; E100000123261 [35.0%]; E100000127972 [15.0%],unknown [50.0%]; unknown [35.0%]; unknown [15.0%],"Heng County, Nanning City, Guangxi Zhuang Autonomous Region",广西壮族自治区南宁市横县那阳大桥头旁,Nanning,Guangxi,China,Asia Pacific,"22.7129960, 109.3372500",exact,https://www.gem.wiki/Guangxi_Deyuan_Metallurgy_Co_Ltd_(Nayangdaqiao),36.0,unknown,unknown,1990,2022-12-01 00:00:00,unknown,unknown,,,,,finished rolled,rebar,unknown,73,2022-11-11 00:00:00,no,no,EAF,State Grid,unknown,unknown,,22.712996,109.33725,CHN,0.03803686358690889,135365,277340105.397218,22.70833333,109.375,156,1
P100000121140,Guangxi Deyuan Metallurgy Co Ltd (Yujiangbian),广西横县榕宁钢铁有限责任公司(榕宁钢厂),,广西德源冶金有限公司(郁江边),Guangxi Deyuan Metallurgy Co Ltd,广西德源冶金有限公司,E100000126407,unknown,,Fujian Yongjianguo Investment Development Co Ltd [50.0%]; natural person(s) [35.0%]; Guangxi Changheng Investment Co Ltd [15.0%],E100000127971 [50.0%]; E100000123261 [35.0%]; E100000127972 [15.0%],unknown [50.0%]; unknown [35.0%]; unknown [15.0%],"Beside Yujiang, Liujing Industrial Park,Mashan County, Nanning, Guangxi Zhuang Autonomous Region",广西壮族自治区南宁六景工业园区六景产业园景江大道旁郁江边地块,Nanning,Guangxi,China,Asia Pacific,"22.8583100, 108.9010900",approximate,https://www.gem.wiki/Guangxi_Deyuan_Metallurgy_Co_Ltd_(Yujiangbian),,2022-12-09 00:00:00,unknown,unknown,unknown,unknown,unknown,,,,,finished rolled,rebar,unknown,unknown,no,no,no,EAF,State Grid,unknown,unknown,,22.85831,108.90109,CHN,0.030971667698072535,135038,266302664.99618664,22.875,108.875,156,1
P100000120395,Guangxi Guifeng Special Steel Co Ltd,广西贵丰特钢有限公司,"Guangxi Hezhou Gui Feng Metal Products Co., Ltd.",广西贺州市贵丰金属制品有限公司,Guangxi Longzhou Zhongheng Wanhua Industrial Co Ltd,广西龙州中恒万华实业有限公司,E100000126255,unknown,,Guangxi Longzhou Yishuo Investment Management Co Ltd [100.0%],E100000127974 [100.0%],unknown [100.0%],"Lingfeng industrial park, Babu District, Hezhou City, Guangxi Zhuang Autonomous Region",广西壮族自治区贺州市八步区灵峰工业园区,Hezhou,Guangxi,China,Asia Pacific,"23.9871360, 111.9141970",exact,https://www.gem.wiki/Guangxi_Guifeng_Special_Steel_Co_Ltd,24.0,unknown,unknown,2002,unknown,unknown,unknown,,,,,finished rolled,"round bar, rebar",building and infrastructure,44,2023-04-06 00:00:00,expired,no,EAF,State Grid,unknown,unknown,,23.987136,111.914197,CHN,0.04864153172063022,132328,17341547.352170102,23.95833333,111.875,156,1
P100000120095,Guangxi Guigang Iron and Steel Group Co Ltd,广西贵港钢铁集团,"Guangxi Guigang Yujiang Steelmaking Co., Ltd., Guangxi Guigang Iron and Steel Group Yujiang Steelmaking Co., Ltd.","广西贵港郁江炼钢有限公司, 广西贵港钢铁集团有限公司郁江炼钢有限公司, 广西贵县钢铁厂",Guangxi Guigang Iron and Steel Group Co Ltd,广西贵港钢铁集团有限公司,E100000123225,unknown,,natural person(s) [44.0%]; Guigang Helong Investment Partnership LP [41.8%]; Guigang Herun Investment Partnership LP [12.5%]; unknown [1.7%],E100000123261 [44.0%]; E100000123900 [41.8%]; E100000123901 [12.5%]; E100000132388 [1.7%],unknown [44.0%]; unknown [41.8%]; unknown [12.5%]; unknown [1.7%],"Nanping Middle Road, Gangbei District, Guigang City, Guangxi Zhuang Autonomous Region",广西壮族自治区贵港市港北区南平中路,Guigang,Guangxi,China,Asia Pacific,"23.0881820, 109.6346380",exact,https://www.gem.wiki/Guangxi_Guigang_Iron_and_Steel_Group_Co_Ltd,23.0,unknown,unknown,2003,unknown,unknown,unknown,,,,,finished rolled,"wire rod, round bar, rebar, wire",building and infrastructure,2727,2023-10-13 00:00:00,no,no,BOF; BF,unknown,unknown,unknown,,23.088182,109.634638,CHN,0.03805858862333085,134479,6503602261.824279,23.125,109.625,156,1
P100000120363,Guangxi Guigang Iron and Steel Group Guigang Guibao Special Steel Co Ltd,广西贵港钢铁集团贵港桂宝特钢有限公司,,,Guangxi Guigang Iron and Steel Group Guigang Guibao SPECIAL Steel Co Ltd,广西贵港钢铁集团贵港桂宝特钢有限公司,E100000126170,unknown,,Guangxi Guigang Iron and Steel Group Co Ltd [44.0%]; Guigang Helong Investment Partnership LP [41.8%]; Guigang Herun Investment Partnership LP [12.5%]; unknown [1.7%],E100000123225 [44.0%]; E100000123900 [41.8%]; E100000123901 [12.5%]; E100000132388 [1.7%],unknown [44.0%]; unknown [41.8%]; unknown [12.5%]; unknown [1.7%],"Nanping Middle Road, Gangbei District, Guigang City, Guangxi Zhuang Autonomous Region",广西壮族自治区贵港市港北区南平中路,Guigang,Guangxi,China,Asia Pacific,"23.0895020, 109.6393800",exact,https://www.gem.wiki/Guangxi_Guigang_Iron_and_Steel_Group_Guigang_Guibao_Special_Steel_Co_Ltd,8.0,unknown,unknown,2018,unknown,unknown,unknown,,,,,unknown,unknown,unknown,unknown,no,no,no,EAF,State Grid,unknown,unknown,,23.089502,109.63938,CHN,0.038300031383800615,134479,6503602261.824279,23.125,109.625,156,1
P100000120368,Guangxi Guixin Iron and Steel Group Co Ltd,广西桂鑫钢铁集团有限公司,"Guangxi Lingshan County Guixin Metal Products Co., Ltd.",广西灵山县桂鑫金属制品有限公司,Guangxi Guixin Steel Group Co Ltd,广西桂鑫钢铁集团有限公司,E100000127358,unknown,,Guangxi Guixin Steel Group Co Ltd [100.0%],E100000127358 [100.0%],unknown [100.0%],"Xindu Town, Hezhou City, Guangxi Zhuang Autonomous Region",广西壮族自治区贺州市信都镇工业区,Hezhou,Guangxi,China,Asia Pacific,"23.9789620, 111.7355230",exact,https://www.gem.wiki/Guangxi_Guixin_Iron_and_Steel_Group_Co_Ltd,33.0,unknown,unknown,1993,unknown,unknown,unknown,,,,,finished rolled,"coil, bar","building and infrastructure, transport",90,2023-04-05 00:00:00,2023-04-05 00:00:00,no,BF; BOF; EAF,State Grid,unknown,unknown,,23.978962,111.735523,CHN,0.034129462062531056,132326,90031801.82740928,23.95833333,111.70833333,156,1
P100000120394,Guangxi Guixin Iron and Steel Intelligent Manufacturing Co Ltd,广西桂鑫钢铁智造有限公司,Hezhou Zhaoxin Hardware Products Co Ltd,"贺州市兆鑫五金制品有限公司, 广西贺州市闽航金属制品有限公司",Hezhou Zhaoxin Hardware Products Co Ltd,贺州市兆鑫五金制品有限公司,E100001010584,unknown,,Hezhou Zhaoxin Hardware Products Co Ltd [100.0%],E100001010584 [100.0%],unknown [100.0%],"Xindu Town, Babu District, Hezhou City, Guangxi Zhuang Autonomous Region",广西壮族自治区贺州市八步区信都镇工业区,Hezhou,Guangxi,China,Asia Pacific,"23.9785670, 111.7355290",exact,https://www.gem.wiki/Guangxi_Guixin_Iron_and_Steel_Intelligent_Manufacturing_Co_Ltd,26.0,unknown,unknown,2000,unknown,unknown,unknown,,,,,finished rolled,"round bar, rebar, bar",building and infrastructure,127,2023-03-30 00:00:00,2023-03-30 00:00:00,no,EAF,State Grid,unknown,unknown,,23.978567,111.735529,CHN,0.03389698907599017,132326,90031801.82740928,23.95833333,111.70833333,156,1
P100000120397,Guangxi Hezhou Kexinda Metal Products Co Ltd,广西贺州市科信达金属制品有限公司,,,Guangxi Hezhou Kexinda Metal Products Co Ltd,广西贺州市科信达金属制品有限公司,E100000127052,unknown,,Guangxi Hezhou Kexinda Metal Products Co Ltd [100.0%],E100000127052 [100.0%],unknown [100.0%],"Xindu Town, Babu District, Hezhou City, Guangxi Zhuang Autonomous Region",广西壮族自治区贺州市八步区信都镇工业区,Hezhou,Guangxi,China,Asia Pacific,"23.9799370, 111.7450370",exact,https://www.gem.wiki/Guangxi_Hezhou_Kexinda_Metal_Products_Co_Ltd,22.0,unknown,unknown,2004,unknown,unknown,unknown,,,,,finished rolled,"bar, hot rolled",unknown,17,expired,no,no,EAF,State Grid,unknown,unknown,,23.979937,111.745037,CHN,0.042589646029726855,132326,90031801.82740928,23.95833333,111.70833333,156,1
P100000120396,Guangxi Hezhou Pengda New Materials Co Ltd,广西贺州鹏达新材料有限公司,"Hezhou Pengda Stainless Steel Metal Co., Ltd., Hezhou Xindu Sanyuan Casting Co_Ltd","贺州鹏达不锈钢金属有限公司, 贺州市信都三元铸件有限公司",Hezhou Xindu Sanyuan Casting Co Ltd,贺州市信都三元铸件有限公司,E100000126302,unknown,,Hezhou Xindu Sanyuan Casting Co Ltd [100.0%],E100000126302 [100.0%],unknown [100.0%],"Xindu Town, Babu District, Hezhou City, Guangxi Zhuang Autonomous Region",广西壮族自治区贺州市八步区信都镇工业区,Hezhou,Guangxi,China,Asia Pacific,"23.9870070, 111.7397750",exact,https://www.gem.wiki/Guangxi_Hezhou_Pengda_New_Materials_Co_Ltd,10.0,unknown,unknown,2016,unknown,unknown,unknown,,,,,unknown,unknown,unknown,200,no,no,no,EAF,State Grid,unknown,unknown,,23.987007,111.739775,CHN,0.04255300181723161,132326,90031801.82740928,23.95833333,111.70833333,156,1
P100000120306,Guangxi Iron and Steel Group Co Ltd Fangchenggang Iron & Steel Base,广西钢铁集团有限公司防城港钢铁基地,,"柳钢集团防城港钢铁基地, 广西钢铁集团有限公司, 广西柳州钢铁集团有限公司, 武钢柳钢(集团)联合有限责任公司",Guangxi Iron and Steel Group Co Ltd,广西钢铁集团有限公司,E100000123161,unknown,Partial,Liuzhou IRON&STEEL Co Ltd [45.8%]; Guangxi Liuzhou Iron and Steel Group Co Ltd [45.6%]; China Baowu Steel Group Co Ltd [8.6%],E100000123902 [45.8%]; E100000123903 [45.6%]; E100001000472 [8.6%],unknown [45.8%]; unknown [45.6%]; 5000039946 [8.6%],"Qisha Industrial Park, Fangchenggang City, Guangxi Zhuang Autonomous Region",广西壮族自治区防城港市企沙工业园区,Fangchenggang,Guangxi,China,Asia Pacific,"21.5807230, 108.4008960",exact,https://www.gem.wiki/Guangxi_Iron_and_Steel_Group_Co_Ltd_Fangchenggang_Iron_&_Steel_Base,6.0,unknown,unknown,2020,unknown,unknown,unknown,,10730.0,3500.0,,finished rolled,"coil, sheet, coated",unknown,5943,2025-06-19 00:00:00,2023-07-18 00:00:00,no,BF; BOF,unknown,unknown,unknown,14230.0,21.580723,108.400896,CHN,0.07252240761674203,136713,226557645.65927386,21.625,108.45833333,156,1
P100000120374,Guangxi Liugang Zhongjin Stainless Steel Co Ltd,广西柳钢中金不锈钢有限公司,"Guangxi Zhongjin Metal Technology Co., Ltd.",广西中金金属科技有限公司,Guangxi Liugang Zhongjin Stainless Steel Co Ltd,广西柳钢中金不锈钢有限公司,E100000126562,unknown,Full,Guangxi Liuzhou Iron and Steel Group Co Ltd [100.0%],E100000123903 [100.0%],unknown [100.0%],"Longtan Industrial Park, Yulin City, Guangxi Zhuang Autonomous Region",广西壮族自治区玉林市龙潭产业园南北三号路,Yulin,Guangxi,China,Asia Pacific,"21.6726100, 109.7418660",exact,https://www.gem.wiki/Guangxi_Liugang_Zhongjin_Stainless_Steel_Co_Ltd,13.0,unknown,unknown,2013,unknown,unknown,unknown,100.0,1100.0,,,finished rolled,coil,"building and infrastructure, tools and machinery, transport",2132,2024-08-16 00:00:00,2023-08-11 00:00:00,no,BF; Steel other/unspecified; Iron other/unspecified,unknown,unknown,unknown,1200.0,21.67261,109.741866,CHN,0.04899588006779502,136662,221366537.43015066,21.70833333,109.70833333,156,1
P100000120393,Guangxi Longzhou Zhongheng Wanhua Industrial Co Ltd,广西龙州中恒万华实业有限公司,,,Guangxi Longzhou Zhongheng Wanhua Industrial Co Ltd,广西龙州中恒万华实业有限公司,E100000126255,unknown,,Guangxi Longzhou Yishuo Investment Management Co Ltd [100.0%],E100000127974 [100.0%],unknown [100.0%],"Xinwang Economic Zone, Longzhou County, Guangxi Zhuang Autonomous Region",广西壮族自治区龙州县工业区新旺经济区畜牧场内,Longzhou,Guangxi,China,Asia Pacific,"22.3263610, 106.9461600",exact,https://www.gem.wiki/Guangxi_Longzhou_Zhongheng_Wanhua_Industrial_Co_Ltd,11.0,unknown,unknown,2015,unknown,unknown,unknown,,,,,unknown,unknown,unknown,188,no,no,no,BF,unknown,unknown,unknown,,22.326361,106.94616,CHN,0.036768009157928334,135963,12209976.102895368,22.29166667,106.95833333,156,1
P100000120094,Guangxi Shenglong Metallurgical Co Ltd,广西盛隆冶金有限公司,"Guangxi Wanxin Iron and Steel Co., Ltd.",广西万鑫钢铁有限公司,Guangxi Shenglong Metallurgical Co Ltd,广西盛隆冶金有限公司,E100000123226,5000577864,,Guangxi Shenglong Metallurgical Co Ltd [100.0%],E100000123226 [100.0%],5000577864 [100.0%],"Yagang Village, Gongche Town, Port District, Fangchenggang City, Guangxi Zhuang Autonomous Region",广西防城港市港口区公车镇垭港村,Fangchenggang,Guangxi,China,Asia Pacific,"21.6876370, 108.4123440",exact,https://www.gem.wiki/Guangxi_Shenglong_Metallurgical_Co_Ltd,23.0,unknown,unknown,2003,unknown,unknown,unknown,,,,,"semi-finished, finished rolled","wire rod, billet, bar, hot rolled","building and infrastructure, tools and machinery",11959,2022-12-12 00:00:00,2022-12-23 00:00:00,no,BF; BOF,unknown,unknown,unknown,,21.687637,108.412344,CHN,0.04269557835969935,136650,954514098.9683073,21.70833333,108.375,156,1
P100000120369,Guangxi Wuzhou Jinhai Stainless Steel Co Ltd,广西梧州市金海不锈钢有限公司,,,Guangxi Wuzhou Jinhai Stainless Steel Co Ltd,广西梧州市金海不锈钢有限公司,E100000127026,unknown,,Guangdong Jinhai Brilliant Group Co Ltd [100.0%],E100000127973 [100.0%],unknown [100.0%],"No.2 Fengying Road, Wuzhou City, Guangxi Zhuang Autonomous Region",广西壮族自治区梧州市丰盈路2号,Wuzhou,Guangxi,China,Asia Pacific,"23.5182290, 111.2355090",exact,https://www.gem.wiki/Guangxi_Wuzhou_Jinhai_Stainless_Steel_Co_Ltd,16.0,unknown,unknown,2010,unknown,unknown,unknown,,,,,finished rolled,"cold rolled, coil, strip, hot rolled",unknown,931,2024-07-01 00:00:00,no,no,EAF,Southern Power Grid North Bay Power Supply Bureau in Guangxi,unknown,unknown,,23.518229,111.235509,CHN,0.03588650742239088,133441,607979569.3111423,23.54166667,111.20833333,156,1
P100000120367,Guilin Pinggang Iron and Steel Co Ltd,桂林平钢钢铁有限公司,,,Guilin Pinggang Iron and Steel Co Ltd,桂林平钢钢铁有限公司,E100000126688,unknown,,Guangxi Xingui Steel Group Co Ltd [65.0%]; natural person(s) [35.0%],E100000128020 [65.0%]; E100000123261 [35.0%],unknown [65.0%]; unknown [35.0%],"Ertang Town, Pingle County, Guilin City, Guangxi Zhuang Autonomous Region",广西壮族自治区桂林市平乐县二塘工业集中区,Guilin,Guangxi,China,Asia Pacific,"24.6735670, 110.7895900",exact,https://www.gem.wiki/Guilin_Pinggang_Iron_and_Steel_Co_Ltd,29.0,unknown,unknown,1997,unknown,unknown,unknown,,,,,finished rolled,"wire rod, rebar","building and infrastructure, transport",360,2024-10-15 00:00:00,no,no,EAF,"Guangxi New Power Investment Group Co., Ltd.",unknown,unknown,,24.673567,110.78959,CHN,0.03482829682826565,130117,33714093.6953855,24.70833333,110.79166667,156,1
P100000120098,Guizhou Ganglian Industrial Group Co Ltd,贵州钢联实业集团有限公司,,贵州钢联实业集团有限公司长岭特殊钢厂,Guizhou Ganglian Industrial Group Co Ltd,贵州钢联实业集团有限公司,E100000127293,unknown,,Guizhou Ganglian Industrial Group Co Ltd [100.0%],E100000127293 [100.0%],unknown [100.0%],"Pingqiao Industrial Park, Honghuagang District, Zunyi City, Guizhou Province",贵州省遵义市红花岗区坪桥工业园区内,Zunyi,Guizhou,China,Asia Pacific,"27.6151470, 106.9499260",exact,https://www.gem.wiki/Guizhou_Ganglian_Industrial_Group_Co_Ltd,12.0,unknown,unknown,2014,unknown,unknown,unknown,,,,,unknown,unknown,unknown,unknown,no,no,no,EAF,unknown,unknown,unknown,,27.615147,106.949926,CHN,0.012952405441802912,121113,3047624310.877063,27.625,106.95833333,156,1
P100000120364,Guizhou Hexing Steel Co Ltd,贵州省和兴钢铁有限公司,Guizhou Hexing Metal Products Co Ltd,贵州省和兴金属制品有限公司,Guizhou Hexing Metal Products Co Ltd,贵州省和兴金属制品有限公司,E100000126147,unknown,,natural person(s) [65.0%]; Guizhou Mindong Economic and Trade Co Ltd [35.0%],E100000123261 [65.0%]; E100000128158 [35.0%],unknown [65.0%]; unknown [35.0%],"Jiangshuiqiao, Xingshan Town, Majiang County, Qiandongnan Miao and Dong Autonomous Prefecture, Guizhou Province",贵州省黔东南苗族侗族自治州麻江县杏山镇江水桥,Qiandongnan,Guizhou,China,Asia Pacific,"26.5095250, 107.5704580",exact,https://www.gem.wiki/Guizhou_Hexing_Steel_Co_Ltd,14.0,unknown,unknown,2012,unknown,unknown,unknown,,,,,unknown,unknown,unknown,130,no,no,no,EAF,State Grid,unknown,unknown,,26.509525,107.570458,CHN,0.04315121821638569,124492,30310794.301979743,26.54166667,107.54166667,156,1
P100000120360,Guizhou Juxin Iron and Steel Group Co Ltd,贵州聚鑫钢铁(集团)有限公司,,,Qianxinan Prefecture Juxin Industry & Trade General Co,贵州聚鑫钢铁（集团）有限公司,E100000126448,unknown,,Qianxinan Prefecture Juxin Industry & Trade General Co [100.0%],E100000126448 [100.0%],unknown [100.0%],"Hexin Village, Dingxiao Town, Xingyi City, Guizhou Province",贵州省兴义市顶效镇合心村胜平路96号,Xingyi,Guizhou,China,Asia Pacific,"25.1508570, 105.0417220",exact,https://www.gem.wiki/Guizhou_Juxin_Iron_and_Steel_Group_Co_Ltd,33.0,unknown,unknown,1993,unknown,unknown,unknown,,,,,"semi-finished, finished rolled","billet, rebar",building and infrastructure,94,2023-11-15 00:00:00,2023-08-11 00:00:00,no,EAF,Guizhou Power Grid Company and Xingyi Local Power Grid,unknown,unknown,,25.150857,105.041722,CHN,0.025857059198772396,128773,259782939.28469855,25.125,105.04166667,156,1
P100000120097,Guizhou United Iron and Steel Group Co Ltd,贵州联合钢铁(集团)有限公司,,,Guizhou United Steel (Group) Co Ltd,贵州联合钢铁（集团）有限公司,E100000126286,unknown,,Guiyang Changle Iron and Steel Co Ltd [33.3%]; Qianxinan Prefecture Juxin Industry & Trade General Co [33.3%]; Zunyi County Fuxin Iron & Steel Product Co Ltd [33.3%],E100000128163 [33.3%]; E100000126448 [33.3%]; E100000126901 [33.3%],unknown [33.3%]; unknown [33.3%]; unknown [33.3%],"Bali Village, Longkeng Town, Southern New District, Zunyi City, Guizhou Province",贵州省遵义市南部新区龙坑办八里村,Zunyi,Guizhou,China,Asia Pacific,"27.5916910, 106.8140240",exact,https://www.gem.wiki/Guizhou_United_Iron_and_Steel_Group_Co_Ltd,12.0,unknown,unknown,2014,unknown,unknown,unknown,,,,,unknown,unknown,unknown,unknown,no,no,no,EAF,Xingyi Power,unknown,unknown,,27.591691,106.814024,CHN,0.04011657619649375,121111,288427354.33009654,27.625,106.79166667,156,1
P100001063796,Haicheng Hengsheng Casting Co Ltd,海城市恒盛铸业有限公司,,,Haicheng Hengsheng Casting Co Ltd,,E100002020776,unknown,,Haicheng Hengsheng Casting Co Ltd [100.0%],E100002020776 [100.0%],unknown [100.0%],Tengao Economic Development Zone,辽宁省海城市腾鳌经济开发区,unknown,Liaoning,China,Asia Pacific,"41.057478, 122.832800",exact,https://www.gem.wiki/Haicheng_Hengsheng_Casting_Co_Ltd,26.0,unknown,unknown,2000,unknown,unknown,unknown,,,,,unknown,unknown,unknown,1808,2024-06-08 00:00:00,unknown,no,BF; BOF,unknown,unknown,unknown,,41.057478,122.8328,CHN,0.04406755034329266,40559,722648668.565372,41.04166667,122.79166667,156,1
P100000120102,Handan Iron and Steel Group Co Ltd,邯郸钢铁集团有限责任公司邯郸分公司,,,Handan Iron and Steel Group Co Ltd,邯郸钢铁集团有限责任公司,E100000126869,unknown,Full,HBIS Group Co Ltd [100.0%],E100000124529 [100.0%],5000022648 [100.0%],"No. 232 Fuxing Road, Tiexan Street, Fuxing District, Handan City, Hebei Province",河北省邯郸市复兴区铁西南大街复兴路232号,Handan,Hebei,China,Asia Pacific,"36.6013080, 114.4398890",exact,https://www.gem.wiki/Handan_Iron_and_Steel_Group_Co_Ltd,64.91,unknown,unknown,1958,unknown,unknown,2022-12-01 00:00:00,,,,,finished rolled,"wire rod, bar, sheet, plate","automotive, building and infrastructure, tools and machinery, transport",35481,unknown,unknown,no,BF; BOF,unknown,unknown,unknown,,36.601308,114.439889,CHN,0.030025059086520752,69808,34430628965.986046,36.625,114.45833333,156,1
P100000120326,Handan Steel Group Handan Bao Steel Co Ltd,河钢集团邯钢新区,Handan Iron and Steel Group Co Ltd (She County),邯钢集团邯宝钢铁有限公司(邯钢新区),Hanshan Iron and Steel Co Ltd,邯钢龙山钢铁有限公司,E100000126841,unknown,Full,HBIS Group Co Ltd [100.0%],E100000124529 [100.0%],5000022648 [100.0%],"Longxi Industrial Park, She County, Handan City, Hebei Province",河北省邯郸市涉县龙西工业园区,Handan,Hebei,China,Asia Pacific,"36.6858810, 113.8370730",exact,https://www.gem.wiki/Handan_Steel_Group_Handan_Bao_Steel_Co_Ltd,4.0,unknown,2020-03-01 00:00:00,2022,unknown,unknown,unknown,,,,,finished rolled,"wire rod, bar, sheet, plate","automotive, building and infrastructure, energy, tools and machinery, transport",5700,2024-05-18 00:00:00,no,no,BF; BOF,unknown,unknown,unknown,,36.685881,113.837073,CHN,0.044074532912200245,69254,296202759.7826058,36.70833333,113.875,156,1
P100000120334,Hangda Steel Co Ltd,四川德润钢铁集团航达钢铁有限责任公司,"Dazhou Hangda Iron and Steel Co., Ltd.",达州市航达钢铁有限责任公司,Dazhou Hangda Steel Co Ltd,四川德润钢铁集团航达钢铁有限责任公司,E100000126573,unknown,,Dazhou Hangda Steel Co Ltd [100.0%],E100000126573 [100.0%],unknown [100.0%],Liuchi Industrial Park,四川达州市宣汉县柳池工业园区,unknown,Sichuan,China,Asia Pacific,"31.4351490, 107.6859810",exact,https://www.gem.wiki/Hangda_Steel_Co_Ltd,22.31,unknown,unknown,2003-10-30 00:00:00,unknown,unknown,unknown,,,,,unknown,unknown,tools and machinery,564,2023-02-02 00:00:00,expired,no,EAF,State Grid,unknown,unknown,,31.435149,107.685981,CHN,0.03220465516005331,101142,49607605.43538932,31.45833333,107.70833333,156,1
P100000120315,Hbis Laoting Steel Co Ltd,唐钢新区,,河钢乐亭钢铁有限公司(唐钢新区),HBIS Laoting Steel Co Ltd,河钢乐亭钢铁有限公司,E100000123169,unknown,Partial,HBIS Co Ltd [69.1%]; HBIS Group Co Ltd [7.7%]; Hebei Province Jicai Lndustryl Equity Lnvestment Fund Co Ltd [7.0%]; China Everbright Group Ltd [6.5%]; Gansu Provincial State-owned Assets Investment Group Co Ltd [3.0%]; Tangshan City Development Group Co Ltd [2.9%]; Gansu Financial Holding Group Co Ltd [2.0%]; unknown [0.9%]; Gansu Highway Aviation Tourism Investment Group Co Ltd [0.8%],E100000123542 [69.1%]; E100000124529 [7.7%]; E100000128826 [7.0%]; E100000128904 [6.5%]; E100000000189 [3.0%]; E100000124528 [2.9%]; E100000128905 [2.0%]; E100000132388 [0.9%]; E100000129075 [0.8%],unknown [69.1%]; 5000022648 [7.7%]; unknown [7.0%]; 5000038293 [6.5%]; 5000611771 [3.0%]; unknown [2.9%]; unknown [2.0%]; unknown [0.9%]; unknown [0.8%],"Economic Development Zone, laoting Couty, Tangshan City, Hebei Province",河北乐亭经济开发区,Tangshan,Hebei,China,Asia Pacific,"39.2578230, 119.0335670",exact,https://www.gem.wiki/Hbis_Laoting_Steel_Co_Ltd,6.0,unknown,unknown,2020,unknown,unknown,unknown,,5097.0,,3706.0,semi-finished,"billet, hot rolled",unknown,9613,2024-04-09 00:00:00,2024-04-09 00:00:00,no,BF; BOF; EAF,Rooftop Distributed Photovoltaic Power Generation,unknown,unknown,8803.0,39.257823,119.033567,CHN,0.03479940593138644,52604,658638310.9064554,39.29166667,119.04166667,156,1
P100000121045,Hebei Anfeng Iron and Steel Co Ltd,河北安丰钢铁集团有限公司,,,Hebei Anfeng Iron & Steel Co Ltd,河北安丰钢铁集团有限公司,E100000123162,unknown,,Hebei Anfeng Iron & Steel Co Ltd [100.0%],E100000123162 [100.0%],unknown [100.0%],"Jing'an Town, Changli County, Qinhuangdao City, Hebei Province",河北省秦皇岛市昌黎县靖安镇,Qinhuangdao,Hebei,China,Asia Pacific,"39.6584900, 118.8948040",exact,https://www.gem.wiki/Hebei_Anfeng_Iron_and_Steel_Co_Ltd,24.0,unknown,unknown,2002,unknown,unknown,unknown,,,3900.0,2000.0,finished rolled,"cold rolled, coated, hot rolled","automotive, building and infrastructure, tools and machinery",5146,2025-09-30 00:00:00,2024-09-03 00:00:00,no,BF; BOF,unknown,unknown,unknown,5900.0,39.65849,118.894804,CHN,0.038907306717373455,50356,301142693.52749974,39.625,118.875,156,1
P100000120135,Hebei Baoxin Iron and Steel Group Co Ltd,河北宝信钢铁集团有限公司,"Fengfeng Mining Area Baoxin Materials Co., Ltd., Fengfeng Mining Area Baoxin Steel Co., Ltd., Hebei Baoxin Steel Co., Ltd.","峰峰矿区宝信钢铁有限公司, 峰峰矿区宝信物资有限责任公司, 河北宝信钢铁有限公司",Hebei Baoxin Iron and Steel Group Co Ltd,河北宝信钢铁集团有限公司,E100000126822,unknown,,Hebei Baoxin Iron and Steel Group Co Ltd [100.0%],E100000126822 [100.0%],unknown [100.0%],"East of Nanbate Village, Fengfeng Mining District, Handan City, Hebei Province",河北省邯郸市峰峰矿区和村镇南八特村东,Handan,Hebei,China,Asia Pacific,"36.5552050, 114.1082730",exact,https://www.gem.wiki/Hebei_Baoxin_Iron_and_Steel_Group_Co_Ltd,19.0,unknown,unknown,2002,unknown,unknown,2021,,2000.0,,,unknown,unknown,unknown,unknown,no,no,no,BF; BOF,unknown,unknown,unknown,2000.0,36.555205,114.108273,CHN,0.021519268300504112,70343,1340340843.3454995,36.54166667,114.125,156,1
P100000121249,Hebei Bishi Inner Mongolia iron and steel plant,河北毕氏实业集团有限公司,"Jing'an Nonferrous Metal Materials Co., Ltd.",内蒙古（奈曼）经安有色金属材料有限公司,Inner Mongolia (Naiman) Jingan Non-ferrous Metal Materials Co Ltd,内蒙古（奈曼）经安有色金属材料有限公司,E100000160981,unknown,,Inner Mongolia (Naiman) Jingan Non-ferrous Metal Materials Co Ltd [100.0%],E100000160981 [100.0%],unknown [100.0%],Industrial area A,内蒙古自治区通辽市奈曼旗工业园区A区,unknown,Inner Mongolia,China,Asia Pacific,"43.6961860, 122.2194330",approximate,https://www.gem.wiki/Hebei_Bishi_Inner_Mongolia_iron_and_steel_plant,,2023-10-26 00:00:00,unknown,unknown,unknown,unknown,unknown,,,,,unknown,unknown,unknown,unknown,unknown,unknown,no,DRI; EAF,unknown,unknown,unknown,,43.696186,122.219433,CHN,0.016454795660772004,24333,755333747.2342982,43.70833333,122.20833333,156,1
P100000120119,Hebei Donghai Special Steel Co Ltd,河北东海特钢集团有限公司,"Tangshan Donghai Iron and Steel Group Special Steel Co., Ltd.",唐山东海钢铁集团特钢有限公司,Hebei Donghai SPECIAL Steel Group Co Ltd,河北东海特钢集团有限公司,E100000126598,unknown,,Hebei Donghai SPECIAL Steel Group Co Ltd [100.0%],E100000126598 [100.0%],unknown [100.0%],"Ciyutuo Industrial Park, Luan County, Tangshan City, Hebei Province",河北省唐山市滦县262省道/河北省唐山市滦县茨榆坨工业园区,Tangshan,Hebei,China,Asia Pacific,"39.6106050, 118.4747220",exact,https://www.gem.wiki/Hebei_Donghai_Special_Steel_Co_Ltd,17.0,unknown,unknown,2009,unknown,unknown,unknown,,,,,finished rolled,"sheet, strip, coated, coil, slab",unknown,11295,2025-06-18 00:00:00,2024-08-08 00:00:00,no,BF; BOF,unknown,unknown,unknown,,39.610605,118.474722,CHN,0.021812944078432834,50351,1222250055.6719754,39.625,118.45833333,156,1
P100001064139,Hebei Guanfeng Metallurgical Industry Co Ltd,河北冠丰冶金工业有限公司,,,Hebei Guanfeng Metallurgical Industry Co Ltd,,E100002020996,unknown,,Hebei Guanfeng Metallurgical Industry Co Ltd [100.0%],E100002020996 [100.0%],unknown [100.0%],unknown,,Handan,Hebei,China,Asia Pacific,"36.734220, 114.111085",exact,https://www.gem.wiki/Hebei_Guanfeng_Metallurgical_Industry_Co_Ltd,18.93,unknown,unknown,2007-03-15 00:00:00,unknown,unknown,unknown,,,,,semi-finished,Foundry Pig Iron,unknown,321,2023-01-17 00:00:00,2023-01-17 00:00:00,no,BF,unknown,unknown,unknown,,36.73422,114.111085,CHN,0.029389571427442467,69257,2791499561.2492723,36.70833333,114.125,156,1
P100000120151,Hebei Huaxi Iron and Steel Co Ltd,"河北钢铁集团华西钢铁有限公司, 滦南华瑞钢铁有限公司, 唐山钢铁集团华西钢铁有限公司","Tangshan Iron and Steel Group Huaxi Iron and Steel Co., Ltd., Luannan Huarui Iron and Steel Co., Ltd., Hebei Iron and Steel Group Huaxi Iron and Steel Co., Ltd.",河北华西钢铁有限公司,Luannan Huarui Steel Co Ltd,河北华西钢铁有限公司,E100000127272,unknown,Partial,Wuxi Zhongbang Equity Investment Partnership LP [77.8%]; Jiangsu Huaxi Group Co Ltd [22.2%],E100000128531 [77.8%]; E100000128532 [22.2%],unknown [77.8%]; unknown [22.2%],"Jinying Village, Langcheng Town, Luannan County, Tangshan City, Hebei Province",河北省唐山市滦南县倴城镇靳营村,Tangshan,Hebei,China,Asia Pacific,"39.5183300, 118.7157660",exact,https://www.gem.wiki/Hebei_Huaxi_Iron_and_Steel_Co_Ltd,19.0,unknown,unknown,2002,unknown,unknown,2021,,,,,"crude, semi-finished",billet,unknown,unknown,expired,expired,no,BF; BOF,unknown,unknown,unknown,,39.51833,118.715766,CHN,0.024491728195816572,50918,1572778754.3996863,39.54166667,118.70833333,156,1
P100000120323,Hebei Huaxi Special Steel Co Ltd,河北华西特种钢铁有限公司,,,Hebei Huaxi Special Steel Co Ltd,河北华西特种钢铁有限公司,E100000126892,unknown,Partial,Wuxi Zhongbang Equity Investment Partnership LP [77.8%]; Jiangsu Huaxi Group Co Ltd [22.2%],E100000128531 [77.8%]; E100000128532 [22.2%],unknown [77.8%]; unknown [22.2%],"Harbor economic development zone, Tangshan City, Hebei Province",河北唐山海港经济开发区内的钢材及钢材深加工区,Tangshan,Hebei,China,Asia Pacific,"39.2607840, 119.0059250",exact,https://www.gem.wiki/Hebei_Huaxi_Special_Steel_Co_Ltd,5.0,unknown,unknown,2021,unknown,unknown,unknown,,,,,semi-finished,"billet, structural",unknown,2021,2025-06-19 00:00:00,2025-06-19 00:00:00,no,BF; BOF,unknown,unknown,unknown,,39.260784,119.005925,CHN,0.047235646292996904,52604,658638310.9064554,39.29166667,119.04166667,156,1
P100000120378,Hebei Huaxin Special Steel Co Ltd,河北华信特种钢铁有限公司,,,Hebei Huaxin Special Steel Co Ltd,河北华信特种钢铁有限公司,E100000126550,unknown,,Jinan Iron & Steel Group Co Ltd [85.1%]; Wuan Yuhua Steel Co Ltd [11.5%]; unknown [3.5%],E100000126505 [85.1%]; E100000126416 [11.5%]; E100000132388 [3.5%],unknown [85.1%]; unknown [11.5%]; unknown [3.5%],"Zone B, New Equipment Industrial Park, Economic Development Zone, Fengfeng Mining Area, Handan City, Hebei Province",河北省邯郸市峰峰矿区经济开发区新装备产业园B区,Handan,Hebei,China,Asia Pacific,"36.5304800, 114.2452620",exact,https://www.gem.wiki/Hebei_Huaxin_Special_Steel_Co_Ltd,5.0,unknown,unknown,2021,unknown,unknown,unknown,,,,,semi-finished,"billet, structural",unknown,1770,2023-07-21 00:00:00,2023-07-21 00:00:00,no,BF; BOF,unknown,unknown,unknown,,36.53048,114.245262,CHN,0.03858585561650049,70344,1439683054.8066726,36.54166667,114.20833333,156,1
P100001064078,Hebei Jingdong Pipe Industry Co Ltd,河北京东管业有限公司,,迁安联钢磨盘山钢铁有限公司,Hebei Jingdong Pipe Industry Co Ltd,,E100002020978,unknown,,Hebei Jingdong Pipe Industry Co Ltd [100.0%],E100002020978 [100.0%],unknown [100.0%],unknown,河北省迁安市彭店子镇彭店子村北,Tangshan,Hebei,China,Asia Pacific,"39.932656, 118.836844",exact,https://www.gem.wiki/Hebei_Jingdong_Pipe_Industry_Co_Ltd,23.65,unknown,unknown,2002-06-26 00:00:00,unknown,unknown,unknown,,,,,"semi-finished, finished rolled","Foundry Pig Iron, Centrifugal Ductile Iron Pipes, Cast Iron Parts",unknown,1400,expired,expired,no,BF; EAF,unknown,unknown,unknown,,39.932656,118.836844,CHN,0.045991364536497374,48063,177055102.2953652,39.95833333,118.875,156,1
P100000120117,Hebei Jinxi Iron and Steel Group Co Ltd,河北津西钢铁集团股份有限公司,"Hebei Jinxi Iron and Steel Co., Ltd.",河北津西钢铁股份有限公司,Hebei Jinxi Iron & Steel Group Co Ltd,河北津西钢铁集团股份有限公司,E100000123170,unknown,,Gold Geneses Development Ltd [57.2%]; FIRST GLORY SERVICES Ltd [38.0%]; unknown [4.8%],E100000126003 [57.2%]; E100000126002 [38.0%]; E100000132388 [4.8%],unknown [57.2%]; unknown [38.0%]; unknown [4.8%],"East of Santunying Town, Qianxi County, Tangshan City, Hebei Province",河北省唐山市迁西县三屯营镇东,Tangshan,Hebei,China,Asia Pacific,"40.2098440, 118.2205470",exact,https://www.gem.wiki/Hebei_Jinxi_Iron_and_Steel_Group_Co_Ltd,40.0,unknown,unknown,1986,unknown,unknown,unknown,,14840.0,,2000.0,finished rolled,"angle, piling, h-beam, channel","building and infrastructure, transport",5364,2025-06-30 00:00:00,2024-06-26 00:00:00,no,BF; BOF,Distributed Photovoltaic Power Generation,unknown,unknown,16840.0,40.209844,118.220547,CHN,0.012306740377437151,46309,251849587.08247745,40.20833333,118.20833333,156,1
P100000120350,Hebei Longfengshan Casting Co Ltd,河北龙凤山铸业有限公司,"Wu'an Longfengshan Metallurgical Industry Co., Ltd.",武安市龙凤山冶金工业有限公司,Hebei PROVINCE Longfengshan Casting Industry Co Ltd,河北龙凤山铸业有限公司,E100000126568,unknown,,natural person(s) [90.1%]; China Development Bank Corp [9.9%],E100000123261 [90.1%]; E100001001051 [9.9%],unknown [90.1%]; unknown [9.9%],"Chongyi Village, Wu'an, Handan City, Hebei Province",河北省邯郸市武安崇义村,Handan,Hebei,China,Asia Pacific,"36.7051050, 114.1053870",exact,https://www.gem.wiki/Hebei_Longfengshan_Casting_Co_Ltd,27.0,unknown,unknown,1999,unknown,unknown,unknown,,,,,semi-finished,pig iron,"automotive, energy, tools and machinery",2115,expired,expired,no,BF,unknown,unknown,unknown,,36.705105,114.105387,CHN,0.019876918362491662,69257,2791499561.2492723,36.70833333,114.125,156,1
P100000120307,Hebei Mingbin Iron and Steel Co Ltd,河北铭镔钢铁有限公司,Hebei Wenan Iron and Steel Group Co Ltd,河北文安钢铁集团有限公司,Hebei New Wuan Steel Group Wenan IRON&STEEL Co Ltd,河北新武安钢铁集团文安钢铁有限公司,E100000127093,unknown,,natural person(s) [49.0%]; Hebei Puyang Industrial Group Co Ltd [33.2%]; Longxiang Group (Hong Kong) [17.8%],E100000123261 [49.0%]; E100000124068 [33.2%]; E100000126000 [17.8%],unknown [49.0%]; unknown [33.2%]; unknown [17.8%],"Nanminghe Industrial Park, Wu'an Industrial Park, Handan City, Hebei Province",河北省邯郸市武安市工业园区南洺河工业园,Handan,Hebei,China,Asia Pacific,"36.6314910, 113.9686350",exact,https://www.gem.wiki/Hebei_Mingbin_Iron_and_Steel_Co_Ltd,,2021-12-01 00:00:00,2024,unknown,unknown,unknown,unknown,,2800.0,,1200.0,finished rolled,"wire rod, round bar, strip, hot rolled",unknown,unknown,unknown,unknown,no,BF; BOF,unknown,unknown,unknown,4000.0,36.631491,113.968635,CHN,0.012176103062513193,69802,188809636.46592227,36.625,113.95833333,156,1
P100000120113,Hebei Puyang Iron and Steel Co Ltd,河北新武安钢铁集团普阳钢铁有限公司,"Hebei Puyang Iron and Steel Group Co., Ltd., Hebei Puyang Metallurgical Casting Co., Ltd., Hebei Xinwu'an Iron and Steel Group Puyang Iron and Steel Co., Ltd.","河北普阳钢铁集团有限公司, 河北普阳冶金铸造有限公司, 河北普阳钢铁有限公司",Hebei Puyang Iron and Steel Co Ltd,河北普阳钢铁有限公司,E100000123171,unknown,,Hebei Puyang Industrial Group Co Ltd [65.0%]; Longxiang Group (Hong Kong) [35.0%],E100000124068 [65.0%]; E100000126000 [35.0%],unknown [65.0%]; unknown [35.0%],"East Village, Yangyi Town, Wu'an City, Handan City, Hebei Province",河北省邯郸市武安市阳邑镇村东,Handan,Hebei,China,Asia Pacific,"36.7336750, 113.9259950",exact,https://www.gem.wiki/Hebei_Puyang_Iron_and_Steel_Co_Ltd,34.0,unknown,unknown,1992,unknown,unknown,unknown,,9216.0,,1200.0,finished rolled,"galvanized, wire rod, plate, pipe, cold rolled, coil",building and infrastructure,6863,2022-12-22 00:00:00,2022-12-22 00:00:00,no,BF; BOF,"Self-Produced Gas Power Generation, 80MW Power Generation Project",unknown,unknown,10416.0,36.733675,113.925995,CHN,0.04108488560988956,69255,313791587.31473416,36.70833333,113.95833333,156,1
P100000120145,Hebei Rongxin Steel Co Ltd,迁安市荣信工贸有限责任公司,"Hebei Iron and Steel Group Rongxin Iron and Steel Co., Ltd., Qian'an Rongxin Industry and Trade Co., Ltd., Tangshan Great Wall Iron and Steel Group Rongxin Iron and Steel Co., Ltd.","河北荣信钢铁有限公司, 唐山长城钢铁集团荣信钢铁有限公司, 河北钢铁集团荣信钢铁有限公司",Hebei Rongxin Iron & Steel Co Ltd,河北荣信钢铁有限公司,E100000127252,unknown,,Tangshan Xinfengsheng Trade Co Ltd [72.6%]; Hebei Xinda Iron and Steel Co Ltd [27.4%],E100000124071 [72.6%]; E100000123220 [27.4%],unknown [72.6%]; unknown [27.4%],"Guanzhuangzi, Shaheyi Town, Qian'an City, Tangshan City, Hebei Province",河北省唐山市迁安市沙河驿镇管庄子,Tangshan,Hebei,China,Asia Pacific,"39.8806610, 118.5587550",exact,https://www.gem.wiki/Hebei_Rongxin_Steel_Co_Ltd,24.0,unknown,unknown,2002,unknown,unknown,unknown,,,,,semi-finished,billet,unknown,2407,2023-03-21 00:00:00,2025-02-10 00:00:00,no,BF; BOF,unknown,unknown,unknown,,39.880661,118.558755,CHN,0.01800160946107824,48639,796505445.106471,39.875,118.54166667,156,1
P100000120325,Hebei Taihang Iron and Steel Group Co Ltd,河北太行钢铁集团有限公司,,,Hebei Taihang Iron and Steel Group Co Ltd,河北太行钢铁集团有限公司,E100000123223,unknown,,Hebei Taihang Iron and Steel Group Co Ltd [100.0%],E100000123223 [100.0%],unknown [100.0%],"Nanminghe Industrial Park, Wu'an City, Handan City, Hebei Province",河北省邯郸市武安市南洺河工业园区磁山镇,Handan,Hebei,China,Asia Pacific,"36.6137160, 114.0823490",exact,https://www.gem.wiki/Hebei_Taihang_Iron_and_Steel_Group_Co_Ltd,5.0,unknown,unknown,2021,unknown,unknown,unknown,,,,,finished rolled,"structural, wire, bar",unknown,6461,2024-07-12 00:00:00,2024-07-12 00:00:00,no,BF; BOF,unknown,unknown,unknown,,36.613716,114.082349,CHN,0.04221824996643778,69803,383769388.9911753,36.625,114.04166667,156,1
P100000120150,Hebei Tangyin Iron and Steel Co Ltd,河北唐银钢铁有限公司,,,Hebei Tangyin IRON&STEEL Co Ltd,河北唐银钢铁有限公司,E100000123222,unknown,Partial,HBIS Group Co Ltd [51.0%]; Hebei Yinshui Industrial Group Co Ltd [49.0%],E100000124529 [51.0%]; E100000124065 [49.0%],5000022648 [51.0%]; unknown [49.0%],"Jia'anzi Village, Kaiping District, Tangshan, Hebei",河北省唐山市开平区贾庵子村东侧,Tangshan,Hebei,China,Asia Pacific,"39.6993540, 118.2131880",exact,https://www.gem.wiki/Hebei_Tangyin_Iron_and_Steel_Co_Ltd,14.0,unknown,unknown,2006,unknown,unknown,2020,,,,,finished rolled,"wire, strip, bar",unknown,unknown,unknown,unknown,no,BF; BOF,unknown,unknown,unknown,,39.699354,118.213188,CHN,0.010207653406040379,49782,13017662437.888332,39.70833333,118.20833333,156,1
P100000120328,Hebei Tangyin Iron and Steel Co Ltd Caofeidian base,河北唐银钢铁有限公司(曹妃甸),,,Hebei Tangyin IRON&STEEL Co Ltd,河北唐银钢铁有限公司,E100000123222,unknown,Partial,HBIS Group Co Ltd [51.0%]; Hebei Yinshui Industrial Group Co Ltd [49.0%],E100000124529 [51.0%]; E100000124065 [49.0%],5000022648 [51.0%]; unknown [49.0%],"Caofeidian Small and Medium-sized Enterprise Park, Tangshan City, Hebei Province",河北省唐山市曹妃甸中小企业园区,Tangshan,Hebei,China,Asia Pacific,"39.1604010, 118.4298060",exact,https://www.gem.wiki/Hebei_Tangyin_Iron_and_Steel_Co_Ltd_Caofeidian_base,20.0,unknown,unknown,2006,unknown,unknown,unknown,,5300.0,,1200.0,"semi-finished, finished rolled","structural, wire rod, strip, bar, billet, hot rolled",unknown,3696,2023-05-18 00:00:00,2023-05-18 00:00:00,no,BF; BOF,unknown,unknown,unknown,6500.0,39.160401,118.429806,CHN,0.04546470452921782,53694,146526011.7107865,39.125,118.45833333,156,1
P100000120324,Hebei Tianzhu Iron and Steel Group Co Ltd,河北天柱钢铁集团有限公司,,,Hebei Tianzhu Iron and Steel Group Special Steel Co Ltd,河北天柱钢铁集团特钢有限公司,E100000126131,unknown,,Hebei Tianzhu IRON&STEEL (GROUP) Co Ltd [100.0%],E100000123221 [100.0%],unknown [100.0%],"Harbor economic development zone, Tangshan City, Hebei Province",唐山海港开发区沿海公路以北、东风大路以东办公楼,Tangshan,Hebei,China,Asia Pacific,"39.2700320, 119.0137600",exact,https://www.gem.wiki/Hebei_Tianzhu_Iron_and_Steel_Group_Co_Ltd,4.0,2019-09-01 00:00:00,2020,2022,unknown,unknown,unknown,,,,,unknown,unknown,"automotive, building and infrastructure, tools and machinery, transport",2909,2025-10-10 00:00:00,2025-10-10 00:00:00,no,BF; BOF,unknown,unknown,unknown,,39.270032,119.01376,CHN,0.035310638290709205,52604,658638310.9064554,39.29166667,119.04166667,156,1
P100000120149,Hebei Tianzhu Iron and Steel Group Co Ltd Fengrun Plant,唐山天柱钢铁集团有限公司丰润厂区,"Tangshan Tianzhu Iron and Steel Group Co., Ltd.",河北天柱钢铁集团有限公司,Hebei Tianzhu IRON&STEEL (GROUP) Co Ltd,河北天柱钢铁集团有限公司,E100000123221,unknown,,Hebei Tianzhu IRON&STEEL (GROUP) Co Ltd [100.0%],E100000123221 [100.0%],unknown [100.0%],"Yinguantun Village, Fengrun District, Tangshan, Hebei",河北省唐山市丰润区殷官屯村东,Tangshan,Hebei,China,Asia Pacific,"39.8035240, 118.2056630",exact,https://www.gem.wiki/Hebei_Tianzhu_Iron_and_Steel_Group_Co_Ltd_Fengrun_Plant,19.5,unknown,unknown,2003,2019,unknown,2022-07-01 00:00:00,,,,,finished rolled,"strip, piling, hot rolled, h-beam, wire","automotive, building and infrastructure, tools and machinery, transport",unknown,2022-10-11 00:00:00,2022-10-11 00:00:00,no,BF; BOF,unknown,unknown,unknown,,39.803524,118.205663,CHN,0.01215429706062533,49213,4568324809.945682,39.79166667,118.20833333,156,1
P100000120115,Hebei Wenfeng Iron and Steel Co Ltd,河北文丰钢铁有限公司,,,Hebei Wenfeng STEEL&IRON Co Ltd,河北文丰钢铁有限公司,E100000127214,unknown,,Hebei Wenfeng STEEL&IRON Co Ltd [100.0%],E100000127214 [100.0%],unknown [100.0%],"Wuji Town, Wu'an City, Handan City, Hebei Province",河北省邯郸市武安市午汲镇大贺庄村,Handan,Hebei,China,Asia Pacific,"36.6457700, 114.1242580",exact,https://www.gem.wiki/Hebei_Wenfeng_Iron_and_Steel_Co_Ltd,20.0,unknown,unknown,2001,unknown,unknown,2021,,,,,finished rolled,plate,unknown,2228,expired,expired,no,BF; BOF,unknown,unknown,unknown,,36.64577,114.124258,CHN,0.020783249601541036,69804,1570133414.6514165,36.625,114.125,156,1
P100000120136,Hebei Xin Wuan Steel Group Hongrong Iron and Steel Co Ltd,河北新武安钢铁集团烘熔钢铁有限公司,"Wu'an Hongrong Steel Co., Ltd.",武安市烘熔钢铁有限公司,Hebei New Wuan Lron and Steel Group Hong Rong Lron and Steel Co Ltd,河北新武安钢铁集团烘熔钢铁有限公司,E100000126533,unknown,,Hebei Puyang Industrial Group Co Ltd [45.5%]; Xianghe Hongcheng New Energy Technology Co Ltd [27.6%]; Longxiang Group (Hong Kong) [24.5%]; unknown [2.4%],E100000124068 [45.5%]; E100000128348 [27.6%]; E100000126000 [24.5%]; E100000132388 [2.4%],unknown [45.5%]; unknown [27.6%]; unknown [24.5%]; unknown [2.4%],"East of Yuanbao Mountain, Gu Village, Wu'an City, Handan City, Hebei Province",河北省邯郸市武安市固镇元宝山东,Handan,Hebei,China,Asia Pacific,"36.6404110, 113.9811720",exact,https://www.gem.wiki/Hebei_Xin_Wuan_Steel_Group_Hongrong_Iron_and_Steel_Co_Ltd,42.0,unknown,unknown,1984,unknown,unknown,unknown,,,,,finished rolled,"bar, wire, plate",unknown,1822,2025-07-07 00:00:00,2025-07-07 00:00:00,no,BF; BOF,unknown,unknown,unknown,,36.640411,113.981172,CHN,0.027551837840130572,69802,188809636.46592227,36.625,113.95833333,156,1
P100000120133,Hebei Xin Wuan Steel Group Wenan Iron and Steel Co Ltd,河北文安钢铁集团有限公司,Hebei Wenan Iron and Steel Group Co,"河北新武安钢铁集团文安钢铁有限公司, 武安市文安钢铁有限公司",Hebei New Wuan Steel Group Wenan IRON&STEEL Co Ltd,河北新武安钢铁集团文安钢铁有限公司,E100000127093,unknown,,natural person(s) [49.0%]; Hebei Puyang Industrial Group Co Ltd [33.2%]; Longxiang Group (Hong Kong) [17.8%],E100000123261 [49.0%]; E100000124068 [33.2%]; E100000126000 [17.8%],unknown [49.0%]; unknown [33.2%]; unknown [17.8%],"Nanhuan Road, Wu'an City, Handan City, Hebei Province",河北省邯郸市武安市南环路,Handan,Hebei,China,Asia Pacific,"36.6794310, 114.1690240",exact,https://www.gem.wiki/Hebei_Xin_Wuan_Steel_Group_Wenan_Iron_and_Steel_Co_Ltd,23.0,unknown,unknown,2003,2021-12-23 00:00:00,unknown,unknown,,,,,finished rolled,"wire rod, round bar, strip, hot rolled",unknown,1596,yes,yes,no,BF; BOF,unknown,unknown,unknown,,36.679431,114.169024,CHN,0.04879106582642526,69258,6917400988.421546,36.70833333,114.20833333,156,1
P100000120142,Hebei Xinda Iron and Steel Group Co Ltd,河北鑫达钢铁集团有限公司,"Hebei Xinda Iron and Steel Group Co., Ltd.",河北鑫达钢铁有限公司,Hebei Xinda Iron and Steel Co Ltd,河北鑫达钢铁集团有限公司,E100000123220,unknown,,Tangshan Xinfengsheng Trade Co Ltd [72.6%]; natural person(s) [27.4%],E100000124071 [72.6%]; E100000123261 [27.4%],unknown [72.6%]; unknown [27.4%],"East of Shanglu Village, Shaheyi Town, Qian'an City, Tangshan City, Hebei Province",河北省唐山市迁安市沙河驿镇上炉村东,Tangshan,Hebei,China,Asia Pacific,"39.8983620, 118.5793640",exact,https://www.gem.wiki/Hebei_Xinda_Iron_and_Steel_Group_Co_Ltd,24.0,unknown,unknown,2002,unknown,unknown,unknown,,,,,finished rolled,"round bar, rebar, h-beam, strip",unknown,6386,2023-03-20 00:00:00,2025-01-02 00:00:00,no,BF; BOF,unknown,unknown,unknown,,39.898362,118.579364,CHN,0.0443494276527766,48639,796505445.106471,39.875,118.54166667,156,1
P100000120138,Hebei Xinghua Iron and Steel Co Ltd,河北兴华钢铁有限公司,"Hebei Xin Wu'an Steel Group Xinghua Iron and Steel Co., Ltd.",河北新武安钢铁集团兴华钢铁有限公司,Hebei Xinghua Iron and Steel Co Ltd,河北兴华钢铁有限公司,E100000127161,unknown,,Jinan Iron & Steel Group Co Ltd [51.0%]; natural person(s) [49.0%],E100000126505 [51.0%]; E100000123261 [49.0%],unknown [51.0%]; unknown [49.0%],"Provincial Highway 312, Wu'an City, Handan City, Hebei Province",河北省邯郸市武安市312省道,Handan,Hebei,China,Asia Pacific,"36.7449360, 114.1116020",exact,https://www.gem.wiki/Hebei_Xinghua_Iron_and_Steel_Co_Ltd,23.0,unknown,unknown,2002,2021-11-24 00:00:00,unknown,2025,,,,,finished rolled,"rebar, rounds, channel, i-beam, angle, h-beam",unknown,1431,2023-01-17 00:00:00,2023-01-17 00:00:00,no,BF; BOF,unknown,unknown,unknown,,36.744936,114.111602,CHN,0.0389777097214397,69257,2791499561.2492723,36.70833333,114.125,156,1
P100000120137,Hebei Xinjin Iron and Steel Co Ltd,河北新武安钢铁集团新金钢铁有限公司,"Hebei Xin Wu'an Steel Group Xinjin Iron and Steel Co., Ltd.",河北新金钢铁有限公司,Hebei Xinjin Iron and Steel Co Ltd,河北新金钢铁有限公司,E100000123172,unknown,,WEALTH GROUP INVESTMENT LIMITED [78.0%]; Wu'an Hongji Investment Co Ltd [12.7%]; unknown [4.1%],E100000126029 [78.0%]; E100000124067 [12.7%]; E100000132388 [4.1%],unknown [78.0%]; unknown [12.7%]; unknown [4.1%],"No. 2222 Jianshe Street, Wu'an City, Handan City, Hebei Province",河北省邯郸市武安市建设大街2222号,Handan,Hebei,China,Asia Pacific,"36.7156320, 114.2089920",exact,https://www.gem.wiki/Hebei_Xinjin_Iron_and_Steel_Co_Ltd,33.0,unknown,unknown,1993,unknown,unknown,unknown,,,,,finished rolled,"wire rod, sheet","automotive, building and infrastructure, tools and machinery",3173,2023-12-27 00:00:00,2023-12-27 00:00:00,no,BF; BOF,100MW Ultra-High Temperature Subcritical Coal Gas Power Generation,unknown,unknown,,36.715632,114.208992,CHN,0.007328330637856824,69258,6917400988.421546,36.70833333,114.20833333,156,1
P100000120130,Hebei Xinwuan Iron and Steel Group Xinhui Metallurgy Co Ltd,武安市鑫汇冶金工业有限公司,"Wu'an Xinhui Metallurgical Industry Co., Ltd.",河北新武安钢铁集团鑫汇冶金有限公司,Hebei New Wuan Iron and Steel Group Xin Hui Metallurgy Co Ltd,河北新武安钢铁集团鑫汇冶金有限公司,E100000127317,unknown,,Hebei New Wuan Iron and Steel Group Xin Hui Metallurgy Co Ltd [100.0%],E100000127317 [100.0%],unknown [100.0%],"North of Xiabaishi Village, Wuji Town, Wu'an City, Handan City, Hebei Province",河北省邯郸市武安市午汲镇下白石村北,Handan,Hebei,China,Asia Pacific,"36.6640970, 114.1152630",exact,https://www.gem.wiki/Hebei_Xinwuan_Iron_and_Steel_Group_Xinhui_Metallurgy_Co_Ltd,26.0,unknown,unknown,2000,unknown,unknown,unknown,,,,,"semi-finished, finished rolled","billet, wire rod",unknown,945,2022-12-01 00:00:00,2022-12-01 00:00:00,no,EAF; BF; BOF,unknown,unknown,unknown,,36.664097,114.115263,CHN,0.04029124691542668,69804,1570133414.6514165,36.625,114.125,156,1
P100000120099,Hebei Xinxing Ductile Iron Pipes Co Ltd,河北新兴铸管有限公司,"Xinxing Ductile Iron Pipes Co., Ltd. Wu'an headquarters",新兴铸管股份有限公司武安本部,Hebei Xinxing Ductile Iron Pipes Co Ltd,河北新兴铸管有限公司,E100000126724,unknown,,Xinxing Ductile Iron Pipes Co Ltd [100.0%],E100000127965 [100.0%],unknown [100.0%],"North of Shangluoyang Village, Cishan Town, Wu'an City, Handan City, Hebei Province",河北省邯郸市武安市磁山镇上洛阳村北,Handan,Hebei,China,Asia Pacific,"36.6215040, 114.1281890",exact,https://www.gem.wiki/Hebei_Xinxing_Ductile_Iron_Pipes_Co_Ltd,33.0,unknown,unknown,1993,unknown,unknown,unknown,,,,,finished rolled,"pipe, bar",unknown,452,2024-09-02 00:00:00,2023-09-01 00:00:00,no,BF; BOF,unknown,unknown,unknown,,36.621504,114.128189,CHN,0.004731990807263648,69804,1570133414.6514165,36.625,114.125,156,1
P100000120111,Hebei Yanshan Iron and Steel Group Co Ltd,河北燕山钢铁集团有限公司,"Tangshan Great Wall Iron and Steel Group Yanshan Iron and Steel Co., Ltd., Hebei Iron and Steel Group Yanshan Iron and Steel Co., Ltd., Qian'an Liangang Yanshan Iron and Steel Co., Ltd.",唐山燕山钢铁有限公司,Hebei Yanshan Iron and Steel Group Co Ltd,河北燕山钢铁集团有限公司,E100000123173,unknown,,Hebei Yanshan Iron and Steel Group Co Ltd [100.0%],E100000123173 [100.0%],unknown [100.0%],"West side of Qian'an Railway Station, Zhaozi Town, Qian'an City, Tangshan City, Hebei Province",河北省唐山市迁安市赵子镇迁安火车站西侧,Tangshan,Hebei,China,Asia Pacific,"39.9255080, 118.6727570",exact,https://www.gem.wiki/Hebei_Yanshan_Iron_and_Steel_Group_Co_Ltd,24.0,unknown,unknown,2002,unknown,unknown,unknown,,,,,"semi-finished, finished rolled","billet, strip",unknown,10209,2024-08-06 00:00:00,2024-08-06 00:00:00,no,BF; BOF; EAF,unknown,unknown,unknown,,39.925508,118.672757,CHN,0.04840637918578231,48061,4245679723.9297485,39.95833333,118.70833333,156,1
P100000120131,Hebei Yongyang Special Steel Group Co Ltd,河北永洋特钢集团有限公司,"Hebei Iron and Steel Group Yongyang Iron and Steel Co., Ltd., Hebei Yongyang Iron and Steel Co., Ltd.","河北钢铁集团永洋钢铁有限公司, 河北永洋钢铁有限公司",Hebei YongYang Special Steel Group Co Ltd,河北永洋特钢集团有限公司,E100000126303,unknown,,Handan Yongnian Shengda Steel Co Ltd [49.0%]; WEALTH GROUP INVESTMENT LIMITED [39.8%]; Wu'an Hongji Investment Co Ltd [6.5%]; unknown [2.1%],E100000128059 [49.0%]; E100000126029 [39.8%]; E100000124067 [6.5%]; E100000132388 [2.1%],unknown [49.0%]; unknown [39.8%]; unknown [6.5%]; unknown [2.1%],"Jiehedian Township, Yongnian District, Handan City, Hebei Province",河北省邯郸市永年区永合会镇娄里村南,Handan,Hebei,China,Asia Pacific,"36.7868510, 114.3761320",exact,https://www.gem.wiki/Hebei_Yongyang_Special_Steel_Group_Co_Ltd,33.0,unknown,unknown,1993,unknown,unknown,unknown,,,,,"semi-finished, finished rolled","shapes, rail, billet, hot rolled, flat","automotive, energy, tools and machinery",3698,2022-06-06 00:00:00,2022-06-06 00:00:00,no,BF; BOF; EAF,State Grid Handan Power Supply Company,unknown,unknown,,36.786851,114.376132,CHN,0.004946928496439914,68710,364664534.1041899,36.79166667,114.375,156,1
P100000120401,Hebei Zhangxuan High Tech Co Ltd,河北张宣高科科技有限公司,,张宣高科特材研制公司,Hbzx HIGH Tech Co Ltd,河北张宣高科科技有限公司,E100000126320,unknown,Full,HBIS Group Co Ltd [100.0%],E100000124529 [100.0%],5000022648 [100.0%],"No. 93, Xuanfu Street, Xuanhua District, Zhangjiakou City, Hebei Province",河北省张家口市宣化区宣府大街93号,Zhangjiakou,Hebei,China,Asia Pacific,"40.6079770, 115.0675160",approximate,https://www.gem.wiki/Hebei_Zhangxuan_High_Tech_Co_Ltd,3.0,2022-03-01 00:00:00,unknown,2023,unknown,unknown,unknown,,,518.0,66.0,unknown,unknown,unknown,2060,2024-07-01 00:00:00,2023-08-01 00:00:00,no,DRI; EAF,State Grid Zhangjiakou Power Supply Company,unknown,unknown,584.0,40.607977,115.067516,CHN,0.030951096756802486,43385,11073664760.627905,40.625,115.04166667,156,1
P100000120311,Hebei Zongheng Group Fengnan Iron and Steel Co Ltd,河北纵横集团丰南钢铁有限公司,,,Hebei Zongheng Group Fengnan Iron & Steel Co Ltd,河北纵横集团丰南钢铁有限公司,E100000127395,unknown,,Hebei Xinhua United Metallurgical Holding Group Co Ltd [43.2%]; China Railway Materials Group Holdings Ltd [27.0%]; Shuangyao Investment Co Ltd [21.1%]; Sinogiant Steel HOLDINGS Group Ltd [7.9%]; unknown [0.9%],E100000128544 [43.2%]; E100000130609 [27.0%]; E100000130610 [21.1%]; E100000128537 [7.9%]; E100000132388 [0.9%],unknown [43.2%]; unknown [27.0%]; unknown [21.1%]; unknown [7.9%]; unknown [0.9%],"Lingang Economic Development Zone, Fengnan District, Tangshan City, Hebei Province",河北省唐山市丰南区临港经济开发区黑沿子镇,Tangshan,Hebei,China,Asia Pacific,"39.2225660, 118.0942010",exact,https://www.gem.wiki/Hebei_Zongheng_Group_Fengnan_Iron_and_Steel_Co_Ltd,7.0,unknown,unknown,2019,unknown,unknown,unknown,,,,,semi-finished,strip,unknown,7988,2024-04-03 00:00:00,2024-04-03 00:00:00,no,BF; BOF,Rooftop Photovoltaic Power Generation,unknown,unknown,,39.222566,118.094201,CHN,0.03392856166018485,53144,452880777.8970651,39.20833333,118.125,156,1
P100000120157,Heilongjiang Jianlong Iron and Steel Co Ltd,黑龙江建龙钢铁有限公司,,,Heilongjiang Jianlong Iron and Steel Co Ltd,黑龙江建龙钢铁有限公司,E100000127072,unknown,,Beijing Jianlong Investment Co Ltd [90.2%]; unknown [9.8%],E100000000155 [90.2%]; E100000132388 [9.8%],unknown [90.2%]; unknown [9.8%],"No. 64 Shuangxuan Road, Lingdong District, Shuangyashan City, Heilongjiang Province",黑龙江省双鸭山市岭东区双选路64号,Shuangyashan,Heilongjiang,China,Asia Pacific,"46.6022970, 131.0718770",exact,https://www.gem.wiki/Heilongjiang_Jianlong_Iron_and_Steel_Co_Ltd,23.0,unknown,unknown,2003,unknown,unknown,unknown,,2240.0,1600.0,1600.0,finished rolled,"tube, rebar",unknown,3735,2024-08-21 00:00:00,2023-07-18 00:00:00,no,BF; BOF,unknown,unknown,unknown,5440.0,46.602297,131.071877,CHN,0.037790081340322655,11975,125175844.19061546,46.625,131.04166667,156,1
P100000120331,Henan Angang Zhoukou Iron and Steel Co Ltd,河南安钢周口钢铁有限责任公司,,,Henan Angang Zhoukou Iron and Steel Co Ltd,河南安钢周口钢铁有限责任公司,E100000126343,unknown,Partial,Anyang Iron & Steel Co Ltd [76.9%]; Zhoukou Investment Group Co Ltd [9.1%]; Henan Agric. Synthesis Exploitation Co Ltd [4.6%]; unknown [4.4%]; Sanmenxia Investment Group Co Ltd [2.4%]; Kaifeng Construction Lnvestment Co Ltd [1.2%]; Xinxiang Muye Development Management Co Ltd [0.9%]; Hoyer GmbH [0.2%]; China Logistics Group Co Ltd [0.1%]; Beijing Guanglong Enterprise Management Consulting Center LP [0.1%]; Guangxi Yingtongtong Investment Co Ltd [0.1%]; Huludao Hongyun Group Co Ltd [0.0%]; Sichuan Development Holding Co Ltd [0.0%]; Wuhan Industrial Investment Holding Group Co Ltd [0.0%]; Shihezi Shangde Equity Investment Partnership LP [0.0%],E100001000432 [76.9%]; E100000128071 [9.1%]; E100000125002 [4.6%]; E100000132388 [4.4%]; E100000124395 [2.4%]; E100000128928 [1.2%]; E100000128834 [0.9%]; E100001010241 [0.2%]; E100000129013 [0.1%]; E100000129052 [0.1%]; E100000128899 [0.1%]; E100000129014 [0.0%]; E100000000270 [0.0%]; E100000130359 [0.0%]; E100000129017 [0.0%],4295864803 [76.9%]; unknown [9.1%]; unknown [4.6%]; unknown [4.4%]; unknown [2.4%]; unknown [1.2%]; unknown [0.9%]; 5071528403 [0.2%]; unknown [0.1%]; unknown [0.1%]; unknown [0.1%]; unknown [0.0%]; 5000611828 [0.0%]; unknown [0.0%]; unknown [0.0%],"Shenqiu Iron and Steel Industrial Park, Zhoukou City, Henan Province",河南省周口市沈丘钢铁产业园,Zhoukou,Henan,China,Asia Pacific,"33.3645340, 115.0996610",exact,https://www.gem.wiki/Henan_Angang_Zhoukou_Iron_and_Steel_Co_Ltd,5.0,2017,2019,2021,unknown,unknown,unknown,,,,,unknown,unknown,unknown,1498,2023-09-22 00:00:00,2023-09-22 00:00:00,no,BF; BOF; EAF,unknown,unknown,unknown,,33.364534,115.099661,CHN,0.027415362062175,89609,1216482444.7504897,33.375,115.125,156,1
P100000120169,Henan Changtai Stainless Steel Plate Co Ltd,河南昌泰不锈钢股份有限公司,"Henan Changtai Stainless Steel Plate Co., Ltd.",河南昌泰不锈钢板有限公司,Henan Changtai Stainless Steel Plate Co Ltd,河南昌泰不锈钢板有限公司,E100000127189,unknown,,Ma'anshan Jiatong Enterprise Management Partnership (General Partnership) [65.0%]; natural person(s) [32.3%]; unknown [2.7%],E100000128611 [65.0%]; E100000123261 [32.3%]; E100000132388 [2.7%],unknown [65.0%]; unknown [32.3%]; unknown [2.7%],"No.1 Yongning Road, Zhitian Town, Gongyi City, Zhengzhou City, Henan Province",河南省郑州市巩义市芝田镇永宁路1号,Gongyi,Henan,China,Asia Pacific,"34.7029510, 112.9559110",exact,https://www.gem.wiki/Henan_Changtai_Stainless_Steel_Plate_Co_Ltd,14.0,unknown,unknown,2008,2022,unknown,2022,,,,,finished rolled,plate,unknown,unknown,expired,unknown,no,BF; BOF,unknown,unknown,unknown,,34.702951,112.955911,CHN,0.005902301149369114,81628,3849360572.403314,34.70833333,112.95833333,156,1
P100000120167,Henan Fengbao Special Steel Co Ltd,林州凤宝钢铁有限公司,"Linzhou Fengbao Steel Co., Ltd., Angang Group Henan Fengbao Special Steel Co., Ltd., Henan Fengbao Industrial Co., Ltd., Henan Fengbao Steel Co., Ltd.","安钢集团河南凤宝特钢有限公司, 河南凤宝实业有限公司, 河南凤宝钢铁有限公司, 河南凤宝特钢有限公司",Henan Fengbao SPECIAL Steel Co Ltd,河南凤宝特钢有限公司,E100000127405,unknown,,Henan Fengbao SPECIAL Steel Co Ltd [100.0%],E100000127405 [100.0%],unknown [100.0%],"East Section of Fengbao Avenue, Hongqiqu Economic and Technological Development Zone, Linzhou City, Henan Province",河南省林州市红旗渠经济技术开发区(林州市)凤宝大道东段,Linzhou,Henan,China,Asia Pacific,"36.1316660, 113.8721580",exact,https://www.gem.wiki/Henan_Fengbao_Special_Steel_Co_Ltd,25.0,unknown,unknown,2001,unknown,unknown,unknown,,,,,finished rolled,"pipe, profile, special",unknown,2104,2025-06-19 00:00:00,2025-06-19 00:00:00,no,BF; BOF,unknown,unknown,unknown,,36.131666,113.872158,CHN,0.007246552283675507,73024,1250100343.4634068,36.125,113.875,156,1
P100001064248,Henan Fuhua Steel Group Co Ltd,河南福华钢铁集团有限公司,Xinzheng Fuhua Iron & Steel Group Co Ltd,新郑福华钢铁集团有限公司,Henan Fuhua Iron & Steel Group Co Ltd,,E100002021044,unknown,,Henan Fuhua Iron & Steel Group Co Ltd [100.0%],E100002021044 [100.0%],unknown [100.0%],unknown,河南省郑州市新郑市新村镇107国道西400米,Zhengzhou,Henan,China,Asia Pacific,"34.4629490, 113.7008440",exact,https://www.gem.wiki/Henan_Fuhua_Steel_Group_Co_Ltd,26.47,unknown,unknown,1999-09-01 00:00:00,unknown,unknown,unknown,,,,,semi-finished,"rebar, steel billet",building and infrastructure,800,2023-06-02 00:00:00,2025-05-30 00:00:00,no,EAF,unknown,unknown,unknown,,34.462949,113.700844,CHN,0.008797412880942634,83113,3251997907.564753,34.45833333,113.70833333,156,1
P100000121086,Henan Jinhui Industrial Group,河南鑫金汇不锈钢产业有限公司,"Henan Huiyi Stainless Steel Industry Co.,Ltd., Henan Xinjinhui Stainless Steel Industry Co.,Ltd., Henan Qingshan Jinhui Stainless Steel Industry Co., Ltd.","河南青山金汇不锈钢产业有限公司, 河南汇一不锈钢有限公司, 河南金汇产业集团, 青浦合金材料有限公司",Henan Xinjinhui Stainless Steel Industry Co Ltd,河南鑫金汇不锈钢产业有限公司,E100000126106,unknown,,Henan JINHUI Stainless Indutrial Group Co Ltd [83.0%]; Changge Huida Trading Co Ltd [17.0%],E100000128078 [83.0%]; E100000128079 [17.0%],unknown [83.0%]; unknown [17.0%],"South of Xiezhuang Village, Jinhui Avenue, Dazhou Town, Changge City, Xuchang City, Henan Province",河南省许昌市长葛市大周镇金汇大道老谢庄村南,Changge,Henan,China,Asia Pacific,"34.2635090, 113.8539790",exact,https://www.gem.wiki/Henan_Jinhui_Industrial_Group,21.0,unknown,unknown,2005,unknown,unknown,unknown,,,,,finished rolled,"belt, seamless, rod, billet, wire",unknown,719,expired,no,no,BF; EAF,Xuchang Changge City Power Supply Company,unknown,unknown,,34.263509,113.853979,CHN,0.03513882213206679,84100,797364861.8664675,34.29166667,113.875,156,1
P100000120164,Henan Jiyuan Iron and Steel Group Co Ltd,河南济源钢铁(集团)有限公司,,,Henan Jiyuan Iron & Steel (Group) Co Ltd,河南济源钢铁（集团）有限公司,E100000123174,unknown,,Henan Jiyuan Iron and Steel Investment Holding Co Ltd [48.6%]; unknown [35.0%]; Tianjin Jinyuan Guotai Enterprise Management Consulting Co Ltd [10.0%]; Trade Union Committee of Henan Jiyuan Iron and Steel (Group) [6.4%],E100000124077 [48.6%]; E100000132388 [35.0%]; E100000124078 [10.0%]; E100000126009 [6.4%],unknown [48.6%]; unknown [35.0%]; unknown [10.0%]; unknown [6.4%],"Jiyuan Road, Jiyuan City, Henan Province",河南省济源市虎岭产业集聚区,Jiyuan,Henan,China,Asia Pacific,"35.0863960, 112.5537740",exact,https://www.gem.wiki/Henan_Jiyuan_Iron_and_Steel_Group_Co_Ltd,68.0,unknown,unknown,1958,unknown,unknown,unknown,,,,,finished rolled,"wire, bar",unknown,6124,2023-10-11 00:00:00,2023-10-16 00:00:00,no,BF; BOF; EAF,unknown,unknown,unknown,,35.086396,112.553774,CHN,0.040458080227922424,79163,3421395276.0751696,35.125,112.54166667,156,1
P100000120168,Henan Yaxin Iron and Steel Group Co Ltd,河南亚新钢铁集团有限公司,"Henan Yaxin Steel Industry Co., Ltd.",河南亚新钢铁实业有限公司,Henan YAXIN Steel Industry Co Ltd,河南亚新钢铁集团有限公司,E100000127122,unknown,,Henan YAXIN Steel Industry Co Ltd [100.0%],E100000127122 [100.0%],unknown [100.0%],"East of 107 National Road, Dayun Village, Hanzhuang Township, Tangyin County, Anyang City, Henan Province",河南省安阳市汤阴县韩庄乡大云村107国道东侧,Anyang,Henan,China,Asia Pacific,"35.8799560, 114.3348250",exact,https://www.gem.wiki/Henan_Yaxin_Iron_and_Steel_Group_Co_Ltd,23.0,unknown,unknown,2003,unknown,unknown,unknown,,,,,finished rolled,"pipe, wire rod, rebar, plate",unknown,1948,2025-10-29 00:00:00,2024-06-07 00:00:00,no,BF; BOF,unknown,unknown,unknown,,35.879956,114.334825,CHN,0.04047953261835415,74621,1630271672.3960836,35.875,114.375,156,1
P100000120180,Hengyang Valin Steel Tube Co Ltd,衡阳华菱钢管有限公司,,,Hengyang Valin Steel Tube Co Ltd,衡阳华菱钢管有限公司,E100000127153,unknown,Partial,Hunan Valin Steel Co Ltd [85.9%]; Hunan Valin Iron & Steel Group Co Ltd [10.0%]; Hunan Development Investment Group Co Ltd [1.4%]; Hunan Caixin Financial Holding Group Co Ltd [1.4%]; Hunan Xingxiang Investment Holding Group Co Ltd [1.3%]; unknown [0.0%],E100000124129 [85.9%]; E100000128133 [10.0%]; E100000128566 [1.4%]; E100000125175 [1.4%]; E100000124815 [1.3%]; E100000132388 [0.0%],unknown [85.9%]; unknown [10.0%]; unknown [1.4%]; unknown [1.4%]; unknown [1.3%]; unknown [0.0%],No. 10 Dali New Village,湖南省衡阳市蒸湘区大栗新村10号,unknown,Hunan,China,Asia Pacific,"26.8654840, 112.5768530",exact,https://www.gem.wiki/Hengyang_Valin_Steel_Tube_Co_Ltd,68.0,unknown,unknown,1958,unknown,unknown,unknown,,,,,finished rolled,pipe,unknown,2567,2023-08-06 00:00:00,2025-04-24 00:00:00,no,BF; EAF,Roof-Top Distributed Photovoltaic Power Generation Project,unknown,unknown,,26.865484,112.576853,CHN,0.03645040568867599,123538,8841440925.872505,26.875,112.54166667,156,1
P100000120091,Heping Yueshen Steel Industry Co Ltd,和平县粤深钢实业有限公司,,,Heping Yueshen Steel Industrial Co Ltd,和平县粤深钢实业有限公司,E100000127322,unknown,,Heping Yueshen Steel Industrial Co Ltd [100.0%],E100000127322 [100.0%],unknown [100.0%],"Daba Town, Heping County, Heyuan, Guangdong",广东省河源市和平县大坝镇石陂村,Heyuan,Guangdong,China,Asia Pacific,"24.4979600, 114.9388800",exact,https://www.gem.wiki/Heping_Yueshen_Steel_Industry_Co_Ltd,15.0,unknown,unknown,2011,unknown,unknown,unknown,,,,,finished rolled,"bar, rebar, hot rolled",unknown,184,2025-08-15 00:00:00,2025-08-15 00:00:00,no,EAF,State Grid,unknown,unknown,,24.49796,114.93888,CHN,0.04414413917359836,130922,922848789.0805657,24.45833333,114.95833333,156,1
P100000120090,Heyuan Derun Steel Co Ltd Dongjiang Jinzhu Industrial Park,河源德润钢铁有限公司(东江金珠工业园),,,Heyuan Derun Steel Co Ltd,河源德润钢铁有限公司,E100000126251,unknown,,Fujian Lanyue Investment Partnership LP [25.5%]; Fujian Lantian Investment Partnership LP [16.7%]; Fujian Lanze Investment Partnership LP [14.0%]; unknown [10.5%]; Fujian Jinkun Investment Co Ltd [4.3%]; Fuzhou Deyu Investment Co Ltd [4.3%]; Fujian Taisong Investment Co Ltd [3.8%]; Fujian Honghang Investment Co Ltd [2.0%]; Fujian Xinghan Investment Co Ltd [2.0%]; Fujian Qinghe Investment Co Ltd [1.9%]; Fujian Yinchen Investment Co Ltd [1.9%]; Fenghe Investment (Fujian) Co Ltd [1.7%]; Fujian Jingyuan Investment Co Ltd [1.7%]; Fujian Junao Investment Co Ltd [1.7%]; Fujian Yongxinqi Investment Co Ltd [1.7%]; Yuncheng Investment (Fujian) Co Ltd [1.7%]; Fujian Quanlong Investment Co Ltd [1.6%]; Fujian Shengwei Investment Co Ltd [1.6%]; Fujian Shunle Investment Co Ltd [1.5%],E100000128593 [25.5%]; E100000128082 [16.7%]; E100000128859 [14.0%]; E100000132388 [10.5%]; E100000124852 [4.3%]; E100000124853 [4.3%]; E100000124851 [3.8%]; E100000128598 [2.0%]; E100000128599 [2.0%]; E100000128595 [1.9%]; E100000128600 [1.9%]; E100000128967 [1.7%]; E100000128969 [1.7%]; E100000128968 [1.7%]; E100000124850 [1.7%]; E100000124849 [1.7%]; E100000128601 [1.6%]; E100000128602 [1.6%]; E100000124856 [1.5%],unknown [25.5%]; unknown [16.7%]; unknown [14.0%]; unknown [10.5%]; unknown [4.3%]; unknown [4.3%]; unknown [3.8%]; unknown [2.0%]; unknown [2.0%]; unknown [1.9%]; unknown [1.9%]; unknown [1.7%]; unknown [1.7%]; unknown [1.7%]; unknown [1.7%]; unknown [1.7%]; unknown [1.6%]; unknown [1.6%]; unknown [1.5%],"Dongjiang Jinzhu Industrial Park, Linjiang Town, Zijin County, Heyuan City, Guangdong Province",广东省河源市紫金县临江镇东江金珠工业园,Heyuan,Guangdong,China,Asia Pacific,"23.6936590, 114.7430480",exact,https://www.gem.wiki/Heyuan_Derun_Steel_Co_Ltd_Dongjiang_Jinzhu_Industrial_Park,49.0,unknown,unknown,1974,2018,unknown,2023,,,,,"semi-finished, finished rolled","billet, rebar, hot rolled",unknown,479,2016-10-21 00:00:00,unknown,no,EAF,Waste Heat Power Generation,unknown,unknown,,23.693659,114.743048,CHN,0.03768878180782344,133042,10381673523.067602,23.70833333,114.70833333,156,1
P100000121139,Heyuan Derun Steel Co Ltd LanTang Industrial Park,河源德润钢铁有限公司(蓝塘),,,Heyuan Derun Steel Co Ltd,河源德润钢铁有限公司,E100000126251,unknown,,Fujian Lanyue Investment Partnership LP [25.5%]; Fujian Lantian Investment Partnership LP [16.7%]; Fujian Lanze Investment Partnership LP [14.0%]; unknown [10.5%]; Fujian Jinkun Investment Co Ltd [4.3%]; Fuzhou Deyu Investment Co Ltd [4.3%]; Fujian Taisong Investment Co Ltd [3.8%]; Fujian Honghang Investment Co Ltd [2.0%]; Fujian Xinghan Investment Co Ltd [2.0%]; Fujian Qinghe Investment Co Ltd [1.9%]; Fujian Yinchen Investment Co Ltd [1.9%]; Fenghe Investment (Fujian) Co Ltd [1.7%]; Fujian Jingyuan Investment Co Ltd [1.7%]; Fujian Junao Investment Co Ltd [1.7%]; Fujian Yongxinqi Investment Co Ltd [1.7%]; Yuncheng Investment (Fujian) Co Ltd [1.7%]; Fujian Quanlong Investment Co Ltd [1.6%]; Fujian Shengwei Investment Co Ltd [1.6%]; Fujian Shunle Investment Co Ltd [1.5%],E100000128593 [25.5%]; E100000128082 [16.7%]; E100000128859 [14.0%]; E100000132388 [10.5%]; E100000124852 [4.3%]; E100000124853 [4.3%]; E100000124851 [3.8%]; E100000128598 [2.0%]; E100000128599 [2.0%]; E100000128595 [1.9%]; E100000128600 [1.9%]; E100000128967 [1.7%]; E100000128969 [1.7%]; E100000128968 [1.7%]; E100000124850 [1.7%]; E100000124849 [1.7%]; E100000128601 [1.6%]; E100000128602 [1.6%]; E100000124856 [1.5%],unknown [25.5%]; unknown [16.7%]; unknown [14.0%]; unknown [10.5%]; unknown [4.3%]; unknown [4.3%]; unknown [3.8%]; unknown [2.0%]; unknown [2.0%]; unknown [1.9%]; unknown [1.9%]; unknown [1.7%]; unknown [1.7%]; unknown [1.7%]; unknown [1.7%]; unknown [1.7%]; unknown [1.6%]; unknown [1.6%]; unknown [1.5%],"LanTang Industrial Park, Linjiang Town, Zijin County, Heyuan City, Guangdong Province",广东省河源市紫金县蓝塘镇产业新城,Heyuan,Guangdong,China,Asia Pacific,"23.3977500, 114.8986460",exact,https://www.gem.wiki/Heyuan_Derun_Steel_Co_Ltd_LanTang_Industrial_Park,3.0,2018,2020-09-01 00:00:00,2023,unknown,unknown,unknown,,,,,"semi-finished, finished rolled","billet, rebar, hot rolled",unknown,1302,2024-04-23 00:00:00,2023-11-30 00:00:00,no,EAF,Waste Heat Power Generation,unknown,unknown,,23.39775,114.898646,CHN,0.03281304338216592,133916,17999992.50243982,23.375,114.875,156,1
P100001063289,Heyuan Yuancheng Huafa Metal Products Co Ltd,河源市源城华发金属制品有限公司,,,Heyuan Huacheng Metal Products Co Ltd,,E100002020570,unknown,,Heyuan Huacheng Metal Products Co Ltd [100.0%],E100002020570 [100.0%],unknown [100.0%],unknown,河源市源城区埔前镇莲塘岭,Heyuan,Guangdong,China,Asia Pacific,"23.5665800, 114.5989930",approximate,https://www.gem.wiki/Heyuan_Yuancheng_Huafa_Metal_Products_Co_Ltd,21.89,unknown,unknown,2004-03-31 00:00:00,unknown,unknown,unknown,,,,,semi-finished,Steel Billets,unknown,47,expired,expired,no,EAF,unknown,unknown,unknown,,23.56658,114.598993,CHN,0.036014414623718474,133482,661354659.4113086,23.54166667,114.625,156,1
P100000120229,Houying Group Haicheng Iron and Steel Co Ltd Datun Branch,后英集团海城钢铁有限公司大屯分公司,"Haicheng Houyingte New Refractory Material Plant, Haicheng Houyingte New Steel Plant, Haicheng Houying Steel Plant","海城市后英钢厂, 海城市后英特新耐火材料厂, 海城市后英特新钢厂",Houying Group Haicheng Iron and Steel Co Ltd,后英集团海城钢铁有限公司,E100000126219,unknown,,Houying Group Haicheng Iron and Steel Co Ltd [100.0%],E100000126219 [100.0%],unknown [100.0%],"Datun Town, Haicheng City, Anshan City, Liaoning Province",辽宁省鞍山市千山区大屯镇丑家沟村,Anshan,Liaoning,China,Asia Pacific,"40.9818550, 122.9486430",exact,https://www.gem.wiki/Houying_Group_Haicheng_Iron_and_Steel_Co_Ltd_Datun_Branch,19.58,unknown,unknown,2006-07-24 00:00:00,unknown,unknown,unknown,,,,,finished rolled,"bar, pipe, billet, rounds, profile","building and infrastructure, tools and machinery, transport",1610,2025-02-17 00:00:00,unknown,no,BOF; BF,unknown,unknown,unknown,,40.981855,122.948643,CHN,0.025439564758419214,41153,563518410.1278985,40.95833333,122.95833333,156,1
P100000121042,Huainan Hongtai Iron and Steel Co Ltd,淮南市宏泰钢铁有限责任公司,,,Huainan Hongtai Steel Limited Liability Co,淮南市宏泰钢铁有限责任公司,E100000127020,unknown,,Huainan Hongtai Steel Limited Liability Co [100.0%],E100000127020 [100.0%],unknown [100.0%],"Xiejiaji District, Huainan City, Anhui Province",安徽省淮南市谢家集区,Huainan,Anhui,China,Asia Pacific,"32.6192480, 116.9058690",exact,https://www.gem.wiki/Huainan_Hongtai_Iron_and_Steel_Co_Ltd,25.0,unknown,unknown,2001,unknown,unknown,unknown,,,,,finished rolled,"rod, wire, special","automotive, tools and machinery, transport",175,2025-07-21 00:00:00,2025-08-14 00:00:00,no,EAF,Company-managed 110 kV Substation,unknown,unknown,,32.619248,116.905869,CHN,0.03140032905878123,94099,4888696838.2685,32.625,116.875,156,1
P100000121047,Huangshi Xingang Heavy Industry Technology Co Ltd,黄石新港重工科技有限公司,"Huangshi Hengte Equipment Technology Co., Ltd.","黄石新港重科, 黄石恒特装备科技有限公司",Huangshi Xingang Heavy Industry Technology Co Ltd,黄石新港重工科技有限公司,E100000126571,unknown,,WEALTH GROUP INVESTMENT LIMITED [100.0%],E100000126029 [100.0%],unknown [100.0%],"No. 1, Haizhou Avenue, Xingang (Logistics) Industrial Park, Huangshi, Hubei Province",湖北省黄石新港(物流)工业园区海州大道特1号,Huangshi,Hubei,China,Asia Pacific,"30.0971080, 115.2846520",approximate,https://www.gem.wiki/Huangshi_Xingang_Heavy_Industry_Technology_Co_Ltd,2.0,2022-06-01 00:00:00,2023,2024,unknown,unknown,unknown,,,,,"semi-finished, finished rolled","structural, h-beam, special, plate","automotive, building and infrastructure",unknown,unknown,unknown,no,Iron other/unspecified; EAF,State Grid Huangshi Power Supply Company,unknown,unknown,,30.097108,115.284652,CHN,0.02876055039822828,109145,69794425.23817413,30.125,115.29166667,156,1
P100001063078,"Huangshi Xinxing Pipe Industry Co., Ltd.",黄石新兴管业有限公司,,,Huangshi Xinxing Pipe Industry Co Ltd,,E100002020472,unknown,,Huangshi Xinxing Pipe Industry Co Ltd [100.0%],E100002020472 [100.0%],unknown [100.0%],unknown,湖北省黄石市新下陆169#,Huangshi,Hubei,China,Asia Pacific,"30.1813930, 114.9448790",exact,"https://www.gem.wiki/Huangshi_Xinxing_Pipe_Industry_Co.,_Ltd.",17.64,unknown,unknown,2008-07-01 00:00:00,unknown,unknown,unknown,,,,,"crude, semi-finished, finished rolled","Ductile Iron Pipes and Fittings, Special Coating Sprayed Cast Pipes, Pig Iron / Cast Iron",unknown,unknown,2025-03-08 00:00:00,2025-03-08 00:00:00,no,BF,unknown,unknown,unknown,,30.181393,114.944879,CHN,0.03011312631159003,108670,4262753872.987659,30.20833333,114.95833333,156,1
P100001064093,Huarui (Handan) Casting & Pipe Co Ltd,华瑞(邯郸)铸管有限公司,,华瑞 (邯郸) 冶金铸造有限公司,Huarui (Handan) Casting & Pipe Co Ltd,,E100002020985,unknown,,Huarui (Handan) Casting & Pipe Co Ltd [100.0%],E100002020985 [100.0%],unknown [100.0%],unknown,河北省邯郸市峰峰矿区,Handan,Hebei,China,Asia Pacific,"36.561049, 114.102793",exact,https://www.gem.wiki/Huarui_(Handan)_Casting_&_Pipe_Co_Ltd,21.89,unknown,unknown,2004-03-31 00:00:00,unknown,unknown,unknown,,,,,"semi-finished, finished rolled","Centrifugal Ductile Iron Pipes, Foundry Pig Iron",unknown,unknown,expired,no,no,BF,unknown,unknown,unknown,,36.561049,114.102793,CHN,0.029475847150313136,70343,1340340843.3454995,36.54166667,114.125,156,1
P100000120176,Hubei Dazhan Iron and Steel Co Ltd,湖北大展钢铁有限公司,,,Hubei Dazhan Steel & Iron Co Ltd,湖北大展钢铁有限公司,E100000127095,unknown,,Daye Huaxin Industrial Co Ltd [56.3%]; Hubei Xinxin Steel Group Co Ltd [21.1%]; Jin Jun'an Investment Group Co Ltd [18.9%]; unknown [3.7%],E100000126198 [56.3%]; E100000127570 [21.1%]; E100000127571 [18.9%]; E100000132388 [3.7%],unknown [56.3%]; unknown [21.1%]; unknown [18.9%]; unknown [3.7%],"Zhuzhupo Road, Yunmeng County, Xiaogan City, Hubei Province",湖北省孝感市云梦县珍珠坡路,Xiaogan,Hubei,China,Asia Pacific,"31.0067520, 113.7549950",exact,https://www.gem.wiki/Hubei_Dazhan_Iron_and_Steel_Co_Ltd,33.0,unknown,unknown,1993,2022-08-01 00:00:00,unknown,unknown,,,,,finished rolled,rebar,unknown,28,expired,unknown,no,EAF,Xiaogan Power Supply Company,unknown,unknown,,31.006752,113.754995,CHN,0.050634430596169296,103760,600972460.8080096,31.04166667,113.79166667,156,1
P100000120318,Hubei Jinshenglan Metallurgical Technology Co Ltd,湖北金盛兰冶金科技有限公司,,嘉鱼顺乐钢铁一期,Hubei Jinshenglan Metallurgical Technology Co Ltd,湖北金盛兰冶金科技有限公司,E100000123176,unknown,,natural person(s) [62.6%]; Yuncheng Investment (Fujian) Co Ltd [9.1%]; Fujian Yongxinqi Investment Co Ltd [6.8%]; Fujian Taisong Investment Co Ltd [4.9%]; Fujian Jinkun Investment Co Ltd [4.2%]; Fuzhou Deyu Investment Co Ltd [3.6%]; Fujian Qikun Investment Co Ltd [2.5%]; Fujian Hongyao Investment Co Ltd [2.4%]; Fujian Shunle Investment Co Ltd [1.9%]; unknown [1.9%],E100000123261 [62.6%]; E100000124849 [9.1%]; E100000124850 [6.8%]; E100000124851 [4.9%]; E100000124852 [4.2%]; E100000124853 [3.6%]; E100000124854 [2.5%]; E100000124855 [2.4%]; E100000124856 [1.9%]; E100000132388 [1.9%],unknown [62.6%]; unknown [9.1%]; unknown [6.8%]; unknown [4.9%]; unknown [4.2%]; unknown [3.6%]; unknown [2.5%]; unknown [2.4%]; unknown [1.9%]; unknown [1.9%],"Linjiang Industrial Park, Jiayu County, Xianning City, Hubei Province",湖北省咸宁市嘉鱼县临江产业园,Xianning,Hubei,China,Asia Pacific,"29.9167290, 113.8229210",exact,https://www.gem.wiki/Hubei_Jinshenglan_Metallurgical_Technology_Co_Ltd,10.0,unknown,unknown,2016,unknown,unknown,unknown,,3600.0,,1200.0,finished rolled,"structural, spring steel",unknown,3712,2023-07-10 00:00:00,2023-06-02 00:00:00,no,BF; BOF,unknown,unknown,unknown,4800.0,29.916729,113.822921,CHN,0.052036078046845645,110072,96700424.06712171,29.95833333,113.79166667,156,1
P100000121070,Hubei Lijin Steel Group Co Ltd,湖北立晋钢铁集团有限公司,,,Hubei Lijin Steel Group Co Ltd,湖北立晋钢铁集团有限公司,E100000126786,unknown,,Hubei Lijin Steel Group Co Ltd [100.0%],E100000126786 [100.0%],unknown [100.0%],"No. 146 Xiangyang Road, Zaoyang City, Xiangyang City, Hubei Province",湖北省襄阳市枣阳市襄阳路146号,Xiangyang,Hubei,China,Asia Pacific,"32.1272630, 112.7156880",exact,https://www.gem.wiki/Hubei_Lijin_Steel_Group_Co_Ltd,24.0,unknown,unknown,2002,unknown,unknown,unknown,,,,,"semi-finished, finished rolled","plate, billet, rounds, channel, flat",unknown,200,2025-06-07 00:00:00,2025-06-10 00:00:00,no,EAF,State Grid Xiangyang Power Supply Company,unknown,unknown,,32.127263,112.715688,CHN,0.0076949554780302186,97113,728653447.9992169,32.125,112.70833333,156,1
P100000120343,Hubei Shunle Steel Co Ltd plant,湖北顺乐钢铁有限公司,,"顺乐钢铁二期, 湖北金盛兰冶金优特钢项目, 武汉顺乐不锈钢有限公司",Hubei Shunle Iron and Steel Co Ltd,湖北顺乐钢铁有限公司,E100000127111,unknown,,Hubei Jinshenglan Metallurgical Technology Co Ltd [62.6%]; Yuncheng Investment (Fujian) Co Ltd [9.1%]; Fujian Yongxinqi Investment Co Ltd [6.8%]; Fujian Taisong Investment Co Ltd [4.9%]; Fujian Jinkun Investment Co Ltd [4.2%]; Fuzhou Deyu Investment Co Ltd [3.6%]; Fujian Qikun Investment Co Ltd [2.5%]; Fujian Hongyao Investment Co Ltd [2.4%]; Fujian Shunle Investment Co Ltd [1.9%]; unknown [1.9%],E100000123176 [62.6%]; E100000124849 [9.1%]; E100000124850 [6.8%]; E100000124851 [4.9%]; E100000124852 [4.2%]; E100000124853 [3.6%]; E100000124854 [2.5%]; E100000124855 [2.4%]; E100000124856 [1.9%]; E100000132388 [1.9%],unknown [62.6%]; unknown [9.1%]; unknown [6.8%]; unknown [4.9%]; unknown [4.2%]; unknown [3.6%]; unknown [2.5%]; unknown [2.4%]; unknown [1.9%]; unknown [1.9%],"Baiguoshu Village, Gaotieling Town, Jiayu County, Xianning City, Hubei Province",湖北省咸宁市嘉鱼县高铁岭镇白果树村,Xianning,Hubei,China,Asia Pacific,"29.9250260, 113.8261180",exact,https://www.gem.wiki/Hubei_Shunle_Steel_Co_Ltd_plant,5.0,2019,unknown,2021,unknown,unknown,unknown,,,,,"semi-finished, finished rolled","bar, billet, coil, rolled, hot rolled, wire",building and infrastructure,680,2023-05-11 00:00:00,2023-06-12 00:00:00,no,EAF,Roof-Top Distributed Photovoltaic Power Generation Project,unknown,unknown,,29.925026,113.826118,CHN,0.04791943624978797,110072,96700424.06712171,29.95833333,113.79166667,156,1
P100000120415,Hubei Wucheng Iron and Steel Group Co Ltd,湖北吴城钢铁集团有限公司,,,Hubei Wucheng Iron and Steel Group Co Ltd,湖北吴城钢铁集团有限公司,E100000127163,unknown,,WEALTH GROUP INVESTMENT LIMITED [95.0%]; unknown [5.0%],E100000126029 [95.0%]; E100000132388 [5.0%],unknown [95.0%]; unknown [5.0%],"Zelin Town, Ezhou City, Hubei Prevince",湖北省鄂州市泽林镇,Ezhou,Hubei,China,Asia Pacific,"30.3412390, 114.8577440",exact,https://www.gem.wiki/Hubei_Wucheng_Iron_and_Steel_Group_Co_Ltd,26.0,unknown,unknown,1997,2022,unknown,2023,,,,,"semi-finished, finished rolled","billet, rebar, hot rolled",unknown,380,expired,unknown,no,EAF,unknown,unknown,unknown,,30.341239,114.857744,CHN,0.03791536175483498,107730,14250230836.869875,30.375,114.875,156,1
P100001063493,Huizhou Jushun Iron and Steel Plant,惠州市桔顺钢铁厂,,,Huizhou Jushun Iron and Steel Plant,,E100002020640,unknown,,Huizhou Jushun Iron and Steel Plant [100.0%],E100002020640 [100.0%],unknown [100.0%],unknown,博罗县杨柑场石坝分场,Huizhou,Guangdong,China,Asia Pacific,"23.1786520, 114.2793740",exact,https://www.gem.wiki/Huizhou_Jushun_Iron_and_Steel_Plant,33.26,unknown,unknown,1992-11-16 00:00:00,unknown,unknown,unknown,,,,,semi-finished,steel billet,unknown,unknown,no,no,no,EAF,unknown,unknown,unknown,,23.178652,114.279374,CHN,0.03212617447343493,134331,5079645602.338191,23.20833333,114.29166667,156,1
P100000120179,Hunan Valin Lianyuan Iron and Steel Co Ltd,湖南华菱涟源钢铁有限公司,,,Hunan Valin Lianyuan Iron and Steel Co Ltd,湖南华菱涟源钢铁有限公司,E100000123177,unknown,,Hunan Valin Steel Co Ltd [100.0%],E100000124129 [100.0%],unknown [100.0%],unknown,湖南省娄底市娄星区黄泥塘,Huangnitang,Hunan,China,Asia Pacific,"27.7477820, 111.9673430",exact,https://www.gem.wiki/Hunan_Valin_Lianyuan_Iron_and_Steel_Co_Ltd,68.0,unknown,unknown,1958,unknown,unknown,unknown,,,,,finished rolled,"hot rolled, cold rolled, electrical",unknown,10970,2022-12-15 00:00:00,2023-12-15 00:00:00,no,BF; BOF,unknown,unknown,unknown,,27.747782,111.967343,CHN,0.040464450055300846,120901,5209756773.4618635,27.70833333,111.95833333,156,1
P100000120178,Hunan Valin Xiangtan Iron and Steel Co Ltd,湖南华菱湘潭钢铁有限公司,,,Hunan Valin Lianyuan Iron and Steel Co Ltd,湖南华菱涟源钢铁有限公司,E100000123177,unknown,,Hunan Valin Steel Co Ltd [100.0%],E100000124129 [100.0%],unknown [100.0%],Gangcheng Road,湖南省湘潭市岳塘区钢城路,unknown,Hunan,China,Asia Pacific,"27.8141300, 112.8973770",exact,https://www.gem.wiki/Hunan_Valin_Xiangtan_Iron_and_Steel_Co_Ltd,68.0,unknown,unknown,1958,unknown,unknown,unknown,,14000.0,,,finished rolled,"bar, wire, plate",unknown,9432,2023-05-31 00:00:00,2023-05-31 00:00:00,no,BF; BOF,unknown,unknown,unknown,14000.0,27.81413,112.897377,CHN,0.03170696017736544,120638,4007280363.8593574,27.79166667,112.875,156,1
P100000120184,Inner Mongolia Baotou Jiyu Iron and Steel Co Ltd Hondlon District,包头市吉宇钢铁有限责任公司,,,Baotou Jiyu Steel Co Ltd,包头市吉宇钢铁有限责任公司,E100000126293,unknown,,natural person(s) [51.0%]; Inner Mongolia Jiyu Holding (Group) Co Ltd [49.0%],E100000123261 [51.0%]; E100000127542 [49.0%],unknown [51.0%]; unknown [49.0%],unknown,内蒙古自治区包头市昆区哈业脑包乡哈业脑包村,Haye Naobao,Inner Mongolia,China,Asia Pacific,"40.6623430, 109.6962430",exact,https://www.gem.wiki/Inner_Mongolia_Baotou_Jiyu_Iron_and_Steel_Co_Ltd_Hondlon_District,21.79,unknown,unknown,2002-12-19 00:00:00,2021-10-21 00:00:00,2024-06-01 00:00:00,2024-10-01 00:00:00,,,,,finished rolled,pipe,"building and infrastructure, transport",unknown,expired,unknown,no,BF; BOF,unknown,unknown,unknown,,40.662343,109.696243,CHN,0.03925144237488671,43321,563557793.4713724,40.625,109.70833333,156,1
P100000120182,Inner Mongolia BaoTou Steel Union Co Ltd,内蒙古包钢钢联股份有限公司,,,Inner Mongolia BaoTou Steel Union Co Ltd,内蒙古包钢钢联股份有限公司,E100000126357,unknown,,Inner Mongolia BaoTou Steel Union Co Ltd [100.0%],E100000126357 [100.0%],unknown [100.0%],unknown,内蒙古自治区包头市河西区,Baotou,Inner Mongolia,China,Asia Pacific,"40.6479970, 109.7408980",exact,https://www.gem.wiki/Inner_Mongolia_BaoTou_Steel_Union_Co_Ltd,26.64,unknown,unknown,1999-06-29 00:00:00,unknown,unknown,unknown,,,5810.0,,finished rolled,"tube, wire, profile, plate","building and infrastructure, transport",25519,no,no,no,BF; BOF,Combined Cycle Power Plant,unknown,"Inner Mongolia local and Shanxi Coking Coal Group, Shenhua Group, Ningmei Group, Wulan Group",5810.0,40.647997,109.740898,CHN,0.039866273229494355,43321,563557793.4713724,40.625,109.70833333,156,1
P100000120185,Inner Mongolia Desheng Metal Products Co Ltd,内蒙古德晟金属制品有限公司,,,Inner Mongolia Desheng Metal Products Co Ltd,内蒙古德晟金属制品有限公司,E100000126297,unknown,,Inner Mongolia Desheng Industrial Group Co Ltd [57.2%]; natural person(s) [42.8%],E100000126736 [57.2%]; E100000123261 [42.8%],unknown [57.2%]; unknown [42.8%],West High-tech Industrial Park,内蒙古自治区鄂尔多斯市鄂托克旗蒙西高新技术工业园区,Mengxi,Inner Mongolia,China,Asia Pacific,"39.8670150, 106.8903770",exact,https://www.gem.wiki/Inner_Mongolia_Desheng_Metal_Products_Co_Ltd,14.3,unknown,unknown,2011-11-03 00:00:00,unknown,unknown,unknown,,,,,finished rolled,"rebar, mesh, wire","building and infrastructure, tools and machinery",1128,no,no,no,BF; BOF,unknown,unknown,unknown,,39.867015,106.890377,CHN,0.01732663712322715,48499,111523145.34028804,39.875,106.875,156,1
P100000120355,Inner Mongolia Mingtuo Ferrite New Material Co Ltd,明拓铁素体不锈钢有限公司,"Mingtuo Ferritic Stainless Steel Co., Ltd.",内蒙古明拓铁素体新材料有限公司,Inner Mongolia Mingtuo Ferrite New Material Co Ltd,内蒙古明拓铁素体新材料有限公司,E100000127334,unknown,,Beijing Dow Investment Holding Co Ltd [81.3%]; Minmetals Development Co Ltd [15.7%]; unknown [3.0%],E100000128803 [81.3%]; E100000128895 [15.7%]; E100000132388 [3.0%],unknown [81.3%]; unknown [15.7%]; unknown [3.0%],Mingtuo Street,内蒙古包头市九原区九原工业园区明拓路,Jiuyuan,Inner Mongolia,China,Asia Pacific,"40.5975570, 109.6832020",exact,https://www.gem.wiki/Inner_Mongolia_Mingtuo_Ferrite_New_Material_Co_Ltd,3.0,2018,unknown,2023,unknown,unknown,unknown,,,,,semi-finished,billet,unknown,unknown,unknown,unknown,no,BF; EAF,unknown,unknown,unknown,,40.597557,109.683202,CHN,0.03721158417172248,43321,563557793.4713724,40.625,109.70833333,156,1
P100000120390,Inner Mongolia Wanzhou Special Steel Co Ltd,内蒙古万洲特钢有限责任公司,,,Inner Mongolia Wanzhou Special Steel Co Ltd,内蒙古万洲特钢有限责任公司,E100000126540,unknown,,natural person(s) [48.8%]; Zjmc (Beijing) New Energy Technology Co Ltd [41.5%]; Beijing Global Jierui Investment Management Co Ltd [7.3%]; unknown [2.4%],E100000123261 [48.8%]; E100000128349 [41.5%]; E100000127464 [7.3%]; E100000132388 [2.4%],unknown [48.8%]; unknown [41.5%]; unknown [7.3%]; unknown [2.4%],unknown,内蒙古包头市固阳县工业园,Baotou,Inner Mongolia,China,Asia Pacific,"40.9773290, 110.0229240",approximate,https://www.gem.wiki/Inner_Mongolia_Wanzhou_Special_Steel_Co_Ltd,,2022-04-01 00:00:00,unknown,unknown,unknown,unknown,unknown,,,,,unknown,unknown,unknown,unknown,unknown,unknown,no,EAF,unknown,unknown,unknown,,40.977329,110.022924,CHN,0.026685635789267276,40998,13833901.491643237,40.95833333,110.04166667,156,1
P100000120187,Inner Mongolia Yaxin Longshun Special Steel Co Ltd,内蒙古亚新隆顺特钢有限公司,"Baotou Longshun Steel Pipe Co., Ltd.",包头市隆顺钢管有限公司,Inner Mongolia Yaxinlongshun Special Steel Co Ltd,内蒙古亚新隆顺特钢有限公司,E100000123178,unknown,,Inner Mongolia Yaxinlongshun Special Steel Co Ltd [100.0%],E100000123178 [100.0%],unknown [100.0%],Dangpu Yaozi,内蒙古自治区包头市石拐区当铺窑子村,Baotou,Inner Mongolia,China,Asia Pacific,"40.6897780, 110.2147070",exact,https://www.gem.wiki/Inner_Mongolia_Yaxin_Longshun_Special_Steel_Co_Ltd,20.3,unknown,unknown,2005-11-03 00:00:00,unknown,unknown,unknown,,,,,finished rolled,"rebar, wire","building and infrastructure, tools and machinery",2128,2024-10-21 00:00:00,2025-04-09 00:00:00,no,BF; BOF,unknown,unknown,unknown,,40.689778,110.214707,CHN,0.019619478603622977,42752,2337622.9703656165,40.70833333,110.20833333,156,1
P100000120418,Jianglong Acheng Iron and Steel Co Ltd,建龙阿城钢铁有限公司,,,Jianglong Acheng Iron & Steel Co Ltd,建龙阿城钢铁有限公司,E100000126895,unknown,,Beijing Jianlong Investment Co Ltd [87.6%]; unknown [12.4%],E100000000155 [87.6%]; E100000132388 [12.4%],unknown [87.6%]; unknown [12.4%],"Acheng District, Harbin City, Heilongjiang Province",黑龙江省哈尔滨市阿城区北环路2号,Harbin,Heilongjiang,China,Asia Pacific,"45.5620020, 126.9681280",exact,https://www.gem.wiki/Jianglong_Acheng_Iron_and_Steel_Co_Ltd,25.0,unknown,unknown,2001,unknown,unknown,unknown,,,,,finished rolled,"coated, hot rolled","automotive, energy, tools and machinery",2240,2025-09-02 00:00:00,2025-09-02 00:00:00,no,BF; BOF,unknown,unknown,unknown,,45.562002,126.968128,CHN,0.02257124734297361,15910,3851213851.5239058,45.54166667,126.95833333,156,1
P100000120196,Jiangsu Binxin Steel Group Co Ltd,江苏省镔鑫钢铁集团有限公司,"Jiangsu Binxin Special Steel Material Co., Ltd.",江苏省镔鑫特钢材料有限公司,Jiangsu Province Binxin Steel Group Co Ltd,江苏省镔鑫钢铁集团有限公司,E100000123179,unknown,,Lianyungang Ganyu Zhongcheng Investment Co Ltd [87.4%]; natural person(s) [12.6%],E100000124040 [87.4%]; E100000123261 [12.6%],unknown [87.4%]; unknown [12.6%],"Xiangshi Village, Zhewang Town, Lingang Industrial Zone, Ganyu District, Lianyungang City, Jiangsu Province",江苏省连云港市赣榆区临港产业区柘汪镇响石村,Lianyungang,Jiangsu,China,Asia Pacific,"35.0955600, 119.2799890",exact,https://www.gem.wiki/Jiangsu_Binxin_Steel_Group_Co_Ltd,18.05,unknown,unknown,2008-02-02 00:00:00,unknown,unknown,unknown,,,,,"semi-finished, finished rolled","wire rod, rebar, bar, billet, round bar, special","building and infrastructure, tools and machinery",3921,2025-06-02 00:00:00,2024-12-16 00:00:00,no,BF; BOF,unknown,unknown,unknown,,35.09556,119.279989,CHN,0.03167146312737856,79244,3627723888.232499,35.125,119.29166667,156,1
P100000120199,Jiangsu Changqiang Iron and Steel Co Ltd,江阴长强钢铁有限公司,"Jiangyin Changqiang Iron & Steel Co., Ltd.",江苏长强钢铁有限公司(江苏新长江实业集团有限公司),Jiangsu Changqiang Iron & Steel Co Ltd,江苏长强钢铁有限公司,E100000126228,unknown,Partial,Jiangyin Changqi Investment Partnership LP [65.0%]; Changhong International Investment Co Ltd [25.0%]; Jiangyin Changjiang Village Federation of Trade Unions [9.5%]; Jiangsu New Yangtze Industrial Group Co Ltd [0.5%],E100000128045 [65.0%]; E100000130605 [25.0%]; E100000130289 [9.5%]; E100000128046 [0.5%],unknown [65.0%]; unknown [25.0%]; unknown [9.5%]; unknown [0.5%],Jiangyin Economic Development Zone,江苏省江阴经济开发区,unknown,Jiangsu,China,Asia Pacific,"31.9520640, 120.1897490",exact,https://www.gem.wiki/Jiangsu_Changqiang_Iron_and_Steel_Co_Ltd,22.42,unknown,unknown,2003-09-18 00:00:00,unknown,unknown,unknown,,,,,semi-finished,"slab, tube, billet","building and infrastructure, tools and machinery, transport",2217,2023-02-02 00:00:00,2023-08-06 00:00:00,no,BF; BOF,unknown,unknown,unknown,,31.952064,120.189749,CHN,0.019613307222333263,98223,5149260849.902505,31.95833333,120.20833333,156,1
P100000120349,Jiangsu Delong Nickel Industry Co Ltd,江苏德龙镍业有限公司,,,Jiangsu Delong Nickel Industry Co Ltd,江苏德龙镍业有限公司,E100000126498,5074552962,,Jiangsu Delong Nickel Industry Co Ltd [100.0%],E100000126498 [100.0%],5074552962 [100.0%],Guanchao 2nd Road,江苏省盐城市响水县沿海经济开发区观潮二路,unknown,Jiangsu,China,Asia Pacific,"34.4434690, 119.8165740",exact,https://www.gem.wiki/Jiangsu_Delong_Nickel_Industry_Co_Ltd,15.55,unknown,unknown,2010-08-02 00:00:00,unknown,unknown,unknown,1000.0,,,,finished rolled,unknown,"building and infrastructure, tools and machinery, transport",3635,2023-12-22 00:00:00,2023-12-22 00:00:00,no,EAF,State Grid Jiangsu Electric Power,unknown,unknown,1000.0,34.443469,119.816574,CHN,0.029005575224051255,83186,890142435.6329616,34.45833333,119.79166667,156,1
P100000120386,Jiangsu Hongtai Iron and Steel Co Ltd,江苏鸿泰钢铁有限公司,"Zhenjiang Hongtai Metals Ware Co., Ltd.",镇江鸿泰金属制品有限公司,Jiangsu HONGTAI Metals Ware Co Ltd,江苏鸿泰钢铁有限公司,E100000127063,unknown,,Jiangsu HONGTAI Metals Ware Co Ltd [100.0%],E100000127063 [100.0%],unknown [100.0%],Dongtao,江苏省镇江市谏壁镇东陶村,Jianbi,Jiangsu,China,Asia Pacific,"32.1383930, 119.5546930",exact,https://www.gem.wiki/Jiangsu_Hongtai_Iron_and_Steel_Co_Ltd,25.68,unknown,unknown,2000-06-15 00:00:00,unknown,unknown,unknown,,,,,finished rolled,rebar,"building and infrastructure, energy, tools and machinery, transport",699,2024-06-28 00:00:00,2024-10-14 00:00:00,no,EAF,Jiangsu Power Grid,unknown,unknown,,32.138393,119.554693,CHN,0.018683086529505247,97195,3200493895.461697,32.125,119.54166667,156,1
P100000120197,Jiangsu Jingye Iron and Steel Co Ltd,灌南兴鑫钢铁有限公司,Lianyungang Xingxin Iron and Steel Co Ltd,"连云港兴鑫钢铁有限公司, 江苏敬业钢铁有限责任公司",Jiangsu Jingye Iron and Steel Co Ltd,江苏敬业钢铁有限责任公司,E100002020303,5096771957,,Jiangsu Jingye Iron and Steel Co Ltd [100.0%],E100002020303 [100.0%],5096771957 [100.0%],Dazui,江苏省连云港市灌南县半岛临港产业区沟港镇大咀村,Gougang,Jiangsu,China,Asia Pacific,"34.3838100, 119.7868780",exact,https://www.gem.wiki/Jiangsu_Jingye_Iron_and_Steel_Co_Ltd,22.31,unknown,unknown,2003-10-28 00:00:00,unknown,unknown,unknown,,,,,finished rolled,rebar,"building and infrastructure, tools and machinery",2801,2024-05-24 00:00:00,2024-07-16 00:00:00,no,BF; BOF,unknown,unknown,unknown,,34.38381,119.786878,CHN,0.010027335656534608,83678,1557019273.7154286,34.375,119.79166667,156,1
P100000121138,Jiangsu Longyuan Steel Co,江苏龙远钢铁有限公司,,,Jiangsu Longyuan Steel Co Ltd,江苏龙远钢铁有限公司,E100001012139,unknown,,Jiangsu Longyuan Steel Co Ltd [100.0%],E100001012139 [100.0%],unknown [100.0%],unknown,江苏省徐州市铜山区利国镇,Liguo,Jiangsu,China,Asia Pacific,"34.5380330, 117.3295890",approximate,https://www.gem.wiki/Jiangsu_Longyuan_Steel_Co,15.77,unknown,unknown,2002-11-15 00:00:00,unknown,unknown,2018-08-24 00:00:00,,,,,unknown,unknown,unknown,unknown,unknown,unknown,no,BF,unknown,unknown,unknown,,34.538033,117.329589,CHN,0.0380960190872727,82665,261090607.59518936,34.54166667,117.29166667,156,1
P100000120189,Jiangsu Shagang Group Huaigang Special Steel Co Ltd,江苏淮钢集团有限公司,"Nanjing Iron and Steel Group Jiangsu Huaigang Co., Ltd., Jiangsu Shagang Group Huaigang Special Steel Co., Ltd., Jiangsu Huaigang Group Co., Ltd.","江苏沙钢集团淮钢特钢有限公司, 南京钢铁集团江苏淮钢有限公司, 江苏沙钢集团淮钢特钢股份有限公司",Jiangsu Shagang Group Huaigang SPECIAL Steel Co Ltd,江苏沙钢集团淮钢特钢股份有限公司,E100000124018,unknown,,Jiangsu Shagang Co Ltd [63.8%]; Hengde International Co Ltd [13.6%]; Jiangsu Shagang Group Co Ltd [10.6%]; unknown [6.2%]; Zhangjiagang Free Trade Zone Runyuan Stainless Steel Trade Co Ltd [3.2%]; Ningbo Meishan Free Trade Port Jincheng Shazhou Equity Investment Co Ltd [2.6%],E100000124726 [63.8%]; E100000125940 [13.6%]; E100000122410 [10.6%]; E100000132388 [6.2%]; E100000124037 [3.2%]; E100000124038 [2.6%],unknown [63.8%]; unknown [13.6%]; unknown [10.6%]; unknown [6.2%]; unknown [3.2%]; unknown [2.6%],No.188 Xi'an South Road,江苏省淮安市清浦区西安南路188号,unknown,Jiangsu,China,Asia Pacific,"33.5660390, 118.9884420",exact,https://www.gem.wiki/Jiangsu_Shagang_Group_Huaigang_Special_Steel_Co_Ltd,56.0,unknown,unknown,1970,unknown,unknown,unknown,,4166.0,,,finished rolled,unknown,"automotive, energy, tools and machinery, transport",3836,expired,expired,no,BF; BOF; EAF,30MW Distributed Photovoltaic Power Generation,unknown,unknown,4166.0,33.566039,118.988442,CHN,0.03873683620016384,88653,4165354036.0691886,33.54166667,118.95833333,156,1
P100000120188,Jiangsu Shagang Iron & Steel Co Ltd,江苏沙钢集团,Jiangsu Shagang Group,"江苏沙钢钢铁有限公司, 张家港荣盛特钢有限公司, 张家港宏昌钢板有限公司",Jiangsu Shagang Iron & Steel Co Ltd,江苏沙钢钢铁有限公司,E100002020306,unknown,,Jiangsu Shagang Iron & Steel Co Ltd [100.0%],E100002020306 [100.0%],unknown [100.0%],unknown,江苏省张家港市锦丰镇,Jinfeng,Jiangsu,China,Asia Pacific,"31.9831460, 120.6389920",approximate,https://www.gem.wiki/Jiangsu_Shagang_Iron_&_Steel_Co_Ltd,23.6,unknown,unknown,2002-07-15 00:00:00,unknown,unknown,unknown,,,,,finished rolled,"wire rod, bar, strip, plate","automotive, building and infrastructure, energy, steel packaging, tools and machinery, transport",9674,2025-05-08 00:00:00,2024-06-06 00:00:00,no,BF; BOF; EAF,onsite High-Efficiency Combined Cycle Power Generation & Gas Power Generation,"BHP32%, VALE16%, RIO16%",unknown,,31.983146,120.638992,CHN,0.028485867663265798,98227,5778523153.580064,31.95833333,120.625,156,1
P100000120195,Jiangsu Shente Steel Co Ltd,溧阳新港制钢有限公司,"Liyang Xingang Steel Co., Ltd.",江苏申特钢铁有限公司,Jiangsu Shente Steel Corp,江苏申特钢铁有限公司,E100000127108,unknown,,Jiangsu Delong Nickel Industry Co Ltd [100.0%],E100000126498 [100.0%],5074552962 [100.0%],No. 288 Kunlun North Road,江苏省溧阳市昆仑北路288号,Liyang,Jiangsu,China,Asia Pacific,"31.4711230, 119.4859410",exact,https://www.gem.wiki/Jiangsu_Shente_Steel_Co_Ltd,18.43,unknown,unknown,2002-07-30 00:00:00,unknown,unknown,2021,,4000.0,1400.0,,"semi-finished, finished rolled","billet, rebar, wire, bar","building and infrastructure, transport",573,expired,expired,no,BF; BOF,unknown,unknown,unknown,5400.0,31.471123,119.485941,CHN,0.03042628964460689,101283,5294448729.56292,31.45833333,119.45833333,156,1
P100000120207,Jiangsu Suxin Special Steel Group Co Ltd,江苏苏信特钢有限公司,"Jiangsu Sugang Group Co., Ltd.",江苏苏钢集团有限公司,Jiangsu Suxin Special Steel Co Ltd,江苏苏信特钢有限公司,E100000126768,unknown,Partial,Ping An Life Insurance Co Ltd [49.9%]; Suzhou Riyisheng Environment Protection Technology Co Ltd [22.8%]; Zhuhai HUAFA Real Estate Investment Holding Co Ltd [10.5%]; Zhuhai Gree Group Co Ltd [6.2%]; Zhuhai DA HENG Qin Investment Co Ltd [4.3%]; unknown [4.2%]; Suzhou Textile Stock Holding Group [2.1%],E100000129055 [49.9%]; E100000128614 [22.8%]; E100000129072 [10.5%]; E100000129073 [6.2%]; E100000129074 [4.3%]; E100000132388 [4.2%]; E100000128823 [2.1%],unknown [49.9%]; unknown [22.8%]; unknown [10.5%]; unknown [6.2%]; unknown [4.3%]; unknown [4.2%]; unknown [2.1%],No. 28 Gangcheng Road,江苏省苏州市高新区通安镇钢成路28号,Tong'an,Jiangsu,China,Asia Pacific,"31.4006440, 120.4751030",exact,https://www.gem.wiki/Jiangsu_Suxin_Special_Steel_Group_Co_Ltd,65.0,unknown,unknown,1957,unknown,unknown,2022,,,,,finished rolled,bearings,unknown,unknown,expired,expired,no,BF; EAF,Suzhou Power Grid,unknown,unknown,,31.400644,120.475103,CHN,0.030640440073683044,101805,11475374812.138918,31.375,120.45833333,156,1
P100000121136,Jiangsu Xingda Steel Group,江苏兴达钢铁集团有限公司,,铜山县兴达冶炼铸造有限公司,Jiangsu Xingda Steel Group Co Ltd,,E100001012229,unknown,,Jiangsu Xingda Steel Group Co Ltd [100.0%],E100001012229 [100.0%],unknown [100.0%],G104,江苏省徐州市铜山区104国道,unknown,Jiangsu,China,Asia Pacific,"34.5019810, 117.3162780",exact,https://www.gem.wiki/Jiangsu_Xingda_Steel_Group,22.96,unknown,unknown,2000-03-14 00:00:00,unknown,unknown,2023-03-01 00:00:00,,,,,finished rolled,wire rod,"tools and machinery, transport",unknown,expired,expired,no,BF; BOF,unknown,unknown,unknown,,34.501981,117.316278,CHN,0.04669764413455493,82665,261090607.59518936,34.54166667,117.29166667,156,1
P100000120198,Jiangsu Xugang Iron and Steel Group Co Ltd,江苏徐钢钢铁集团有限公司,"Xuzhou Zhongyuan Iron and Steel Industry Co., Ltd., Xuzhou Dongnan Iron and Steel Industry Co., Ltd.","徐州中原钢铁工业有限公司, 徐州东南钢铁工业有限公司",Jiangsu Xusteel Group Co Ltd,江苏徐钢钢铁集团有限公司,E100000126140,unknown,,Jiangsu Xusteel Group Co Ltd [100.0%],E100000126140 [100.0%],unknown [100.0%],National Highway 104,江苏省徐州市铜山区104国道,unknown,Jiangsu,China,Asia Pacific,"34.5770160, 117.3396380",exact,https://www.gem.wiki/Jiangsu_Xugang_Iron_and_Steel_Group_Co_Ltd,22.46,unknown,unknown,2003-09-05 00:00:00,unknown,unknown,unknown,,,1200.0,,"semi-finished, finished rolled","billet, rebar, wire, bar","building and infrastructure, tools and machinery",3062,2022-08-05 00:00:00,2024-04-08 00:00:00,no,BF; BOF,Photovoltaic Power Generation,unknown,unknown,1200.0,34.577016,117.339638,CHN,0.0500004617523631,82666,536146471.99254227,34.54166667,117.375,156,1
P100000121050,Jiangxi Taixin Iron and Steel Co Ltd,江西台鑫钢铁有限公司,,,Jiangxi Taixin Iron & Steel Co Ltd,江西台鑫钢铁有限公司,E100000127119,unknown,,Jiangxi Taixin Iron & Steel Co Ltd [100.0%],E100000127119 [100.0%],unknown [100.0%],Maojiashan,江西省上饶市广丰区湖丰镇毛家山,Hufeng,Jiangxi,China,Asia Pacific,"28.6044500, 118.1636150",exact,https://www.gem.wiki/Jiangxi_Taixin_Iron_and_Steel_Co_Ltd,22.62,unknown,unknown,2003-07-08 00:00:00,unknown,unknown,unknown,,,,,finished rolled,"rod, wire","building and infrastructure, energy, tools and machinery, transport",480,2024-02-05 00:00:00,2023-02-14 00:00:00,no,EAF,Distributed Photovoltaic Power Generation,unknown,unknown,,28.60445,118.163615,CHN,0.04374266481365143,117216,24651705.83317486,28.625,118.125,156,1
P100000121144,Jiangxi Yuanxing Iron and Steel Co Ltd,龙南市源兴钢铁有限公司,,,Jiangxi Yuanxing Iron and Steel Co Ltd,,E100001012080,unknown,,Jiangxi Yuanxing Iron and Steel Co Ltd [100.0%],E100001012080 [100.0%],unknown [100.0%],Fukang Industrial Park,江西省赣州市龙南市经济技术开发区富康工业园,unknown,Jiangxi,China,Asia Pacific,"24.8810980, 114.8028330",exact,https://www.gem.wiki/Jiangxi_Yuanxing_Iron_and_Steel_Co_Ltd,18.21,unknown,unknown,2003-10-16 00:00:00,unknown,unknown,2022,,,,,unknown,unknown,unknown,unknown,unknown,unknown,no,EAF,unknown,unknown,unknown,,24.881098,114.802833,CHN,0.012722913568405493,129655,982532261.0660375,24.875,114.79166667,156,1
P100000120205,Jiangyin Huaxi Iron and Steel Co Ltd,江阴华西钢铁有限公司,,,Jiangyin Huaxi Steel Co Ltd,江阴华西钢铁有限公司,E100000126810,unknown,Partial,Wuxi Zhongbang Equity Investment Partnership LP [77.8%]; Jiangsu Huaxi Group Co Ltd [22.2%],E100000128531 [77.8%]; E100000128532 [22.2%],unknown [77.8%]; unknown [22.2%],Huaxi Industrial Park,江苏省无锡市江阴市华士镇华西工业园区,Huashi,Jiangsu,China,Asia Pacific,"31.8164820, 120.4243470",exact,https://www.gem.wiki/Jiangyin_Huaxi_Iron_and_Steel_Co_Ltd,23.39,unknown,unknown,2002-09-29 00:00:00,unknown,unknown,unknown,,1850.0,,,finished rolled,spring steel,"building and infrastructure, tools and machinery, transport",1356,2023-08-04 00:00:00,2025-08-02 00:00:00,no,BF; BOF,unknown,unknown,unknown,1850.0,31.816482,120.424347,CHN,0.042081720852147654,99256,10086515908.61508,31.79166667,120.45833333,156,1
P100000120347,Jiangyin Xicheng Steel Co Ltd,江阴市西城钢铁有限公司,,,Jiangyin Xicheng Steel Co Ltd,江阴市西城钢铁有限公司,E100000126191,unknown,,Jiangsu Xicheng Sanlian Holding Group Co Ltd [100.0%],E100000128049 [100.0%],unknown [100.0%],Sanlian,江苏省江阴市夏港街道三联村,Xiagang,Jiangsu,China,Asia Pacific,"31.8922990, 120.1983940",exact,https://www.gem.wiki/Jiangyin_Xicheng_Steel_Co_Ltd,28.37,unknown,unknown,1997-10-06 00:00:00,unknown,unknown,unknown,,,,,semi-finished,billet,"automotive, energy, tools and machinery",641,2024-03-27 00:00:00,unknown,no,EAF,unknown,unknown,unknown,,31.892299,120.198394,CHN,0.019951082222504104,98737,8256028173.465794,31.875,120.20833333,156,1
P100000120191,Jiangyin Xingcheng Special Steel Works Co Ltd,江阴兴澄特种钢铁有限公司,CITIC Pacific Special Steel Group,,Jiangyin Xingcheng SPECIAL Steel Works Co Ltd,江阴兴澄特种钢铁有限公司,E100000126701,unknown,,Citic Pacific Special Steel Group Co Ltd [100.0%],E100000128047 [100.0%],unknown [100.0%],No. 297 Chengjiang East Road,江苏省无锡市江阴市澄江东路297号,unknown,Jiangsu,China,Asia Pacific,"31.9501910, 120.3284490",exact,https://www.gem.wiki/Jiangyin_Xingcheng_Special_Steel_Works_Co_Ltd,33.0,unknown,unknown,1993,unknown,unknown,unknown,,,,,finished rolled,"bearings, spring steel, cord, plate","automotive, energy, tools and machinery, transport",7192,2023-12-06 00:00:00,2024-12-16 00:00:00,no,BF; BOF; EAF,unknown,unknown,unknown,,31.950191,120.328449,CHN,0.04725773099534397,98224,4429745806.121701,31.95833333,120.375,156,1
P100000120159,Jianlong Beiman Special Steel Co Ltd,建龙北满特殊钢有限责任公司,"Qiqihar Beiman Special Steel Co., Ltd., Dongbei Special Steel Group Beiman Special Steel Co., Ltd.","东北特钢集团北满特殊钢有限责任公司, 齐齐哈尔北满特殊钢有限责任公司",Jianlong Beiman SPECIAL Steel Co Ltd,建龙北满特殊钢有限责任公司,E100000126721,unknown,Partial,Beijing Jianlong Investment Co Ltd [81.3%]; unknown [12.9%]; Shengjing Bank Co Ltd [2.6%]; China Bohai Bank Co Ltd [1.3%]; Liaoshen Bank Co Ltd [0.4%]; Hua Xia Bank Co Ltd [0.4%]; China Merchants Bank Co Ltd [0.4%]; SDIC Capital Co Ltd [0.3%]; Everbright Financial Investment Co Ltd [0.2%]; Everbright Securities Co Ltd [0.1%]; Jingmen City Construction Investment Holding Group Co Ltd [0.0%]; Beijing Jiatai Hengye Investment Co Ltd [0.0%]; Jiangsu Yueda Group Co Ltd [0.0%]; Xinzheng TEDA Investment Co Ltd [0.0%]; Credit Suisse AG [0.0%]; Beijing Hongliheng Consulting Co Ltd [0.0%]; China Development Bank Corp [0.0%]; Hongtai Hengye Investment Co Ltd [0.0%]; Beijing Dongrunjuxiangshuwu Co Ltd [0.0%]; Guardian Investment HOLDINGS Co Ltd [0.0%]; Jiangsu Xinhong Investment Partnership LP [0.0%]; Yongjin Industry (Group) Co Ltd [0.0%]; Jiangsu Century New Town Investment Holding Group Co Ltd [0.0%]; Beijing Wudou Trading Co Ltd [0.0%]; Yunnan State Owned Financial Capital Holding Group Co Ltd [0.0%]; Shanghai Nanometer Venture Investment Co Ltd [0.0%]; Wuhan Huabing Real Estate Co Ltd [0.0%]; Beijing Zhijin Technology Investment Co Ltd [0.0%]; Beijing Tiandi Runda Advertising Co Ltd [0.0%]; Boao Investment Co Ltd [0.0%]; Wuhan Jiaxinghe Real Estate Co Ltd [0.0%]; Wuhan Xindi Chuangjia Decoration Engineering Co Ltd [0.0%]; Shenzhen Hehao Investment Co Ltd [0.0%],E100000000155 [81.3%]; E100000132388 [12.9%]; E100000128856 [2.6%]; E100000128854 [1.3%]; E100000128865 [0.4%]; E100000124791 [0.4%]; E100000125400 [0.4%]; E100000128914 [0.3%]; E100000130450 [0.2%]; E100000128906 [0.1%]; E100000128975 [0.0%]; E100000129039 [0.0%]; E100000124399 [0.0%]; E100000130613 [0.0%]; E100001010237 [0.0%]; E100000129026 [0.0%]; E100001001051 [0.0%]; E100000130527 [0.0%]; E100000129097 [0.0%]; E100000128949 [0.0%]; E100000129076 [0.0%]; E100000129020 [0.0%]; E100000129077 [0.0%]; E100000129040 [0.0%]; E100000129019 [0.0%]; E100000129021 [0.0%]; E100000129162 [0.0%]; E100000129022 [0.0%]; E100000129027 [0.0%]; E100000130617 [0.0%]; E100000129164 [0.0%]; E100000129163 [0.0%]; E100000129125 [0.0%],unknown [81.3%]; unknown [12.9%]; unknown [2.6%]; unknown [1.3%]; unknown [0.4%]; unknown [0.4%]; unknown [0.4%]; unknown [0.3%]; unknown [0.2%]; unknown [0.1%]; unknown [0.0%]; unknown [0.0%]; unknown [0.0%]; unknown [0.0%]; 4295890645 [0.0%]; unknown [0.0%]; unknown [0.0%]; unknown [0.0%]; unknown [0.0%]; unknown [0.0%]; unknown [0.0%]; unknown [0.0%]; unknown [0.0%]; unknown [0.0%]; 5070822292 [0.0%]; unknown [0.0%]; unknown [0.0%]; unknown [0.0%]; unknown [0.0%]; unknown [0.0%]; unknown [0.0%]; unknown [0.0%]; unknown [0.0%],"No. 7 Hong'an Street, Fulaerji District, Qiqihar City, Heilongjiang Province",黑龙江省齐齐哈尔市富拉尔基区红岸大街7号,Qiqihar,Heilongjiang,China,Asia Pacific,"47.1912850, 123.6165120",exact,https://www.gem.wiki/Jianlong_Beiman_Special_Steel_Co_Ltd,69.0,1950,1953,1957,unknown,unknown,unknown,,,,,"semi-finished, finished rolled","bearings, billet",unknown,3743,2024-03-28 00:00:00,2024-05-08 00:00:00,no,BF; BOF; EAF,"onsite gas power generation units, Excess Gas Power Generation, Rooftop Photovoltaics",unknown,unknown,,47.191285,123.616512,CHN,0.019044466382362835,10053,3437488269.916678,47.20833333,123.625,156,1
P100000120158,Jianlong Xilin Iron and Steel Co Ltd,西林钢铁集团有限公司,"Xilin Iron and Steel Group Co., Ltd.",建龙西林钢铁有限公司,Jianlong Xilin Iron and Steel Co Ltd,建龙西林钢铁有限公司,E100000127058,unknown,,Beijing Jianlong Investment Co Ltd [87.6%]; unknown [12.4%],E100000000155 [87.6%]; E100000132388 [12.4%],unknown [87.6%]; unknown [12.4%],"Xinxing Street, Xilin District, Yichun City, Heilongjiang Province",黑龙江省伊春市西林区新兴大街,Yichun,Heilongjiang,China,Asia Pacific,"47.4950360, 129.2879190",exact,https://www.gem.wiki/Jianlong_Xilin_Iron_and_Steel_Co_Ltd,60.0,unknown,unknown,1966,unknown,unknown,unknown,,,1400.0,,finished rolled,"wire rod, rail, bar, rounds, hot rolled, angle",unknown,4573,2025-09-12 00:00:00,2023-10-20 00:00:00,no,BF; BOF,unknown,unknown,unknown,1400.0,47.495036,129.287919,CHN,0.036893509125017473,9411,10642384.938641924,47.45833333,129.29166667,156,1
P100000120215,Jilin Jianlong Steel Co Ltd,通钢集团吉林钢铁有限责任公司,"Jilin City Jianlong Iron and Steel Co., Ltd., Tonggang Group Jilin Iron and Steel Co., Ltd.","吉林建龙钢铁有限责任公司, 吉林市建龙钢铁有限责任公司",Jilin Jianlong Steel Co Ltd,吉林建龙钢铁有限责任公司,E100000125308,unknown,,Beijing Jianlong Investment Co Ltd [90.2%]; unknown [9.8%],E100000000155 [90.2%]; E100000132388 [9.8%],unknown [90.2%]; unknown [9.8%],Jinzhu Township Industrial Park,吉林省吉林市龙潭区金珠乡工业园区,unknown,Jilin,China,Asia Pacific,"44.0119510, 126.5370860",exact,https://www.gem.wiki/Jilin_Jianlong_Steel_Co_Ltd,24.8,unknown,unknown,2001-05-01 00:00:00,unknown,unknown,unknown,,,,,finished rolled,"hot rolled, structural, plate, electrical",unknown,4253,2025-07-15 00:00:00,2024-07-18 00:00:00,no,BF; BOF,unknown,unknown,unknown,,44.011951,126.537086,CHN,0.030066652311114318,22735,133726064.71790448,44.04166667,126.54166667,156,1
P100000120218,Jilin Jingang Iron and Steel Co Ltd,吉林金钢钢铁股份有限公司,"Siping Modern Iron and Steel Co., Ltd.",四平现代钢铁有限公司,Jilin Jingang Lron and Steel Co Ltd,吉林金钢钢铁股份有限公司,E100000127125,unknown,,Jilin Jingang Lron and Steel Co Ltd [100.0%],E100000127125 [100.0%],unknown [100.0%],No. 18 Hongzui Road,吉林省四平市铁西区红嘴路18号,unknown,Jilin,China,Asia Pacific,"43.2002300, 124.3356970",exact,https://www.gem.wiki/Jilin_Jingang_Iron_and_Steel_Co_Ltd,47.0,unknown,unknown,1979,unknown,unknown,unknown,,,,,finished rolled,bar,"building and infrastructure, tools and machinery, transport",2025,2024-04-21 00:00:00,2023-11-12 00:00:00,no,BF; BOF,unknown,unknown,unknown,,43.20023,124.335697,CHN,0.040129661923436075,26883,7056524178.650425,43.20833333,124.375,156,1
P100000120389,Jilin Steel Group Fugang Metal Manufacturing Co Ltd,吉林吉钢钢铁集团福钢金属制造有限公司,,,"Fugang METAL Manufacturing Co.ltd.,jilinjigang Steel Group",吉林吉钢钢铁集团福钢金属制造有限公司,E100000126497,unknown,,Jilinjigang Steel Group Co Ltd [51.0%]; natural person(s) [49.0%],E100000127545 [51.0%]; E100000123261 [49.0%],unknown [51.0%]; unknown [49.0%],"Jiutai District, Changchun City, Jilin Province",吉林省长春市九台区卡伦北区,Changchun,Jilin,China,Asia Pacific,"44.0228020, 125.5056270",exact,https://www.gem.wiki/Jilin_Steel_Group_Fugang_Metal_Manufacturing_Co_Ltd,17.6,unknown,unknown,2008-07-16 00:00:00,unknown,unknown,unknown,,,,,finished rolled,rebar,"building and infrastructure, tools and machinery, transport",98,expired,expired,no,EAF,unknown,unknown,unknown,,44.022802,125.505627,CHN,0.040678416733168576,22723,218005645.09942687,44.04166667,125.54166667,156,1
P100000120388,Jilin Steel Group Taihua Metal Equipment Manufacture Co Ltd,吉林吉钢华营重工科技发展有限公司,"Jilin Jigang Huaying Heavy Industry Technology Development Co., Ltd.",吉林吉钢钢铁集团泰华冶金设备制造有限公司,Jilin Steel Group Taihua Metal Equipment Manufacture Co Ltd,吉林吉钢钢铁集团泰华冶金设备制造有限公司,E100000127275,unknown,,Jilinjigang Steel Group Co Ltd [98.8%]; unknown [1.2%],E100000127545 [98.8%]; E100000132388 [1.2%],unknown [98.8%]; unknown [1.2%],"Zone B, Industrial Concentration Zone",吉林省九台市工业集中区B区内,unknown,Jilin,China,Asia Pacific,"44.1388260, 125.9149410",exact,https://www.gem.wiki/Jilin_Steel_Group_Taihua_Metal_Equipment_Manufacture_Co_Ltd,17.58,unknown,unknown,2008-07-23 00:00:00,unknown,unknown,unknown,,,,,finished rolled,rebar,unknown,unknown,unknown,unknown,no,EAF,unknown,unknown,unknown,,44.138826,125.914941,CHN,0.04226631941629124,22313,912548532.864007,44.125,125.875,156,1
P100000120217,Jilin Xinda Iron and Steel Co Ltd,吉林鑫达钢铁有限公司,,,JiLin Province Xinda Steel Co Ltd,吉林鑫达钢铁有限公司,E100000123181,unknown,,Hengjin Huitong Asset Management (Beijing) Co Ltd [60.0%]; natural person(s) [18.7%]; Jilin Tianpeng Industrial Co Ltd [17.2%]; unknown [4.1%],E100000123534 [60.0%]; E100000123261 [18.7%]; E100000123535 [17.2%]; E100000132388 [4.1%],unknown [60.0%]; unknown [18.7%]; unknown [17.2%]; unknown [4.1%],unknown,吉林省辽源市东丰县横道河镇,Hengdaohe,Jilin,China,Asia Pacific,"42.3249000, 125.2468920",exact,https://www.gem.wiki/Jilin_Xinda_Iron_and_Steel_Co_Ltd,18.27,unknown,unknown,2007-11-14 00:00:00,unknown,unknown,unknown,,,,,finished rolled,"bar, h-beam, hot rolled","automotive, building and infrastructure, energy, tools and machinery",2300,2025-05-05 00:00:00,2025-05-05 00:00:00,no,BF; BOF,unknown,unknown,unknown,,42.3249,125.246892,CHN,0.050904078962868415,32040,15053158.02973983,42.29166667,125.20833333,156,1
P100000120373,Jinan Iron and Steel Group Co Ltd,冀南钢铁集团有限公司,,,Jinan Iron & Steel Group Co Ltd,冀南钢铁集团有限公司,E100000126505,unknown,,Jinan Iron & Steel Group Co Ltd [100.0%],E100000126505 [100.0%],unknown [100.0%],"Chongyi Village, Wu'an, Handan City, Hebei Province",河北省邯郸市武安市上团城乡崇义村,Handan,Hebei,China,Asia Pacific,"36.7189520, 114.1116770",exact,https://www.gem.wiki/Jinan_Iron_and_Steel_Group_Co_Ltd,4.0,unknown,unknown,2022,unknown,unknown,unknown,,,,,"semi-finished, finished rolled","billet, structural, plate",unknown,2722,2023-01-17 00:00:00,2023-01-17 00:00:00,no,BF; BOF,unknown,unknown,unknown,,36.718952,114.111677,CHN,0.01703697395574938,69257,2791499561.2492723,36.70833333,114.125,156,1
P100000120273,Jincheng Fusheng Iron and Steel Co Ltd,晋城福盛钢铁有限公司,,山西晋钢智造科技实业有限公司,Jincheng FUSHENG Iron & Steel Co Ltd,晋城福盛钢铁有限公司,E100000127056,unknown,,Shanxi Jincheng Steel Holdings Group Co Ltd [60.0%]; natural person(s) [40.0%],E100000123830 [60.0%]; E100000123261 [40.0%],unknown [60.0%]; unknown [40.0%],unknown,山西省晋城市泽州县巴公镇,Bagong,Shanxi,China,Asia Pacific,"35.6629850, 112.8823950",exact,https://www.gem.wiki/Jincheng_Fusheng_Iron_and_Steel_Co_Ltd,23.2,unknown,unknown,2002-12-10 00:00:00,unknown,unknown,unknown,,,,,finished rolled,"rebar, wire",unknown,unknown,no,2025-07-16 00:00:00,no,BF; BOF,unknown,unknown,unknown,,35.662985,112.882395,CHN,0.038698142720290395,76162,981005265.3164757,35.625,112.875,156,1
P100000120132,Jinding Heavy Industry Co Ltd,金鼎重工股份有限公司,"Jinding Steel Group, Hebei Iron and Steel Group Jinding Heavy Industry Co., Ltd., Jinding Heavy Industry Co., Ltd.","河北钢铁集团金鼎重工股份有限公司, 金鼎重工有限公司, 金鼎钢铁集团",Jinding Heavy Industries Co Ltd,金鼎重工有限公司,E100000126942,unknown,,CSCEC Rongdong Investment Holding Co Ltd [90.0%]; Fang TongZhou Holding Co Ltd [8.0%]; unknown [2.0%],E100000128793 [90.0%]; E100000128301 [8.0%]; E100000132388 [2.0%],unknown [90.0%]; unknown [8.0%]; unknown [2.0%],"Qinglongshan Industrial Park, Wu'an Industrial Park, Handan City, Hebei Province",河北省邯郸市武安工业园区青龙山工业园,Handan,Hebei,China,Asia Pacific,"36.7189520, 114.1116770",exact,https://www.gem.wiki/Jinding_Heavy_Industry_Co_Ltd,31.0,unknown,unknown,1995,unknown,unknown,unknown,,6000.0,,,finished rolled,"wire, plate","building and infrastructure, tools and machinery",2656,2024-10-22 00:00:00,2024-10-22 00:00:00,no,BF; BOF,unknown,unknown,unknown,6000.0,36.718952,114.111677,CHN,0.01703697395574938,69257,2791499561.2492723,36.70833333,114.125,156,1
P100000120222,Jingye (Yingkou) Medium Plate Co Ltd,敬业(营口)中板有限公司,,"五矿营口中板有限责任公司, 日钢营口中板有限公司",Jingye (Yingkou) Medium Plate Co Ltd,,E100002020684,5000024140,,Jingye (Yingkou) Medium Plate Co Ltd [100.0%],E100002020684 [100.0%],5000024140 [100.0%],Yejin,辽宁省营口市老边区冶金区冶金里,Yejin,Liaoning,China,Asia Pacific,"40.6711360, 122.3954410",exact,https://www.gem.wiki/Jingye_(Yingkou)_Medium_Plate_Co_Ltd,23.67,unknown,unknown,2002-06-21 00:00:00,unknown,unknown,unknown,,,,,finished rolled,"wire, plate","building and infrastructure, energy, tools and machinery, transport",507,2020-11-09 00:00:00,2025-01-10 00:00:00,no,BF; BOF,unknown,unknown,unknown,,40.671136,122.395441,CHN,0.042443796250211746,42885,1444886964.8755352,40.70833333,122.375,156,1
P100000120120,Jingye Iron and Steel Co Ltd,河北敬业钢铁有限公司,"Hebei Jingye Iron and Steel Co., Ltd.",敬业钢铁有限公司,Jingye Iron and Steel Co Ltd,敬业钢铁有限公司,E100000126115,unknown,,Jingye Group Co Ltd [100.0%],E100000124668 [100.0%],5071576433 [100.0%],"Nandian Town, Pingshan County, Shijiazhuang City, Hebei Province",河北省石家庄市平山县南甸镇,Shijiazhuang,Hebei,China,Asia Pacific,"38.3913720, 114.1399980",exact,https://www.gem.wiki/Jingye_Iron_and_Steel_Co_Ltd,30.0,unknown,unknown,1996,unknown,unknown,unknown,,,,,finished rolled,"galvanized, wire rod, rail, rebar, sections, plate, coated, rounds","building and infrastructure, transport",9685,2023-11-14 00:00:00,no,no,BF; BOF,Self-owned Power Generation,unknown,unknown,,38.391372,114.139998,CHN,0.0222032067053403,58380,310050323.594974,38.375,114.125,156,1
P100000120175,Jingzhou Qunli Metal Products Co Ltd,荆州市群力金属制品有限公司,,"湖北沙市钢厂, 荆州市群力冷轧有限公司",Jingzhou Qunli Metal Products Co Ltd,荆州市群力金属制品有限公司,E100000127098,unknown,,Jingzhou Chuhang Special Steel Products Co Ltd [30.0%]; Jingzhou Daren Metal Products Co Ltd [30.0%]; Jingzhou Youyuan Metal Products Co Ltd [30.0%]; natural person(s) [5.2%]; unknown [4.8%],E100000128128 [30.0%]; E100000128129 [30.0%]; E100000128130 [30.0%]; E100000123261 [5.2%]; E100000132388 [4.8%],unknown [30.0%]; unknown [30.0%]; unknown [30.0%]; unknown [5.2%]; unknown [4.8%],"North side of No. 2 Road, 318 National Road, Shacheng District, Jingzhou City, Hubei Province",湖北省荆州市沙市区318国道2号路北侧(锣场镇花台村),Jingzhou,Hubei,China,Asia Pacific,"30.3505000, 112.3537820",exact,https://www.gem.wiki/Jingzhou_Qunli_Metal_Products_Co_Ltd,27.0,unknown,unknown,1999,unknown,unknown,unknown,,,,,finished rolled,sheet,unknown,580,2023-06-25 00:00:00,expired,no,EAF,Roof-Top Distributed Photovoltaic Power Generation Project,unknown,unknown,,30.3505,112.353782,CHN,0.03241070076379379,107700,118075214.85034539,30.375,112.375,156,1
P100000120276,Jinye Iron and Steel Group Co Ltd,壶关县常平炼钢有限公司,"Huguan County Changping Steelmaking Co., Ltd., Jinye Steel Co., Ltd.","金烨钢铁有限公司, 金烨钢铁集团有限公司",Jinye Steel Group Co Ltd,金烨钢铁集团有限公司,E100000126800,unknown,,Jinye Steel Group Co Ltd [100.0%],E100000126800 [100.0%],unknown [100.0%],Yanjiahe,山西省长治市壶关县常平经济开发区闫家河村,unknown,Shanxi,China,Asia Pacific,"36.1481310, 113.2095230",exact,https://www.gem.wiki/Jinye_Iron_and_Steel_Group_Co_Ltd,22.79,unknown,unknown,2003-05-08 00:00:00,unknown,unknown,unknown,,,,,"semi-finished, finished rolled","spring steel, plate, cold rolled, billet, carbon steel, channel, i-beam, angle, wire","building and infrastructure, tools and machinery",215,2024-05-23 00:00:00,unknown,no,BF; BOF,unknown,unknown,unknown,,36.148131,113.209523,CHN,0.02316157325634153,73016,1182364306.7889879,36.125,113.20833333,156,1
P100000121252,Jinzhou Jinxing Special Steel Company,锦州锦兴钢厂,Jinzhou Jinxing Steel Plant,锦州锦兴特钢有限公司,Jinzhou Jinxing Special Steel Co Ltd,,E100002003149,unknown,,Jinzhou Jinxing Special Steel Co Ltd [100.0%],E100002003149 [100.0%],unknown [100.0%],"No. 1, Steel Flower Lane",辽宁省锦州市太和区钢花里１号,unknown,Liaoning,China,Asia Pacific,"41.1888880, 121.2250430",exact,https://www.gem.wiki/Jinzhou_Jinxing_Special_Steel_Company,25.1,unknown,unknown,2001-01-15 00:00:00,unknown,unknown,unknown,,,,,finished rolled,rebar,unknown,186,no,no,no,EAF; BF; BOF,unknown,unknown,unknown,,41.188888,121.225043,CHN,0.025638524339708917,39381,549095770.045926,41.20833333,121.20833333,156,1
P100000121057,Jishan Mingfu Steel Products Co Ltd,稷山县铭福钢铁制品有限公司,,,Jishan Mingfu Steel Products Co Ltd,稷山县铭福钢铁制品有限公司,E100000127266,unknown,,Jishan Mingfu Steel Products Co Ltd [100.0%],E100000127266 [100.0%],unknown [100.0%],unknown,山西省运城市稷山县西社镇,Xishe,Shanxi,China,Asia Pacific,"35.6659450, 111.0259760",exact,https://www.gem.wiki/Jishan_Mingfu_Steel_Products_Co_Ltd,12.44,unknown,unknown,2013-09-12 00:00:00,unknown,unknown,unknown,,,,,"semi-finished, finished rolled",rod,building and infrastructure,521,2023-11-24 00:00:00,2023-12-04 00:00:00,no,BF; BOF,unknown,unknown,unknown,,35.665945,111.025976,CHN,0.043848490852581114,76140,245177255.62792537,35.625,111.04166667,156,1
P100000120083,Jiugang Group Yuzhong Iron and Steel Co Ltd,酒钢集团榆中钢铁有限责任公司,Jiuquan Iron and Steel Group,,Jiugang Group Yuzhong Iron & Steel Co Ltd,酒钢集团榆中钢铁有限责任公司,E100000126330,unknown,,Gansu Jiu Steel Group Hongxing Iron and Steel Co Ltd [100.0%],E100000127239 [100.0%],unknown [100.0%],"Laizibao Township, Yuzhong County, Lanzhou City, Gansu Province",甘肃省兰州市榆中县来紫堡乡,Lanzhou,Gansu,China,Asia Pacific,"36.0336460, 104.0355350",exact,https://www.gem.wiki/Jiugang_Group_Yuzhong_Iron_and_Steel_Co_Ltd,23.0,unknown,unknown,2003,unknown,unknown,unknown,,2255.0,373.0,,finished rolled,"wire rod, rebar",unknown,2097,no,2024-12-11 00:00:00,no,BF; BOF,State Grid Gansu Lanzhou Power Supply Company,unknown,unknown,2628.0,36.033646,104.035535,CHN,0.010095965740722038,73440,167993672.70306432,36.04166667,104.04166667,156,1
P100000120213,Jiujiang Pinggang Iron and Steel Co Ltd,九江萍钢钢铁有限公司,PXSteel Jiujiang,,JiuJiang PXSteel Co Ltd,九江萍钢钢铁有限公司,E100000123182,unknown,,Beijing Fangda International Industrial Investment Group Co Ltd [60.9%]; unknown [21.5%]; Jiangxi Pxsteel Industrial Co Ltd [10.3%]; Gongqingcheng Huaershun Investment Center LP [7.3%],E100000128862 [60.9%]; E100000132388 [21.5%]; E100000123335 [10.3%]; E100000124737 [7.3%],unknown [60.9%]; unknown [21.5%]; unknown [10.3%]; unknown [7.3%],High-tech Industrial Park,江西省九江市湖口县高新技术产业园区,unknown,Jiangxi,China,Asia Pacific,"29.7784310, 116.2752700",exact,https://www.gem.wiki/Jiujiang_Pinggang_Iron_and_Steel_Co_Ltd,14.09,unknown,unknown,2012-01-16 00:00:00,unknown,unknown,unknown,,,,,finished rolled,"wire rod, bar, plate","building and infrastructure, tools and machinery, transport",6045,2024-10-11 00:00:00,2025-06-28 00:00:00,no,BF; BOF,unknown,unknown,unknown,,29.778431,116.27527,CHN,0.021072108281743843,111046,478146017.5263399,29.79166667,116.29166667,156,1
P100000120254,Laiwu Iron and Steel Group Yinshan Section Steel Co Ltd,莱芜钢铁集团银山型钢有限公司,,山钢股份莱芜分公司,Laiwu Steel Yinshan Section Co Ltd,莱芜钢铁集团银山型钢有限公司,E100000126374,unknown,Full,Shandong Iron and Steel Group Co Ltd [70.0%]; Shandong Guohui Investment Co Ltd [20.0%]; Shandong Caixin Asset Operation Co Ltd [10.0%],E100000124598 [70.0%]; E100000124585 [20.0%]; E100000124453 [10.0%],unknown [70.0%]; unknown [20.0%]; unknown [10.0%],Shuangquan Road,山东省莱芜市钢城区双泉路,unknown,Shandong,China,Asia Pacific,"36.1061430, 117.8201080",exact,https://www.gem.wiki/Laiwu_Iron_and_Steel_Group_Yinshan_Section_Steel_Co_Ltd,22.15,unknown,unknown,2003-12-26 00:00:00,unknown,unknown,unknown,,,,,"semi-finished, finished rolled","billet, strip, sections","automotive, building and infrastructure, tools and machinery",4449,2024-01-28 00:00:00,2025-01-21 00:00:00,no,BF; BOF,unknown,unknown,unknown,,36.106143,117.820108,CHN,0.034124708074490175,73071,1723461254.4344203,36.125,117.79166667,156,1
P100000120156,Langfang Guangyuan Metalwork Co Ltd,廊坊市洸远金属制品有限公司,,,Langfang Guangyuan Metalwork Co Ltd,廊坊市洸远金属制品有限公司,E100000126181,unknown,,RiseSun Real Estate Development Co Ltd [99.8%]; unknown [0.2%],E100000128787 [99.8%]; E100000132388 [0.2%],unknown [99.8%]; unknown [0.2%],"Donggugang Town, Anci District, Langfang City, Hebei Province",河北省廊坊市安次区东沽港镇,Langfang,Hebei,China,Asia Pacific,"39.1814660, 116.8386670",exact,https://www.gem.wiki/Langfang_Guangyuan_Metalwork_Co_Ltd,11.0,unknown,unknown,2007,unknown,unknown,2018,,,,,"semi-finished, finished rolled","pipe, billet, cold rolled, strip",unknown,52,expired,expired,no,BF; BOF,unknown,unknown,unknown,,39.181466,116.838667,CHN,0.04518783365386003,53131,1533063394.1574883,39.20833333,116.875,156,1
P100000120344,Lanxin Steel Group Co Ltd plant,兰鑫钢铁集团有限公司,"Gaolan Lanxin Steel Co., Ltd.",皋兰兰鑫钢铁有限公司,Gaolan County Lanxin Steel Co Ltd,兰鑫钢铁集团有限公司,E100000126506,unknown,,Gaolan County Lanxin Steel Co Ltd [100.0%],E100000126506 [100.0%],unknown [100.0%],"Xindi Village, Heishi Town, Gaolan County, Lanzhou City, Gansu Province",甘肃省兰州市皋兰县黑石镇新地村,Lanzhou,Gansu,China,Asia Pacific,"36.4888660, 103.9220000",exact,https://www.gem.wiki/Lanxin_Steel_Group_Co_Ltd_plant,25.0,unknown,unknown,2001,unknown,unknown,unknown,,,,,finished rolled,rebar,building and infrastructure,3060,2024-01-05 00:00:00,2024-04-17 00:00:00,no,BF; BOF; EAF,Coal Gas Recovery and Comprehensive Utilization Power Generation,unknown,unknown,,36.488866,103.922,CHN,0.0474589802484012,70761,4705947.349746395,36.45833333,103.95833333,156,1
P100000120181,Lengshuijiang Steel Co Ltd,冷水江博大钢铁有限公司,"Lengshuijiang Boda Steel Co., Ltd.",冷水江钢铁有限责任公司,Lengshuijiang Iron and Steel Co Ltd,冷水江钢铁有限责任公司,E100000126341,unknown,,Lengshuijiang Xingbo Enterprise Management Co Ltd [49.6%]; unknown [28.6%]; Shanghai Baoke Enterprise Development Co Ltd [15.0%]; Shanghai Zhenchang Metal Resources Group Co Ltd [5.4%]; Shanghai Zhenchang Waste and Scrap Metal Recycling Co Ltd [1.4%],E100000128565 [49.6%]; E100000132388 [28.6%]; E100000127514 [15.0%]; E100000128282 [5.4%]; E100000127515 [1.4%],unknown [49.6%]; unknown [28.6%]; unknown [15.0%]; unknown [5.4%]; unknown [1.4%],Zhagang Road,湖南省冷水江市轧钢路,Lengshuijiang,Hunan,China,Asia Pacific,"27.6904010, 111.4372880",exact,https://www.gem.wiki/Lengshuijiang_Steel_Co_Ltd,68.0,unknown,unknown,1958,unknown,unknown,unknown,,,,,finished rolled,wire,"building and infrastructure, transport",3059,2022-11-22 00:00:00,2023-02-14 00:00:00,no,BF; BOF,unknown,unknown,unknown,,27.690401,111.437288,CHN,0.027649129715743077,120895,982323572.5654914,27.70833333,111.45833333,156,1
P100000120192,Lianfeng Steel Zhangjiagang Co Ltd,联峰钢铁(张家港)有限公司,,江苏永钢集团有限公司,Lianfeng Steel (Zhangjiagang) Co Ltd,联峰钢铁（张家港）有限公司,E100000126766,unknown,,"Sirida (Hong Kong) Group Co Ltd [42.7%]; Zhangjiagang Yongrun Investment Development Co Ltd [18.5%]; Suzhou Yongyuan Holding Co Ltd [14.5%]; Yonglian Village Stock Economic Cooperative, Nanfeng Town, Zhangjiagang City [9.3%]; unknown [4.3%]; Hengde International Co Ltd [3.4%]; Zhangjiagang Yongfeng Investment Development Co Ltd [3.2%]; Jiangsu Shagang Group Co Ltd [2.7%]; Zhangjiagang Free Trade Zone Runyuan Stainless Steel Trade Co Ltd [0.8%]; Ningbo Meishan Free Trade Port Jincheng Shazhou Equity Investment Co Ltd [0.6%]",E100000130645 [42.7%]; E100000128818 [18.5%]; E100000128947 [14.5%]; E100000130337 [9.3%]; E100000132388 [4.3%]; E100000125940 [3.4%]; E100000128820 [3.2%]; E100000122410 [2.7%]; E100000124037 [0.8%]; E100000124038 [0.6%],unknown [42.7%]; unknown [18.5%]; 5087170217 [14.5%]; unknown [9.3%]; unknown [4.3%]; unknown [3.4%]; unknown [3.2%]; unknown [2.7%]; unknown [0.8%]; unknown [0.6%],Yonglian Industrial Park,江苏省张家港市南丰镇永联工业园,Nanfeng,Jiangsu,China,Asia Pacific,"31.8552050, 120.7305050",exact,https://www.gem.wiki/Lianfeng_Steel_Zhangjiagang_Co_Ltd,23.65,unknown,unknown,2002-06-26 00:00:00,unknown,unknown,unknown,,12000.0,,,finished rolled,"wire rod, wire, hot rolled","automotive, building and infrastructure, energy, tools and machinery, transport",4746,2025-05-19 00:00:00,2024-06-15 00:00:00,no,BF; BOF; EAF,State Grid & 3.55MW Saturated Steam Power Generation,unknown,unknown,12000.0,31.855205,120.730505,CHN,0.02972246583963835,98743,3289812339.6058364,31.875,120.70833333,156,1
P100001063594,Lianping Huafeng Steel Co Ltd,连平县华丰钢铁有限公司,,,Lianping County Huafeng Steel Co Ltd,,E100002020687,unknown,,Lianping County Huafeng Steel Co Ltd [100.0%],E100002020687 [100.0%],unknown [100.0%],unknown,广东省连平县忠信镇西湖村（原氮肥厂）,Heyuan,Guangdong,China,Asia Pacific,"24.184350, 114.728202",exact,https://www.gem.wiki/Lianping_Huafeng_Steel_Co_Ltd,9.93,unknown,unknown,2016-03-17 00:00:00,unknown,unknown,unknown,,,,,semi-finished,steel billet,unknown,112,2023-06-29 00:00:00,no,no,EAF,unknown,unknown,unknown,,24.18435,114.728202,CHN,0.031144247710573496,131651,271704400.55409884,24.20833333,114.70833333,156,1
P100000121078,Lianyungang Huale Alloy Group Co Ltd,连云港华乐合金有限公司,"Lianyungang Huale Alloy Co., Ltd.",连云港华乐合金集团有限公司,Lianyungang Huale Alloy Group Co Ltd,连云港华乐合金集团有限公司,E100000127135,unknown,,Lianyungang Huale Alloy Group Co Ltd [100.0%],E100000127135 [100.0%],unknown [100.0%],Banqiao Industrial Park,江苏省连云港市连云区板桥工业园区,unknown,Jiangsu,China,Asia Pacific,"34.6079640, 119.4476260",exact,https://www.gem.wiki/Lianyungang_Huale_Alloy_Group_Co_Ltd,15.94,unknown,unknown,2010-03-12 00:00:00,unknown,unknown,unknown,,,,,finished rolled,"cold rolled, strip","building and infrastructure, energy, tools and machinery",214,2023-01-13 00:00:00,2025-09-29 00:00:00,no,BF; BOF,unknown,unknown,unknown,,34.607964,119.447626,CHN,0.02012143662189317,82200,175014771.30063456,34.625,119.45833333,156,1
P100000120348,Lianyungang Yaxin Iron and Steel Co Ltd,连云港亚新钢铁有限公司,,,Lianyungang Yaxin Iron and Steel Co Ltd,连云港亚新钢铁有限公司,E100000126647,unknown,,Lianyungang Yaxin Iron and Steel Co Ltd [100.0%],E100000126647 [100.0%],unknown [100.0%],unknown,江苏省连云港市灌南县堆沟港镇,Duigougang,Jiangsu,China,Asia Pacific,"34.4237860, 119.7783110",exact,https://www.gem.wiki/Lianyungang_Yaxin_Iron_and_Steel_Co_Ltd,16.51,unknown,unknown,2009-08-18 00:00:00,unknown,unknown,unknown,,,,,finished rolled,wire,building and infrastructure,3092,2024-01-05 00:00:00,2022-12-08 00:00:00,no,BF; BOF,3.214 Megawatt Rooftop Photovoltaic Power Generation,unknown,unknown,,34.423786,119.778311,CHN,0.03703905953554768,83186,890142435.6329616,34.45833333,119.79166667,156,1
P100000120333,Liaoyang United Steel Co Ltd,辽宁澎辉铸业有限公司,"Liaoning Penghui Casting Co., Ltd.",辽阳联合钢铁有限公司,Liaoyang United Steel Co Ltd,辽阳联合钢铁有限公司,E100000126207,unknown,,Liaoyang United Steel Co Ltd [100.0%],E100000126207 [100.0%],unknown [100.0%],Laba,辽宁省辽阳市辽阳县刘二堡镇喇叭村,Liuerbao,Liaoning,China,Asia Pacific,"41.1913800, 122.8773110",exact,https://www.gem.wiki/Liaoyang_United_Steel_Co_Ltd,6.17,unknown,unknown,2019-12-18 00:00:00,unknown,unknown,unknown,,,,,unknown,unknown,unknown,1753,2023-10-08 00:00:00,no,no,BF; BOF,unknown,unknown,unknown,,41.19138,122.877311,CHN,0.017110117448133417,39401,1281795295.850902,41.20833333,122.875,156,1
P100000121051,Liaoyang Xinyi Special Steel Co Ltd,辽阳新达钢铁有限公司,"Liaoyang Xinda Iron and Steel Co., Ltd.",辽阳鑫亿特钢有限公司,Liaoyang Xinyi Special Steel Co Ltd,辽阳鑫亿特钢有限公司,E100000126978,unknown,,Liaoyang Xinyi Special Steel Co Ltd [100.0%],E100000126978 [100.0%],unknown [100.0%],Gaozhuangzi,辽宁省辽阳县刘二堡镇高庄子村,Liuerbao,Liaoning,China,Asia Pacific,"41.2250030, 122.9704880",exact,https://www.gem.wiki/Liaoyang_Xinyi_Special_Steel_Co_Ltd,17.2,unknown,unknown,2008-12-08 00:00:00,unknown,unknown,unknown,,,,,finished rolled,unknown,"building and infrastructure, tools and machinery, transport",245,2024-04-07 00:00:00,unknown,no,EAF,State Grid Liaoyang Power Supply Company,unknown,unknown,,41.225003,122.970488,CHN,0.020630412034610145,39402,4381066890.384275,41.20833333,122.95833333,156,1
P100000120269,Licheng Taihang Iron and Steel Co Ltd,黎城太行钢铁有限公司,,,Licheng Taihang Iron & Steel Co Ltd,黎城太行钢铁有限公司,E100000126125,unknown,,Licheng Taihang Iron & Steel Co Ltd [100.0%],E100000126125 [100.0%],unknown [100.0%],Chengnan,山西省长治市黎城县城南村,unknown,Shanxi,China,Asia Pacific,"36.4723030, 113.3441550",exact,https://www.gem.wiki/Licheng_Taihang_Iron_and_Steel_Co_Ltd,25.68,unknown,unknown,2000-06-15 00:00:00,unknown,unknown,unknown,,,,,finished rolled,"round bar, rebar, wire, bar","building and infrastructure, energy, tools and machinery, transport",1985,2025-01-11 00:00:00,2024-04-11 00:00:00,no,BF; BOF,unknown,unknown,unknown,,36.472303,113.344155,CHN,0.0338609761363831,70874,231213739.23506635,36.45833333,113.375,156,1
P100000120225,Lingyuan Iron and Steel Co Ltd,凌源钢铁股份有限公司,,,Lingyuan Iron & Steel Co Ltd,凌源钢铁股份有限公司,E100000126754,unknown,,Lingyuan Iron & Steel Co Ltd [100.0%],E100000126754 [100.0%],unknown [100.0%],No. 3 Gangtie Road,辽宁省朝阳市凌源市钢铁路3号,unknown,Liaoning,China,Asia Pacific,"41.2710480, 119.4137400",exact,https://www.gem.wiki/Lingyuan_Iron_and_Steel_Co_Ltd,31.8,unknown,unknown,1994-05-04 00:00:00,unknown,unknown,unknown,,,,,finished rolled,"pipe, rebar, wire, bar",unknown,6452,2024-07-10 00:00:00,unknown,no,BF; BOF,unknown,unknown,unknown,,41.271048,119.41374,CHN,0.043885272615868796,38781,1351875952.0510519,41.29166667,119.375,156,1
P100000120330,Linyi Iron and Steel Investment Group Special Steel Co Ltd,临沂钢铁投资集团特钢有限公司,,,Linyi Iron and Steel Investment Group Co Ltd,临沂钢铁投资集团有限公司,E100000123322,unknown,Partial,Linyi Investment Development Co Ltd [74.4%]; Gangfa International [16.7%]; Shandong Caixin Asset Operation Co Ltd [8.3%]; unknown [0.7%],E100000000234 [74.4%]; E100000125831 [16.7%]; E100000124453 [8.3%]; E100000132388 [0.7%],unknown [74.4%]; unknown [16.7%]; unknown [8.3%]; unknown [0.7%],unknown,山东省临沂市临港经济开发区产业园区团林镇,Tuanlin,Shandong,China,Asia Pacific,"35.1573500, 119.1339990",exact,https://www.gem.wiki/Linyi_Iron_and_Steel_Investment_Group_Special_Steel_Co_Ltd,6.92,unknown,unknown,2019-03-20 00:00:00,unknown,unknown,unknown,,3840.0,,,unknown,unknown,unknown,16,2023-09-21 00:00:00,no,no,BF; BOF,unknown,unknown,unknown,3840.0,35.15735,119.133999,CHN,0.03357833380321477,79242,212520272.51501238,35.125,119.125,156,1
P100000120338,Linyi Iron and Steel Investment Group Stainless Steel Co Ltd,临沂钢铁投资集团不锈钢有限公司,,,Linyi Iron and Steel Investment Group Stainless Steel Co Ltd,临沂钢铁投资集团不锈钢有限公司,E100000127088,unknown,Partial,Shandong Shengyang Holding Group Co Ltd [66.0%]; Linyi Investment Development Co Ltd [25.3%]; Gangfa International [5.7%]; Shandong Caixin Asset Operation Co Ltd [2.8%]; unknown [0.2%],E100000127433 [66.0%]; E100000000234 [25.3%]; E100000125831 [5.7%]; E100000124453 [2.8%]; E100000132388 [0.2%],unknown [66.0%]; unknown [25.3%]; unknown [5.7%]; unknown [2.8%]; unknown [0.2%],Lingang Economic Development Zone,山东省临沂市临港经济开发区坪上镇黄海五路与坪南路交汇处,Linyi,Shandong,China,Asia Pacific,"35.1484430, 119.0680150",exact,https://www.gem.wiki/Linyi_Iron_and_Steel_Investment_Group_Stainless_Steel_Co_Ltd,6.0,unknown,unknown,2020,unknown,unknown,unknown,,,,,unknown,unknown,unknown,1356,2023-02-25 00:00:00,2023-04-11 00:00:00,no,EAF,unknown,unknown,unknown,,35.148443,119.068015,CHN,0.035267672772514524,79241,238915176.01580334,35.125,119.04166667,156,1
P100000120250,Linyi Jiangxin Iron and Steel Co Ltd,临沂江鑫钢铁有限公司,,,Linyi Jiangxin Steel Co Ltd,临沂江鑫钢铁有限公司,E100000126519,unknown,,Huasheng Jiangquan Group Co Ltd [100.0%],E100000123768 [100.0%],unknown [100.0%],8 Sanjiang Road,山东省临沂市罗庄区三江路8号,Linyi,Shandong,China,Asia Pacific,"34.9511170, 118.3053890",exact,https://www.gem.wiki/Linyi_Jiangxin_Iron_and_Steel_Co_Ltd,18.58,unknown,unknown,2003-09-02 00:00:00,unknown,unknown,2022-04-01 00:00:00,,,,,unknown,unknown,"building and infrastructure, tools and machinery",unknown,expired,unknown,no,BF; BOF,unknown,unknown,unknown,,34.951117,118.305389,CHN,0.015504120719924117,80218,7972147725.823803,34.95833333,118.29166667,156,1
P100001063721,Linyi Meide Gengchen Metal Materials Co Ltd,临沂玫德庚辰金属材料有限公司,,,Linyi Meide Gengchen Metal Materials Co Ltd,临沂玫德庚辰金属材料有限公司,E100002020746,unknown,,Linyi Meide Gengchen Metal Materials Co Ltd [100.0%],E100002020746 [100.0%],unknown [100.0%],Lushan East Street and Junxiu San Street,山东省临沂市临港经济开发区团林镇芦山东路与锦绣三路交汇处,Tuanlin,Shandong,China,Asia Pacific,"35.188667, 119.087048",approximate,https://www.gem.wiki/Linyi_Meide_Gengchen_Metal_Materials_Co_Ltd,8.55,unknown,unknown,2017-08-02 00:00:00,unknown,unknown,unknown,,,,,unknown,unknown,unknown,unknown,2024-06-05 00:00:00,2025-03-13 00:00:00,no,BF; EAF,unknown,unknown,unknown,,35.188667,119.087048,CHN,0.042744810675323014,78746,374021532.01611346,35.20833333,119.125,156,1
P100001064103,Linzhou Hexin Foundry Co Ltd,林州市合鑫铸业有限公司,,,Linzhou Hexin Foundry Co Ltd,,E100002020986,unknown,,Linzhou Hexin Foundry Co Ltd [100.0%],E100002020986 [100.0%],unknown [100.0%],unknown,,Anyang,Henan,China,Asia Pacific,"36.1127420, 113.8611350",exact,https://www.gem.wiki/Linzhou_Hexin_Foundry_Co_Ltd,20.47,unknown,unknown,2005-09-01 00:00:00,unknown,unknown,unknown,,,,,finished rolled,"Ductile Iron Grinding Balls, castings",unknown,520,2023-05-19 00:00:00,no,no,BF; IF,unknown,unknown,unknown,,36.112742,113.861135,CHN,0.018506668771011845,73024,1250100343.4634068,36.125,113.875,156,1
P100000120399,Lishui Huahong Iron and Steel Products Co Ltd,丽水华宏钢铁制品有限公司,,,Huahong Iron and Steel Products Co Ltd,丽水华宏钢铁制品有限公司,E100000127001,unknown,,Huahong Iron and Steel Products Co Ltd [100.0%],E100000127001 [100.0%],unknown [100.0%],Chonghe,浙江省丽水市云和县凤凰山街道重河村,unknown,Zhejiang,China,Asia Pacific,"28.0900980, 119.5195090",exact,https://www.gem.wiki/Lishui_Huahong_Iron_and_Steel_Products_Co_Ltd,23.39,unknown,unknown,2002-09-28 00:00:00,unknown,unknown,unknown,,,,,finished rolled,rebar,building and infrastructure,181,2023-05-15 00:00:00,2025-04-02 00:00:00,no,EAF,State Grid Lishui Power Supply Company,unknown,unknown,,28.090098,119.519509,CHN,0.041341407134116256,119495,468805622.32278705,28.125,119.54166667,156,1
P100000120092,Liuzhou Iron and Steel Co Ltd Liuzhou Base,柳州钢铁股份有限公司(柳州本部),Guangxi Liuzhou Iron and Steel (Group) Company,广西柳州金程股份有限公司,Liuzhou IRON&STEEL Co Ltd,柳州钢铁股份有限公司,E100000123902,unknown,,Liuzhou IRON&STEEL Co Ltd [100.0%],E100000123902 [100.0%],unknown [100.0%],"No. 117 Beique Road, Liuzhou City, Guangxi Zhuang Autonomous Region",广西柳州市北雀路117号,Liuzhou,Guangxi,China,Asia Pacific,"24.3853040, 109.3796300",exact,https://www.gem.wiki/Liuzhou_Iron_and_Steel_Co_Ltd_Liuzhou_Base,26.0,unknown,unknown,2000,unknown,unknown,unknown,,,,,finished rolled,"wire rod, profile, plate","automotive, building and infrastructure, energy, tools and machinery, transport",4517,2025-06-19 00:00:00,2023-07-18 00:00:00,no,BF; BOF,unknown,unknown,unknown,,24.385304,109.37963,CHN,0.01129642934736831,131097,21236255107.045433,24.375,109.375,156,1
P100000120382,Liyang Baorun Steel Co Ltd,溧阳宝润钢铁有限公司,,,Liyang Baorun Steel Co Ltd,溧阳宝润钢铁有限公司,E100000126811,unknown,,Jiangsu Delong Nickel Industry Co Ltd [100.0%],E100000126498 [100.0%],5074552962 [100.0%],No. 288 Kunlun North Road,江苏省溧阳市昆仑北路288号,Changzhou,Jiangsu,China,Asia Pacific,"31.4711230, 119.4859410",exact,https://www.gem.wiki/Liyang_Baorun_Steel_Co_Ltd,2.58,2021-11-01 00:00:00,unknown,2023-07-22 00:00:00,unknown,unknown,unknown,,,,,unknown,unknown,unknown,178,no,2025-05-09 00:00:00,no,EAF,State Grid Jiangsu Electric Power Company,unknown,unknown,,31.471123,119.485941,CHN,0.03042628964460689,101283,5294448729.56292,31.45833333,119.45833333,156,1
P100001063267,Longchuan Hanghui Steel Co Ltd,龙川县航辉钢业有限公司,,,Longchuan Hanghui Steel Co Ltd,,E100002020558,unknown,,Longchuan Hanghui Steel Co Ltd [100.0%],E100002020558 [100.0%],unknown [100.0%],unknown,广东省龙川县老隆镇莲塘村,Heyuan,Guangdong,China,Asia Pacific,"24.1131890, 115.2150680",exact,https://www.gem.wiki/Longchuan_Hanghui_Steel_Co_Ltd,22.39,unknown,unknown,2003-09-30 00:00:00,unknown,unknown,unknown,,,,,finished rolled,"hot-rolled rebar, Straight Bar",building and infrastructure,167,2025-08-14 00:00:00,no,no,EAF,unknown,unknown,unknown,,24.113189,115.215068,CHN,0.013596157582528209,131899,1069393003.8951043,24.125,115.20833333,156,1
P100000120412,Longnan Fuxin Iron and Steel Co Ltd,龙南市福鑫钢铁有限公司,,,Longnan Fuxin Steel Co Ltd,龙南市福鑫钢铁有限公司,E100000126284,unknown,,Longnan Fuxin Steel Co Ltd [100.0%],E100000126284 [100.0%],unknown [100.0%],Huilong Industrial zone,江西省赣州市龙南县龙南经济技术开发区龙南镇会龙工业区,Longnan,Jiangxi,China,Asia Pacific,"24.9129040, 114.8445030",exact,https://www.gem.wiki/Longnan_Fuxin_Iron_and_Steel_Co_Ltd,20.91,unknown,unknown,2005-03-23 00:00:00,unknown,unknown,unknown,,,,,finished rolled,rebar,building and infrastructure,11,expired,yes,no,EAF,unknown,unknown,unknown,,24.912904,114.844503,CHN,0.048649565517072085,129656,85055828.36295038,24.875,114.875,156,1
P100000120383,Luoyang Luogang Group of Steel and Iron Co Ltd,洛阳洛钢集团钢铁有限公司,,,Luoyang Luogang Group of Steel and Iron Co Ltd,洛阳洛钢集团钢铁有限公司,E100000126383,unknown,,Luoyang Luogang Group of Steel and Iron Co Ltd [100.0%],E100000126383 [100.0%],unknown [100.0%],"Songzhuang Village, Songzhuang Town, Mengjin County, Luoyang City, Henan Province",河南省洛阳市孟津县送庄镇送庄村东,Luoyang,Henan,China,Asia Pacific,"34.7984770, 112.5805050",exact,https://www.gem.wiki/Luoyang_Luogang_Group_of_Steel_and_Iron_Co_Ltd,19.0,unknown,unknown,2003,2021,2017,2022,,,,,finished rolled,rebar,unknown,5,yes,unknown,no,EAF,state grid,unknown,unknown,,34.798477,112.580505,CHN,0.039430907571322074,81132,898607349.1565193,34.79166667,112.54166667,156,1
P100000120335,Luzhou Xinyang Vanadium Titanium Steel Co Ltd,泸州鑫阳钒钛钢铁有限公司,,,Luzhou Xinyang Vanadium Titanium Steel Co Ltd,泸州鑫阳钒钛钢铁有限公司,E100000126425,unknown,,Luzhou Chengkun Industry Co Ltd [70.0%]; Sichuan Luzhou Jiangyang Iron and Steel Co Ltd [30.0%],E100000128540 [70.0%]; E100000128084 [30.0%],unknown [70.0%]; unknown [30.0%],Hejiang Circular Economy Industrial Park,四川省泸州市合江循环经济产业园区,Luzhou,Sichuan,China,Asia Pacific,"28.8517790, 105.7050900",exact,https://www.gem.wiki/Luzhou_Xinyang_Vanadium_Titanium_Steel_Co_Ltd,6.12,unknown,unknown,2020-01-08 00:00:00,unknown,unknown,unknown,,,,,finished rolled,unknown,building and infrastructure,32,2024-06-20 00:00:00,2024-06-20 00:00:00,no,EAF,State Grid Luzhou Power Supply Company,unknown,unknown,,28.851779,105.70509,CHN,0.023446407624386725,115836,20271489.796361625,28.875,105.70833333,156,1
P100000120260,Lvliang Jianlong Industrial Co Ltd,文水海威钢铁有限公司,"Wenshui Haiwei Steel Co., Ltd.",吕梁建龙实业有限公司,Lvliang Jianlong Industrial Co Ltd,吕梁建龙实业有限公司,E100000126132,unknown,,China Great Wall Asset Management Co Ltd [48.0%]; Beijing Jianlong Investment Co Ltd [45.5%]; unknown [6.5%],E100000124790 [48.0%]; E100000000155 [45.5%]; E100000132388 [6.5%],unknown [48.0%]; unknown [45.5%]; unknown [6.5%],Sang,山西省文水经济开发区桑村产业园,Lvliang,Shanxi,China,Asia Pacific,"37.4731100, 112.0609300",exact,https://www.gem.wiki/Lvliang_Jianlong_Industrial_Co_Ltd,41.0,unknown,unknown,1985,unknown,unknown,unknown,,,,,finished rolled,rebar,"automotive, building and infrastructure, tools and machinery",2132,2022-11-29 00:00:00,2022-11-29 00:00:00,no,BF; BOF,unknown,unknown,unknown,,37.47311,112.06093,CHN,0.024278094220464126,64174,1570081181.240564,37.45833333,112.04166667,156,1
P100000120069,Maanshan Iron and Steel Co Ltd,马鞍山钢铁股份有限公司(本部),,,Maanshan Iron & Steel Co Ltd,马鞍山钢铁股份有限公司,E100000123737,4295864332,,Maanshan Iron & Steel Co Ltd [100.0%],E100000123737 [100.0%],4295864332 [100.0%],"Yushan District, Ma'anshan City",安徽省马鞍山市雨山区,Ma'anshan,Anhui,China,Asia Pacific,"31.6988840, 118.4681940",exact,https://www.gem.wiki/Maanshan_Iron_and_Steel_Co_Ltd,73.0,unknown,unknown,1953,unknown,unknown,unknown,,18440.0,4430.0,2670.0,finished rolled,"wire rod, sections, plate","automotive, building and infrastructure, energy, tools and machinery, transport",11450,2024-01-26 00:00:00,2024-01-26 00:00:00,no,BF; BOF; EAF,Ma'anshan Steel power station/Rooftop Distributed Photovoltaic Power Generation,"Nanshan Mine, Gushan Mine, Taochong Mine, Luohe Mine, and Zhangzhuang Mine",unknown,25540.0,31.698884,118.468194,CHN,0.013657329544888235,99742,14161932205.740225,31.70833333,118.45833333,156,1
P100001046616,Mintal Group DRI plant,水木明拓（达茂）氢能源科技有限公司,,,Mintal Group Co Ltd,明拓集团有限公司,E100000128517,unknown,,Beijing Dow Investment Holding Co Ltd [81.3%]; Minmetals Development Co Ltd [15.7%]; unknown [3.0%],E100000128803 [81.3%]; E100000128895 [15.7%]; E100000132388 [3.0%],unknown [81.3%]; unknown [15.7%]; unknown [3.0%],Bairun Industrial Park,内蒙古包头市达茂旗巴润工业园区,unknown,Inner Mongolia,China,Asia Pacific,"41.7915000, 109.8653670",exact,https://www.gem.wiki/Mintal_Group_DRI_plant,,2021-04-01 00:00:00,unknown,unknown,unknown,unknown,unknown,,,,,unknown,unknown,unknown,unknown,unknown,unknown,no,DRI,unknown,unknown,unknown,,41.7915,109.865367,CHN,0.009634441752835492,35159,38453234.3149022,41.79166667,109.875,156,1
P100000120339,Minyuan Iron and Steel Group Co Ltd,闽源钢铁集团有限公司,"Henan Minyuan Special Steel Co., Ltd.",河南闽源特钢有限公司,Minyuan Iron and Steel Group Co Ltd,闽源钢铁集团有限公司,E100000123185,unknown,,natural person(s) [66.7%]; Fujian Mingfa Investment Co Ltd [33.3%],E100000123261 [66.7%]; E100000124295 [33.3%],unknown [66.7%]; unknown [33.3%],"Chenshuanglou Village, Chenji Town, Yongcheng City, Henan Province",河南省永城市陈集镇陈双楼村,Yongcheng,Henan,China,Asia Pacific,"34.0133690, 116.4225990",exact,https://www.gem.wiki/Minyuan_Iron_and_Steel_Group_Co_Ltd,23.0,unknown,unknown,2003,unknown,unknown,unknown,,,,,finished rolled,"rebar, wire coil","building and infrastructure, transport",2568,2025-09-19 00:00:00,2023-06-28 00:00:00,no,BF; BOF,Distributed Photovoltaic Power Generation,unknown,unknown,,34.013369,116.422599,CHN,0.04558179974482805,85623,258770067.85181326,34.04166667,116.45833333,156,1
P100000120190,Nanjing Iron and Steel Co Ltd,南京南钢产业发展有限公司,"NISCO, Nangang",南京钢铁股份有限公司,Nanjing Iron & Steel Co Ltd,南京钢铁股份有限公司,E100001000920,unknown,,Nanjing Iron & Steel Co Ltd [100.0%],E100001000920 [100.0%],unknown [100.0%],No. 8 Xingfu Road,江苏省南京市六合区幸福路8号 (南京市六合区卸甲甸),Nanjing,Jiangsu,China,Asia Pacific,"32.2007970, 118.7463150",exact,https://www.gem.wiki/Nanjing_Iron_and_Steel_Co_Ltd,68.0,unknown,unknown,1958,unknown,unknown,unknown,,,,,finished rolled,"bearings, wire, plate","automotive, building and infrastructure, energy, transport",4839,2024-08-28 00:00:00,2023-01-12 00:00:00,no,BF; BOF,20 MW Rooftop Photovoltaic Power Generation,unknown,unknown,,32.200797,118.746315,CHN,0.03872213224833207,96673,11508667093.45597,32.20833333,118.70833333,156,1
P100000120165,Nanyang Hanye Special Steel Co Ltd,南阳汉冶特钢有限公司,,,Nanyang Hanye SPECIAL STREET Co Ltd,南阳汉冶特钢有限公司,E100000126908,unknown,,Henan Longcheng Group Co Ltd [100.0%],E100000127544 [100.0%],unknown [100.0%],"Guzhuanghe Village, Huiche Town, Xixia County, Nanyang City, Henan Province",河南省南阳市西峡县回车镇古庄河村,Nanyang,Henan,China,Asia Pacific,"33.2693240, 111.5346350",exact,https://www.gem.wiki/Nanyang_Hanye_Special_Steel_Co_Ltd,23.0,unknown,unknown,2003,unknown,unknown,unknown,,,,,finished rolled,"special, plate",unknown,3411,2025-05-27 00:00:00,2024-03-15 00:00:00,no,BF; BOF,unknown,"Vertical integration - Longcheng Special Materials Co., Ltd.","Vertical integration - Henan Longcheng Group Co., Ltd. has rights to 12 mining areas including Lushan and Xincai",,33.269324,111.534635,CHN,0.023423050307717595,90064,313551485.3556643,33.29166667,111.54166667,156,1
P100000120400,Ningbo Haoyang New Materials Techonology Co Ltd,宁波昊阳新材料科技有限公司,,,Ningbo Haoyang New MATERIALS Techonology Co Ltd,宁波昊阳新材料科技有限公司,E100000126616,unknown,,Ningbo Haoyang New MATERIALS Techonology Co Ltd [100.0%],E100000126616 [100.0%],unknown [100.0%],"No. 18, Langhai North Road",浙江省宁波市余姚经济开发区滨海新城朗海北路18号,Binhai New Town,Zhejiang,China,Asia Pacific,"30.2671130, 121.0525030",exact,https://www.gem.wiki/Ningbo_Haoyang_New_Materials_Techonology_Co_Ltd,6.39,unknown,unknown,2019-10-01 00:00:00,unknown,unknown,unknown,,,,,finished rolled,unknown,tools and machinery,400,2023-12-29 00:00:00,2023-11-01 00:00:00,no,EAF,8.9 megawatt photovoltaic power generation,unknown,unknown,,30.267113,121.052503,CHN,0.05977019033914698,108740,4420088191.603954,30.20833333,121.04166667,156,1
P100000120305,Ningbo Iron and Steel Co Ltd,宁波钢铁有限公司,"Ningbo Jianlong Steel Co., Ltd.",宁波建龙钢铁有限公司,Ningbo Iron & Steel Co Ltd,宁波钢铁有限公司,E100000126299,unknown,,Hang Zhou Iron & Steel Co Ltd [100.0%],E100000127605 [100.0%],unknown [100.0%],168 Lingang 2nd Road,浙江省宁波市北仑区临港二路168号,unknown,Zhejiang,China,Asia Pacific,"29.9187760, 121.8764230",exact,https://www.gem.wiki/Ningbo_Iron_and_Steel_Co_Ltd,23.1,unknown,unknown,2003-01-14 00:00:00,unknown,unknown,unknown,,4402.0,756.0,,finished rolled,"structural, electrical",unknown,2979,2024-07-22 00:00:00,2023-10-20 00:00:00,no,BF; BOF,Utilizing the waste heat from high-energy-consuming equipment and idle construction sites to build photovoltaic power station,unknown,unknown,5158.0,29.918776,121.876423,CHN,0.04379912219440143,110640,7787131930.195617,29.875,121.875,156,1
P100000121148,Ningxia Boyu Hongxing Special Steel Group Co,宁夏博宇红星特钢集团有限公司,,,Ningxia Boyu Hongxing Special Steel Group Co Ltd,,E100001012201,unknown,,Ningxia Boyu Hongxing Special Steel Group Co Ltd [100.0%],E100001012201 [100.0%],unknown [100.0%],Ningxia Shizuishan Industrial Park,宁夏回族自治区宁夏石嘴山工业园区,unknown,Ningxia,China,Asia Pacific,"39.2738320, 106.7514600",exact,https://www.gem.wiki/Ningxia_Boyu_Hongxing_Special_Steel_Group_Co,19.14,unknown,unknown,2000-04-10 00:00:00,unknown,unknown,2019-06-01 00:00:00,,,,,unknown,unknown,unknown,unknown,unknown,unknown,no,BF; BOF,unknown,unknown,unknown,,39.273832,106.75146,CHN,0.04398467649645779,52457,1044069289.8932406,39.29166667,106.79166667,156,1
P100000120232,Ningxia Iron and Steel Group Co Ltd,宁夏钢铁(集团)有限责任公司,,,Ningxia Iron and Steel (Group) Co Ltd,宁夏钢铁（集团）有限责任公司,E100000127269,unknown,,Ningxia Haofeng Weiye Steel Co Ltd [79.0%]; natural person(s) [21.0%],E100000127604 [79.0%]; E100000123261 [21.0%],unknown [79.0%]; unknown [21.0%],East of Ninggang Avenue,宁夏中卫市沙坡头区美利工业园区宁钢大道东侧,Meili Industrial Park,Ningxia,China,Asia Pacific,"37.5030540, 105.0783480",exact,https://www.gem.wiki/Ningxia_Iron_and_Steel_Group_Co_Ltd,68.0,unknown,unknown,1958,unknown,unknown,unknown,,,,,finished rolled,"cord, spring steel, wire, wire rod",unknown,944,2023-07-13 00:00:00,expired,no,BF; BOF,unknown,unknown,unknown,,37.503054,105.078348,CHN,0.053258410181850936,63548,21396075.606333133,37.54166667,105.04166667,156,1
P100000121052,Ningxia Jianlong Special Steel Co Ltd,宁夏建龙特钢有限公司,"Ningxia Shenyin Special Steel Co., Ltd.",宁夏申银特钢股份有限公司,Ningxia Jianlong Special Steel Co Ltd,宁夏建龙特钢有限公司,E100000126270,unknown,,Beijing Jianlong Investment Co Ltd [90.2%]; unknown [9.8%],E100000000155 [90.2%]; E100000132388 [9.8%],unknown [90.2%]; unknown [9.8%],unknown,宁夏石嘴山市惠农区红果子工业集聚区,Hongguozi Industrial Park,Ningxia,China,Asia Pacific,"39.2154520, 106.6882940",exact,https://www.gem.wiki/Ningxia_Jianlong_Special_Steel_Co_Ltd,13.84,unknown,unknown,2012-04-18 00:00:00,unknown,unknown,unknown,,6000.0,1300.0,,finished rolled,unknown,building and infrastructure,2249,2024-08-19 00:00:00,2025-06-24 00:00:00,no,BF; BOF,Photovoltaic Power Generation,unknown,unknown,7300.0,39.215452,106.688294,CHN,0.021266175241868912,53009,698923464.9402945,39.20833333,106.70833333,156,1
P100000120411,Ningxia Xinghua Iron and Steel Co Ltd,宁夏兴华钢铁有限公司,,,Ningxia Xinghua Iron and Steel Co Ltd,宁夏兴华钢铁有限公司,E100000126524,5081921400,,Fujian Longgang New Materials Co Ltd [100.0%],E100000126717 [100.0%],unknown [100.0%],unknown,宁夏回族自治区石嘴山市惠农区石嘴山工业园区,Shizuishan Industrial Park,Ningxia,China,Asia Pacific,"39.3095710, 106.7909300",exact,https://www.gem.wiki/Ningxia_Xinghua_Iron_and_Steel_Co_Ltd,4.22,2019-09-01 00:00:00,2020-04-01 00:00:00,2021-12-01 00:00:00,unknown,unknown,unknown,,,,,unknown,unknown,unknown,719,2025-04-03 00:00:00,2023-12-08 00:00:00,no,BF; BOF,unknown,unknown,unknown,,39.309571,106.79093,CHN,0.017919478659765894,52457,1044069289.8932406,39.29166667,106.79166667,156,1
P100000121080,Pangang Group Jiangyou Changcheng Special Steel Co Ltd,攀钢集团四川长城特殊钢股份有限公司,"Pangang Group Sichuan Great Wall Special Steel Co., Ltd.",攀钢集团江油长城特殊钢有限公司,Pan Gang Group Sichuan Changcheng Special Steel Co Ltd,攀钢集团江油长城特殊钢有限公司,E100000126790,unknown,,Ansteel Group Co Ltd [100.0%],E100000124667 [100.0%],5037655487 [100.0%],195 Jiangdong Road,四川省绵阳市江油市江东路195号,unknown,Sichuan,China,Asia Pacific,"31.7635170, 104.7614410",exact,https://www.gem.wiki/Pangang_Group_Jiangyou_Changcheng_Special_Steel_Co_Ltd,36.76,unknown,unknown,1989-05-18 00:00:00,unknown,unknown,unknown,,,,,finished rolled,"bearings, spring steel",unknown,2950,2023-09-14 00:00:00,unknown,no,EAF,unknown,unknown,unknown,,31.763517,104.761441,CHN,0.041303692910652015,99068,2578998262.3683743,31.79166667,104.79166667,156,1
P100000120277,Pangang Group Panzhihua Steel Vanadium Co Ltd,攀钢集团攀枝花钢钒有限公司,,,Panzhihua Steel Group Panzhihua Steel Vanadium Co Ltd,攀钢集团攀枝花钢钒有限公司,E100000123187,unknown,,Ansteel Group Co Ltd [100.0%],E100000124667 [100.0%],5037655487 [100.0%],unknown,四川省攀枝花市东区向阳村,Xiangyang,Sichuan,China,Asia Pacific,"26.5652650, 101.6737370",exact,https://www.gem.wiki/Pangang_Group_Panzhihua_Steel_Vanadium_Co_Ltd,61.0,unknown,unknown,1965,unknown,unknown,unknown,,13000.0,3450.0,,finished rolled,"rail, special","automotive, building and infrastructure, tools and machinery",8939,expired,expired,no,BF; BOF,unknown,unknown,unknown,16450.0,26.565265,101.673737,CHN,0.041878242898403646,124422,9319315191.657978,26.54166667,101.70833333,156,1
P100000120278,Pangang Group Xichang Steel and Vanadium Co Ltd,攀钢集团西昌钢钒有限公司,,,Pangang Group Xichang Steel and Vanadium Co Ltd,攀钢集团西昌钢钒有限公司,E100000126957,unknown,,Ansteel Group Co Ltd [100.0%],E100000124667 [100.0%],5037655487 [100.0%],unknown,四川省凉山彝族自治州西昌市经久乡,Jingjiu,Sichuan,China,Asia Pacific,"27.7479900, 102.2051700",exact,https://www.gem.wiki/Pangang_Group_Xichang_Steel_and_Vanadium_Co_Ltd,14.66,unknown,unknown,2011-06-23 00:00:00,unknown,unknown,unknown,,,,,finished rolled,unknown,"automotive, building and infrastructure, tools and machinery",2624,2024-05-03 00:00:00,2024-05-03 00:00:00,no,BF; BOF,unknown,unknown,unknown,,27.74799,102.20517,CHN,0.03978263606371599,120784,146825967.31663737,27.70833333,102.20833333,156,1
P100000120387,Panshi Jianlong Iron and Steel Co Ltd,磐石建龙钢铁有限公司,"Jilin Henglian Precision Casting Technology Co., Ltd.",吉林恒联精密铸造科技有限公司,Jilinheng Precision Casting Technology Co Ltd,磐石建龙钢铁有限公司,E100000125133,unknown,,Beijing Jianlong Investment Co Ltd [90.2%]; unknown [9.8%],E100000000155 [90.2%]; E100000132388 [9.8%],unknown [90.2%]; unknown [9.8%],Shengli Street,吉林省磐石市明城镇胜利街,Mingcheng,Jilin,China,Asia Pacific,"43.1965370, 126.0006300",exact,https://www.gem.wiki/Panshi_Jianlong_Iron_and_Steel_Co_Ltd,15.96,unknown,unknown,2010-03-05 00:00:00,unknown,unknown,unknown,,,,,finished rolled,unknown,"automotive, tools and machinery",2090,2024-04-30 00:00:00,2024-10-21 00:00:00,no,BF; BOF,unknown,unknown,unknown,,43.196537,126.00063,CHN,0.04269849746955519,26903,10768816.011382872,43.20833333,126.04166667,156,1
P100000120212,Pingxiang Pinggang Anyuan Iron and Steel Co Ltd,萍乡萍钢安源钢铁有限公司,Pingxiang Iron & Steel,萍乡钢铁厂,Anyuan Iron & Steel Co Ltd,萍乡萍钢安源钢铁有限公司,E100000127352,unknown,,Beijing Fangda International Industrial Investment Group Co Ltd [60.9%]; unknown [21.5%]; Jiangxi Pxsteel Industrial Co Ltd [10.3%]; Gongqingcheng Huaershun Investment Center LP [7.3%],E100000128862 [60.9%]; E100000132388 [21.5%]; E100000123335 [10.3%]; E100000124737 [7.3%],unknown [60.9%]; unknown [21.5%]; unknown [10.3%]; unknown [7.3%],"East District, High-tech Industrial Park",江西省萍乡市萍乡经济开发区高新技术工业园东区,Pingxiang Economic Development Zone,Jiangxi,China,Asia Pacific,"27.6455500, 113.9021260",exact,https://www.gem.wiki/Pingxiang_Pinggang_Anyuan_Iron_and_Steel_Co_Ltd,72.0,unknown,unknown,1954,unknown,unknown,unknown,,,,,finished rolled,"wire rod, bar, plate","building and infrastructure, transport",7234,2024-04-19 00:00:00,2025-09-19 00:00:00,no,BF; BOF,unknown,unknown,unknown,,27.64555,113.902126,CHN,0.034031197099128926,121196,7940031421.185044,27.625,113.875,156,1
P100000120206,Posco Zhangjiagang Stainless Steel Co Ltd,张家港浦项不锈钢有限公司,"Zhangjiagang Pohang Stainless Steel Co., Ltd.",浦项(张家港)不锈钢股份有限公司,Guangdong Guangqing Metal Technology Co Ltd,,E100002020966,5074202086,,Guangdong Guangqing Metal Technology Co Ltd [100.0%],E100002020966 [100.0%],5074202086 [100.0%],Gangcheng Avenue,江苏省苏州市张家港市港城大道,unknown,Jiangsu,China,Asia Pacific,"31.9802370, 120.5714550",exact,https://www.gem.wiki/Posco_Zhangjiagang_Stainless_Steel_Co_Ltd,19.59,unknown,2004-12-28 00:00:00,2006-07-17 00:00:00,unknown,unknown,unknown,,,,,finished rolled,"cold rolled, plate, hot rolled","building and infrastructure, tools and machinery, transport",1794,2024-11-08 00:00:00,2025-04-29 00:00:00,no,EAF,State Grid Zhangjiagang Power Supply Company,unknown,unknown,,31.980237,120.571455,CHN,0.036974523170122925,98226,5052871258.0219145,31.95833333,120.54166667,156,1
P100000120110,Qian an Jiujiang Wire Co Ltd,迁安市九江线材有限公司,"Qian'an Jiujiang Wire Co., Ltd., Qian'an Liangang Jiujiang Steel Co., Ltd., Tangshan Great Wall Iron and Steel Group Jiujiang Wire Co., Ltd., Hebei Iron and Steel Group Jiujiang Wire Co., Ltd.","唐山长城钢铁集团九江线材有限公司, 迁安联钢九江钢铁有限公司, 河北钢铁集团九江线材有限公司",Qian'an City Jiujiang Wire Co Ltd,迁安市九江线材有限责任公司,E100000123190,unknown,,Qian'an City Jiujiang Wire Co Ltd [100.0%],E100000123190 [100.0%],unknown [100.0%],"Songting Village, Muchangkou Town, Qian'an City, Tangshan City, Hebei Province",河北省唐山市迁安市木厂口镇松汀村南,Tangshan,Hebei,China,Asia Pacific,"39.9522090, 118.5594440",exact,https://www.gem.wiki/Qian_an_Jiujiang_Wire_Co_Ltd,24.0,unknown,unknown,2002,unknown,unknown,unknown,,16000.0,,4800.0,finished rolled,"wire rod, round bar, hot rolled",building and infrastructure,12181,unknown,unknown,no,BF; BOF; EAF,unknown,unknown,unknown,20800.0,39.952209,118.559444,CHN,0.018802682784055804,48059,1205952791.2560177,39.95833333,118.54166667,156,1
P100000120100,Qian an Zhayi Steel Group Co Ltd,迁安轧—钢铁集团有限公司,"Qian'an United Steel Rolling Yiliancheng Steel Co., Ltd.",迁安联钢轧一联成钢铁有限公司,Qian'an Zhayi Steel Group Co Ltd,迁安轧—钢铁集团有限公司,E100001010697,unknown,,Qian'an Zhayi Steel Group Co Ltd [100.0%],E100001010697 [100.0%],unknown [100.0%],"Caiyuan Town Industrial Park, Qian'an City, Tangshan City, Hebei Province",河北省唐山市迁安市蔡园镇工业园区,Tangshan,Hebei,China,Asia Pacific,"40.0440260, 118.5520010",exact,https://www.gem.wiki/Qian_an_Zhayi_Steel_Group_Co_Ltd,22.0,unknown,unknown,2004,unknown,unknown,unknown,,,,,finished rolled,"coil, flat",unknown,16,unknown,unknown,no,EAF; BF; BOF,unknown,unknown,unknown,,40.044026,118.552001,CHN,0.010600227101244133,47478,722897426.2393645,40.04166667,118.54166667,156,1
P100000120239,Qingdao Special Iron and Steel Co Ltd,青岛特殊钢铁有限公司,,,Qingdao Special Iron and Steel Co Ltd,青岛特殊钢铁有限公司,E100000127314,unknown,,Citic Pacific Special Steel Group Co Ltd [100.0%],E100000128047 [100.0%],unknown [100.0%],No. 1886 Jicheng Road,山东省青岛市黄岛区泊里镇集成路1886号,Boli,Shandong,China,Asia Pacific,"35.6296000, 119.7223350",exact,https://www.gem.wiki/Qingdao_Special_Iron_and_Steel_Co_Ltd,13.0,unknown,unknown,2013,unknown,unknown,unknown,,,,,finished rolled,"cord, wire rod, flat","automotive, building and infrastructure, transport",4660,2025-07-13 00:00:00,2024-09-28 00:00:00,no,BF; BOF; EAF,State Power Investment Corporation Shandong Company,unknown,unknown,,35.6296,119.722335,CHN,0.01473793617807131,76244,431849713.01466113,35.625,119.70833333,156,1
P100001063756,Qinglong Manchu Autonomous County Delong Foundry Development Co Ltd,青龙满族自治县德龙铸业开发有限公司,,河北安丰钢铁集团德龙铸业有限公司,Qinglong Manzhu Autonomous County Delong Casting Industry Development Co Ltd,,E100002020762,5081483392,,Qinglong Manzhu Autonomous County Delong Casting Industry Development Co Ltd [100.0%],E100002020762 [100.0%],5081483392 [100.0%],unknown,德龙铸业位于青龙满族自治县大巫岚镇,"Qinhuangdao,",Hebei,China,Asia Pacific,"40.427008, 119.219855",exact,https://www.gem.wiki/Qinglong_Manchu_Autonomous_County_Delong_Foundry_Development_Co_Ltd,15.87,unknown,unknown,2010-04-09 00:00:00,unknown,unknown,unknown,,1850.0,,1200.0,unknown,unknown,unknown,1011,no,no,no,BF; BOF,unknown,unknown,unknown,3050.0,40.427008,119.219855,CHN,0.033377015732352903,44579,14286152.175898882,40.45833333,119.20833333,156,1
P100000120372,Qinhuangdao Baigong Steel Co Ltd,秦皇岛佰工钢铁有限公司,,,Qinhuangdao Baigong Steel Co Ltd,秦皇岛佰工钢铁有限公司,E100000126741,unknown,,Tangshan Universal Industrial Development Co Ltd [100.0%],E100000128122 [100.0%],unknown [100.0%],"Shimen Town, Lulong County, Qinhuangdao City, Hebei Province",河北省秦皇岛市卢龙县石门镇西,Qinhuangdao,Hebei,China,Asia Pacific,"39.7487730, 118.8194720",exact,https://www.gem.wiki/Qinhuangdao_Baigong_Steel_Co_Ltd,20.0,unknown,unknown,2006,unknown,unknown,unknown,,4200.0,,,finished rolled,"coil, wire, sheet, bar",unknown,2303,2025-10-21 00:00:00,2024-09-12 00:00:00,no,BF; BOF; EAF,unknown,unknown,unknown,4200.0,39.748773,118.819472,CHN,0.04907650442032315,49789,1644959560.7920702,39.70833333,118.79166667,156,1
P100000120152,Qinhuangdao Hongxing Iron and Steel Co Ltd,秦皇岛宏兴钢铁有限公司,"Changli Hongxing Industrial Co., Ltd.",昌黎县宏兴实业有限公司,Qinhuangdao Hongxing Iron & Steel Co Ltd,秦皇岛宏兴钢铁有限公司,E100000126509,unknown,,Qinhuangdao Hongxing Iron & Steel Co Ltd [100.0%],E100000126509 [100.0%],unknown [100.0%],"No. 1 Luanhe Street, Changli Circular Economy Industrial Park, Western Economic Development Zone, Qinhuangdao City, Hebei Province",河北省秦皇岛西部经济开发区昌黎循环经济产业园滦河大街1号(昌黎县朱各庄镇指挥村北),Qinhuangdao,Hebei,China,Asia Pacific,"39.7007210, 118.8714770",exact,https://www.gem.wiki/Qinhuangdao_Hongxing_Iron_and_Steel_Co_Ltd,24.0,unknown,unknown,2002,unknown,unknown,unknown,,7850.0,,2000.0,finished rolled,"wire rod, rebar, strip, round bar, hot rolled",unknown,3581,expired,expired,no,BF; BOF,Photovoltaic Power Generation,unknown,unknown,9850.0,39.700721,118.871477,CHN,0.00838803296541676,49790,853581286.6142415,39.70833333,118.875,156,1
P100001064261,Qinyang Hongda Iron & Steel Co Ltd,沁阳市宏达钢铁有限公司,,,Qinyang Hongda Iron & Steel Co Ltd,,E100002021050,unknown,,Qinyang Hongda Iron & Steel Co Ltd [100.0%],E100002021050 [100.0%],unknown [100.0%],unknown,河南省沁阳市产业集聚区沁北产业园区,Jiaozuo,Henan,China,Asia Pacific,"35.1848490, 112.9022480",exact,https://www.gem.wiki/Qinyang_Hongda_Iron_&_Steel_Co_Ltd,23.0,unknown,unknown,2003,unknown,unknown,unknown,,,,,unknown,unknown,unknown,300,2024-05-30 00:00:00,2025-10-15 00:00:00,no,EAF,unknown,unknown,unknown,,35.184849,112.902248,CHN,0.03597175641456802,78671,514258504.00895184,35.20833333,112.875,156,1
P100000120304,Quzhou Yuanli Metal Products Co Ltd,衢州元立金属制品有限公司,"Zhejiang Yuanli Steel Co., Ltd.",浙江元立钢铁有限公司,Quzhou Yuanli METAL Products Co Ltd,衢州元立金属制品有限公司,E100000126156,unknown,,Zhejiang Yuanli METAL PRODUCT Group Co Ltd [81.5%]; Zhejiang Yuanli Metal Products Group Co Ltd Trade Union Committee [18.5%],E100000128134 [81.5%]; E100000130615 [18.5%],unknown [81.5%]; unknown [18.5%],Metal Products Park,浙江省衢州市柯城区经济开发区金属制品园区,Economic Development Zone,Zhejiang,China,Asia Pacific,"28.8934070, 118.8671250",exact,https://www.gem.wiki/Quzhou_Yuanli_Metal_Products_Co_Ltd,35.0,unknown,unknown,1991,unknown,unknown,unknown,,,,,finished rolled,"pipe, wire",unknown,6370,2024-11-05 00:00:00,2023-06-02 00:00:00,no,BF; BOF,unknown,unknown,unknown,,28.893407,118.867125,CHN,0.02002082101213561,115994,1274727897.9611301,28.875,118.875,156,1
P100000120240,Rizhao Steel Holding Group Co Ltd,日照钢铁控股集团有限公司,"Jinghua Rigang Holding Group, Rizhao Steel Holdings Co., Ltd.",日照钢铁控股有限公司,Rizhao Steel Holding Group Co Ltd,日照钢铁控股集团有限公司,E100000123983,unknown,,Jinghua Rigang Holding Group Co Ltd [98.8%]; unknown [1.2%],E100000124688 [98.8%]; E100000132388 [1.2%],unknown [98.8%]; unknown [1.2%],No. 600 Binhai Road,山东省日照市岚山区滨海路600号,Rizhao,Shandong,China,Asia Pacific,"35.1653500, 119.3666720",exact,https://www.gem.wiki/Rizhao_Steel_Holding_Group_Co_Ltd,22.77,unknown,unknown,2003-05-14 00:00:00,unknown,unknown,unknown,,,,,finished rolled,"bar, wire, sections, plate","building and infrastructure, transport",5973,2024-12-06 00:00:00,2024-12-06 00:00:00,no,BF; BOF; DRI,unknown,unknown,unknown,,35.16535,119.366672,CHN,0.04378267056598391,78749,784949051.4879102,35.20833333,119.375,156,1
P100000120076,Sansteel Minguang Co Ltd Fujian plant,福建三钢闽光股份有限公司,,三钢集团三明本部,Sansteel Minguang Co Ltd Fujian,福建三钢闽光股份有限公司,E100000123167,unknown,Partial,Fujian Metallurgical Holding Co Ltd [53.4%]; unknown [46.6%],E100000124862 [53.4%]; E100000132388 [46.6%],unknown [53.4%]; unknown [46.6%],"Qungongsan Road, Sanyuan District, Sanming City, Fujian Province",福建省三明市三元区群工三路,Sanming,Fujian,China,Asia Pacific,"26.2611090, 117.6147090",exact,https://www.gem.wiki/Sansteel_Minguang_Co_Ltd_Fujian_plant,25.0,unknown,unknown,2001,unknown,unknown,unknown,,11715.0,532.0,1586.0,finished rolled,"round bar, plate","building and infrastructure, tools and machinery, transport",12516,2023-06-25 00:00:00,2025-06-24 00:00:00,no,BF; BOF,2×80MW Heat Recovery Coke Ovens with Matching Dry Quenching and Efficient Power Generation from Waste Heat Steam,unknown,unknown,13833.0,26.261109,117.614709,CHN,0.0322440052851506,125371,3154692864.404899,26.29166667,117.625,156,1
P100000121056,Shaanxi Hanzhong Iron & Steel Group Company,陕西汉中钢铁集团有限公司,,陕西汉中钢铁有限公司,Shaanxi Hanzhong Iron & Steel Group Co,陕西汉中钢铁集团有限公司,E100000127041,unknown,,Shaanxi Hanzhong Iron & Steel Group Co [100.0%],E100000127041 [100.0%],unknown [100.0%],unknown,陕西省汉中市勉县定军山,Dingjunshan,Shaanxi,China,Asia Pacific,"33.1324460, 106.6576460",exact,https://www.gem.wiki/Shaanxi_Hanzhong_Iron_&_Steel_Group_Company,25.33,unknown,unknown,2000-10-20 00:00:00,unknown,unknown,unknown,,,600.0,,finished rolled,belt,"building and infrastructure, tools and machinery",3019,2025-05-19 00:00:00,no,no,BF; EAF,State Grid Hanzhong Power Supply Company Direct Power Supply &Waste Heat Recovery Power Generation,unknown,unknown,600.0,33.132446,106.657646,CHN,0.033484387884505314,90996,554486726.9337088,33.125,106.625,156,1
P100000120237,Shaanxi Huaxin Special Steel Group Co Ltd,陕西华鑫特种钢铁有限公司,"Huayin New Northwest Special Steel Co., Ltd., Shaanxi Huaxin Special Steel Co., Ltd.","华阴市新西北特种钢铁有限公司, 陕西华鑫特种钢铁集团有限公司",Shaanxi Huaxin Special Steel Group Co Ltd,陕西华鑫特种钢铁集团有限公司,E100000126275,unknown,,Shaanxi Huaxin Special Steel Group Co Ltd [100.0%],E100000126275 [100.0%],unknown [100.0%],"Taoxia Town Industrial Park, Luofu Town, Huayin City, Shaanxi Province",陕西省华阴市罗敷镇桃下镇工业园,Weinan,Shaanxi,China,Asia Pacific,"34.5232780, 109.9860420",exact,https://www.gem.wiki/Shaanxi_Huaxin_Special_Steel_Group_Co_Ltd,24.54,unknown,unknown,2001-08-06 00:00:00,2024-07-18 00:00:00,unknown,unknown,,,,,finished rolled,"rebar, plate, hot rolled",unknown,91,2023-04-14 00:00:00,2023-04-14 00:00:00,no,EAF,unknown,unknown,unknown,,34.523278,109.986042,CHN,0.033255278942410954,82577,179102021.36746305,34.54166667,109.95833333,156,1
P100000120234,Shaanxi Longmen Steel Co Ltd,陕西龙门钢铁有限责任公司,,,Shaanxi LONG MEN IRON&STEEL Co Ltd,陕西龙门钢铁有限责任公司,E100000123194,unknown,Partial,Shaanxi Coal and Chemical Industry Co Ltd [95.9%]; unknown [4.1%],E100001000403 [95.9%]; E100000132388 [4.1%],4298435770 [95.9%]; unknown [4.1%],unknown,陕西省渭南市韩城市龙门镇,Longmen,Shaanxi,China,Asia Pacific,"35.6184660, 110.5757880",exact,https://www.gem.wiki/Shaanxi_Longmen_Steel_Co_Ltd,18.66,unknown,unknown,2007-06-22 00:00:00,unknown,unknown,unknown,,,,,"semi-finished, finished rolled","billet, round bar","automotive, building and infrastructure, tools and machinery",9947,2023-03-02 00:00:00,2025-08-11 00:00:00,no,BF; BOF; EAF,unknown,unknown,unknown,,35.618466,110.575788,CHN,0.03474130563132687,76134,1050556946.8883605,35.625,110.54166667,156,1
P100000120236,Shaanxi Lueyang Iron and Steel Co Ltd,陕西略阳钢铁有限责任公司,,,Shaanxi Lueyang Iron and Steel Co Ltd,陕西略阳钢铁有限责任公司,E100000126391,unknown,Partial,Shanghai Lingtuo Enterprise Management Center LP [52.1%]; Hanzhong Investment Holding Group Co Ltd [18.6%]; DongLing Group Incorporated Co [17.6%]; Lueyang County Economic and Trade Bureau [11.1%]; unknown [0.5%],E100000128286 [52.1%]; E100000124716 [18.6%]; E100000128251 [17.6%]; E100000130261 [11.1%]; E100000132388 [0.5%],unknown [52.1%]; unknown [18.6%]; unknown [17.6%]; unknown [11.1%]; unknown [0.5%],Dagoukou,陕西省汉中市略阳县城关镇大沟口,Chengguan,Shaanxi,China,Asia Pacific,"33.3236780, 106.1672060",exact,https://www.gem.wiki/Shaanxi_Lueyang_Iron_and_Steel_Co_Ltd,22.29,unknown,unknown,2003-11-06 00:00:00,unknown,unknown,unknown,,,,,"semi-finished, finished rolled","billet, rounds, rebar","building and infrastructure, tools and machinery",1859,2022-10-26 00:00:00,2024-10-18 00:00:00,no,BF; BOF,unknown,unknown,unknown,,33.323678,106.167206,CHN,0.05211700798490585,90000,32314098.785076372,33.29166667,106.20833333,156,1
P100000120235,Shaanxi Steel Group Hanzhong Iron and Steel Co Ltd,陕西汉中汉江钢铁(集团)股份有限公司,,陕钢集团汉中钢铁有限责任公司,Shangang Group Hanzhong Iron & Steel Co Ltd,陕钢集团汉中钢铁有限责任公司,E100000123197,unknown,Partial,Shaanxi Coal and Chemical Industry Co Ltd [85.8%]; Hanzhong Investment Holding Group Co Ltd [8.9%]; unknown [5.3%],E100001000403 [85.8%]; E100000124716 [8.9%]; E100000132388 [5.3%],4298435770 [85.8%]; unknown [8.9%]; unknown [5.3%],unknown,陕西省汉中市勉县定军山镇,Dingjunshan,Shaanxi,China,Asia Pacific,"33.1331920, 106.6718590",exact,https://www.gem.wiki/Shaanxi_Steel_Group_Hanzhong_Iron_and_Steel_Co_Ltd,16.65,unknown,unknown,2009-06-25 00:00:00,unknown,unknown,unknown,,,,,"semi-finished, finished rolled","wire rod, rebar, bar, billet, round bar","building and infrastructure, tools and machinery",3560,2023-03-02 00:00:00,2023-06-05 00:00:00,no,BF; BOF,unknown,unknown,unknown,,33.133192,106.671859,CHN,0.037382958857602934,90997,686629951.6960833,33.125,106.70833333,156,1
P100000120162,Shagang Group Anyang Yongxing Special Steel Co Ltd,沙钢集团安阳永兴特钢有限公司,"Henan Anyang Yongxing Iron & Steel Co., Ltd., Shagang Group Anyang Yongxing Iron & Steel Co., Ltd.","河南安阳永兴钢铁有限责任公司, 沙钢集团安阳永兴钢铁有限公司",Shagang Group Anyang Yongxing Iron & Steel Co Ltd,沙钢集团安阳永兴特钢有限公司,E100000126826,unknown,,Hengde International Co Ltd [27.4%]; Jiangsu Shagang Group Co Ltd [21.3%]; Zhangjiagang Free Trade Zone Rongrun Trade Co Ltd [16.8%]; unknown [12.4%]; Zhangjiagang Free Trade Zone Qianxing Investment Trade Co Ltd [10.5%]; Zhangjiagang Free Trade Zone Runyuan Stainless Steel Trade Co Ltd [6.4%]; Ningbo Meishan Free Trade Port Jincheng Shazhou Equity Investment Co Ltd [5.2%],E100000125940 [27.4%]; E100000122410 [21.3%]; E100000128493 [16.8%]; E100000132388 [12.4%]; E100000128710 [10.5%]; E100000124037 [6.4%]; E100000124038 [5.2%],unknown [27.4%]; unknown [21.3%]; unknown [16.8%]; unknown [12.4%]; unknown [10.5%]; unknown [6.4%]; unknown [5.2%],"North Section of Wenming Road, Shuiye Town, Anyang County, Anyang City, Henan Province",河南省安阳市安阳县水冶镇文明路北段阜城北街村东,Anyang,Henan,China,Asia Pacific,"36.1435730, 114.1499640",exact,https://www.gem.wiki/Shagang_Group_Anyang_Yongxing_Special_Steel_Co_Ltd,33.0,unknown,unknown,1993,unknown,unknown,unknown,,,,,"semi-finished, finished rolled","billet, rebar, bar",unknown,1982,2022-10-18 00:00:00,2024-09-11 00:00:00,no,BF; BOF,unknown,unknown,unknown,,36.143573,114.149964,CHN,0.031115231398785793,73027,3691623504.775808,36.125,114.125,156,1
P100000120243,Shandong Chuanyang Group Co Ltd,山东传洋集团有限公司,"Zouping County Changshan Metal Material Co., Ltd., Shandong Zouping Chuanyang Group Co., Ltd., Zouping Chuanyang Group Co., Ltd.","邹平传洋集团有限公司, 邹平县长山金属材料有限公司, 山东邹平传洋集团有限公司",Shandong Chuanyang Group Co Ltd,山东传洋集团有限公司,E100000126592,unknown,,Shandong Chuanyang Group Co Ltd [100.0%],E100000126592 [100.0%],unknown [100.0%],unknown,山东省滨州市邹平县长山镇,Changshan,Shandong,China,Asia Pacific,"36.8947840, 117.8883660",exact,https://www.gem.wiki/Shandong_Chuanyang_Group_Co_Ltd,19.69,unknown,unknown,2002-04-24 00:00:00,unknown,unknown,2022,,,,,"semi-finished, finished rolled","sections, strip, billet, channel, angle","automotive, building and infrastructure, energy, steel packaging, tools and machinery, transport",unknown,expired,expired,no,BF; BOF,unknown,unknown,unknown,,36.894784,117.888366,CHN,0.023875858351066332,68193,3677756121.979178,36.875,117.875,156,1
P100000120249,Shandong Fulun Iron and Steel Co Ltd,山东富伦钢铁有限公司,,山东九羊集团有限公司,Fulun Iron & Steel Co Ltd,山东富伦钢铁有限公司,E100000126317,unknown,,Shandong Xiangxin Investment Holding Co Ltd [93.3%]; unknown [6.7%],E100000128405 [93.3%]; E100000132388 [6.7%],5079919872 [93.3%]; unknown [6.7%],No. 2 Zhengtong Road,山东省济南市莱芜区羊里镇政通路2号,Yangli,Shandong,China,Asia Pacific,"36.3084470, 117.5404250",exact,https://www.gem.wiki/Shandong_Fulun_Iron_and_Steel_Co_Ltd,22.63,unknown,unknown,2003-07-03 00:00:00,unknown,unknown,unknown,,,1100.0,,finished rolled,"pipe, rounds, wire, strip","building and infrastructure, tools and machinery, transport",3095,2024-07-25 00:00:00,2023-11-03 00:00:00,no,BF; BOF,unknown,unknown,unknown,1100.0,36.308447,117.540425,CHN,0.016826206325191124,71998,792299266.5563575,36.29166667,117.54166667,156,1
P100000120241,Shandong Guangfu Group Co Ltd,山东广富集团有限公司,"Shandong Guangfu Iron and Steel Co., Ltd.",山东广富钢铁有限公司,Shandong Guangfu Group Co Ltd,山东广富集团有限公司,E100000122786,unknown,,natural person(s) [89.3%]; Shandong Chaote High End Equipment Technology Co Ltd [10.7%],E100000123261 [89.3%]; E100000123774 [10.7%],unknown [89.3%]; unknown [10.7%],Qinglongshan Industrial park,山东省邹平县青阳镇青龙山工业园,Qingyang,Shandong,China,Asia Pacific,"36.8631450, 117.6169180",exact,https://www.gem.wiki/Shandong_Guangfu_Group_Co_Ltd,39.0,unknown,unknown,1983,unknown,2022,2022,,,1900.0,,"semi-finished, finished rolled","rebar, billet, coil, round bar, wire",unknown,unknown,unknown,unknown,no,BF; BOF; EAF,Coal Power Plant Unit,unknown,unknown,1900.0,36.863145,117.616918,CHN,0.014347813387410565,68190,833477595.0387985,36.875,117.625,156,1
P100000121150,Shandong Iron and Steel Co Ltd Laiwu Branch Aishan Street,山东钢铁股份有限公司莱芜分公司(陶家岭),,,Shandong Iron and Steel Co Ltd,山东钢铁股份有限公司,E100000126101,unknown,,Shandong Iron and Steel Co Ltd [100.0%],E100000126101 [100.0%],unknown [100.0%],"Taohua Road, Aishan Street",山东省济南市钢城区艾山街道桃花路,unknown,Shandong,China,Asia Pacific,"36.0877170, 117.8279270",exact,https://www.gem.wiki/Shandong_Iron_and_Steel_Co_Ltd_Laiwu_Branch_Aishan_Street,5.0,2018,unknown,2021,unknown,unknown,unknown,,,,,finished rolled,"sections, plate, strip, bar, special","automotive, building and infrastructure, tools and machinery",14822,2024-01-28 00:00:00,2025-01-21 00:00:00,no,BF; BOF,unknown,unknown,unknown,,36.087717,117.827927,CHN,0.05200801496605496,73071,1723461254.4344203,36.125,117.79166667,156,1
P100000120337,Shandong Iron and Steel Co Ltd Laiwu Branch Xinxing Road,山东钢铁股份有限公司莱芜分公司,,,Shandong Iron and Steel Co Ltd,山东钢铁股份有限公司,E100000126101,unknown,,Shandong Iron and Steel Co Ltd [100.0%],E100000126101 [100.0%],unknown [100.0%],"No.55, Xinxing Road",山东省济南市钢城区新兴路55号,unknown,Shandong,China,Asia Pacific,"36.0885040, 117.8504790",exact,https://www.gem.wiki/Shandong_Iron_and_Steel_Co_Ltd_Laiwu_Branch_Xinxing_Road,9.75,unknown,unknown,2012-02-27 00:00:00,2020,unknown,2021-11-29 00:00:00,,,,,finished rolled,"sections, plate, strip, bar, special","automotive, building and infrastructure, tools and machinery",unknown,unknown,expired,no,BF; BOF; EAF,Self-owned Energy and Power Plant,unknown,unknown,,36.088504,117.850479,CHN,0.04396859625914416,73072,645335328.1557405,36.125,117.875,156,1
P100000120312,Shandong Iron and Steel Group Rizhao Co Ltd,山东钢铁集团日照有限公司(一期),,,Shandong IRON&STEEL Group Rizhao Co Ltd,山东钢铁集团日照有限公司,E100000126308,unknown,Partial,Shandong Iron and Steel Co Ltd [50.6%]; Shandong Iron and Steel Group Co Ltd [34.0%]; Shandong Guohui Investment Co Ltd [9.7%]; Shandong Caixin Asset Operation Co Ltd [4.9%]; unknown [0.8%],E100000126101 [50.6%]; E100000124598 [34.0%]; E100000124585 [9.7%]; E100000124453 [4.9%]; E100000132388 [0.8%],unknown [50.6%]; unknown [34.0%]; unknown [9.7%]; unknown [4.9%]; unknown [0.8%],No.1 Lingang Road,山东省日照市东港区临钢路1号,Rizhao,Shandong,China,Asia Pacific,"35.1889690, 119.3837230",exact,https://www.gem.wiki/Shandong_Iron_and_Steel_Group_Rizhao_Co_Ltd,17.0,unknown,unknown,2009-02-19 00:00:00,unknown,unknown,unknown,,,,,finished rolled,"rebar, plate, coil, special, h-beam","automotive, building and infrastructure, energy, tools and machinery, transport",5696,2024-07-22 00:00:00,2024-07-22 00:00:00,no,BF; BOF; EAF,unknown,unknown,unknown,,35.188969,119.383723,CHN,0.021238361644652193,78749,784949051.4879102,35.20833333,119.375,156,1
P100000120414,Shandong Iron and Steel Group Yongfeng Lingang Co Ltd,山东钢铁集团永锋临港有限公司,"Yongfeng Group Lingang Iron and Steel Co., Ltd.",永锋集团临港钢铁有限公司,Shandong Iron & Steel Group Yongfeng Lingang Corp,山东钢铁集团永锋临港有限公司,E100000123195,unknown,Partial,Qihe Zhongxin Investment Co Ltd [47.2%]; Shandong Iron and Steel Group Co Ltd [28.4%]; Yongfeng Group Co Ltd [12.2%]; Shandong Guohui Investment Co Ltd [8.1%]; Shandong Caixin Asset Operation Co Ltd [4.1%],E100000124596 [47.2%]; E100000124598 [28.4%]; E100000124595 [12.2%]; E100000124585 [8.1%]; E100000124453 [4.1%],unknown [47.2%]; unknown [28.4%]; unknown [12.2%]; unknown [8.1%]; unknown [4.1%],unknown,山东省临沂市临港经济开发区坪上镇,Pingshang,Shandong,China,Asia Pacific,"35.1370610, 119.0683190",exact,https://www.gem.wiki/Shandong_Iron_and_Steel_Group_Yongfeng_Lingang_Co_Ltd,4.69,unknown,unknown,2021-06-13 00:00:00,unknown,unknown,unknown,,,,,unknown,unknown,"automotive, building and infrastructure, tools and machinery",1341,2025-02-11 00:00:00,2025-02-11 00:00:00,no,BF; BOF,unknown,unknown,unknown,,35.137061,119.068319,CHN,0.029254305929712458,79241,238915176.01580334,35.125,119.04166667,156,1
P100000120238,Shandong Iron and Steel Group Yongfeng Zibo Co Ltd,山东钢铁集团永锋淄博有限公司,,,Shandong Iron Steel Group Yongfeng Zibo Co Ltd,山东钢铁集团永锋淄博有限公司,E100000123804,unknown,Partial,Shandong Iron and Steel Group Co Ltd [35.0%]; Qihe Zhongxin Investment Co Ltd [34.7%]; Yongfeng Group Co Ltd [15.3%]; Shandong Guohui Investment Co Ltd [10.0%]; Shandong Caixin Asset Operation Co Ltd [5.0%],E100000124598 [35.0%]; E100000124596 [34.7%]; E100000124595 [15.3%]; E100000124585 [10.0%]; E100000124453 [5.0%],unknown [35.0%]; unknown [34.7%]; unknown [15.3%]; unknown [10.0%]; unknown [5.0%],No. 9 Shihua Road,山东省淄博市桓台县经济开发区石化路9号,Economic Development Zone,Shandong,China,Asia Pacific,"36.9060360, 118.1118330",exact,https://www.gem.wiki/Shandong_Iron_and_Steel_Group_Yongfeng_Zibo_Co_Ltd,4.74,unknown,unknown,2016-08-03 00:00:00,unknown,unknown,2021-04-30 00:00:00,,,,,finished rolled,"rebar, wire, bar","automotive, building and infrastructure",unknown,expired,expired,no,BF; BOF,unknown,unknown,unknown,,36.906036,118.111833,CHN,0.03371354601639977,68196,5698841287.0221615,36.875,118.125,156,1
P100001063692,Shandong Jinguan Metallurgical Technology Co Ltd,山东省锦冠冶金科技有限公司,,德州锦冠钢铁有限公司,Shandong Jinguan Metallurgical Technology Co Ltd,,E100002020731,unknown,,Shandong Jinguan Metallurgical Technology Co Ltd [100.0%],E100002020731 [100.0%],unknown [100.0%],unknown,山东省德州经济开发区苗庄,Miao,Shandong,China,Asia Pacific,"37.449126, 116.396787",approximate,https://www.gem.wiki/Shandong_Jinguan_Metallurgical_Technology_Co_Ltd,22.79,unknown,unknown,2003-05-06 00:00:00,unknown,unknown,unknown,,,,,unknown,unknown,unknown,328,no,no,no,EAF,unknown,unknown,unknown,,37.449126,116.396787,CHN,0.023652659358496867,64226,9904946687.227655,37.45833333,116.375,156,1
P100000120255,Shandong Laigang Yongfeng Steel Co Ltd,山东莱钢永锋钢铁有限公司,"Shandong Laigang Yongfeng Steel Rolling Co., Ltd.",山东莱钢永锋轧钢有限公司,Shandong Laigang Yongfeng Steel Corp,山东莱钢永锋钢铁有限公司,E100000123803,unknown,Partial,Qihe Zhongxin Investment Co Ltd [55.5%]; Shandong Iron and Steel Group Co Ltd [24.1%]; Yongfeng Group Co Ltd [10.1%]; Shandong Guohui Investment Co Ltd [6.9%]; Shandong Caixin Asset Operation Co Ltd [3.4%],E100000124596 [55.5%]; E100000124598 [24.1%]; E100000124595 [10.1%]; E100000124585 [6.9%]; E100000124453 [3.4%],unknown [55.5%]; unknown [24.1%]; unknown [10.1%]; unknown [6.9%]; unknown [3.4%],unknown,山东省德州市齐河经济开发区,Qihe Economic Development Zone,Shandong,China,Asia Pacific,"36.7993000, 116.8026000",exact,https://www.gem.wiki/Shandong_Laigang_Yongfeng_Steel_Co_Ltd,19.55,unknown,unknown,2002-06-13 00:00:00,unknown,unknown,2022,,,,,finished rolled,"wire, bar","automotive, building and infrastructure, tools and machinery",5773,2024-10-12 00:00:00,2024-10-12 00:00:00,no,BF; BOF,unknown,unknown,unknown,,36.7993,116.8026,CHN,0.013334370318011803,68739,2781115807.54017,36.79166667,116.79166667,156,1
P100000120251,Shandong Longsheng Iron and Steel Co Ltd,山东隆盛钢铁有限公司,,,Shandong Longsheng Iron and Steel Co Ltd,山东隆盛钢铁有限公司,E100000127017,unknown,,Jinghua Rigang Holding Group Co Ltd [50.0%]; natural person(s) [30.4%]; unknown [19.7%],E100000124688 [50.0%]; E100000123261 [30.4%]; E100000132388 [19.7%],unknown [50.0%]; unknown [30.4%]; unknown [19.7%],unknown,山东省淄博市临淄区凤凰镇北金村,Fenghuang,Shandong,China,Asia Pacific,"36.8911890, 118.1870410",exact,https://www.gem.wiki/Shandong_Longsheng_Iron_and_Steel_Co_Ltd,18.07,unknown,unknown,2003-08-08 00:00:00,unknown,unknown,2021-09-01 00:00:00,,,,,unknown,unknown,"building and infrastructure, energy",unknown,expired,unknown,no,BF; BOF,unknown,unknown,unknown,,36.891189,118.187041,CHN,0.0267478417415157,68197,2852374041.5661826,36.875,118.20833333,156,1
P100000120248,Shandong Luli Steel Co Ltd,山东鲁丽钢铁有限公司,,,Shandong Luli Steel Co Ltd,山东鲁丽钢铁有限公司,E100000126856,unknown,,Luli Group Co Ltd [49.0%]; unknown [39.6%]; natural person(s) [11.4%],E100000127670 [49.0%]; E100000132388 [39.6%]; E100000123261 [11.4%],unknown [49.0%]; unknown [39.6%]; unknown [11.4%],unknown,山东省寿光市侯镇政府驻地,Hou,Shandong,China,Asia Pacific,"36.9708750, 118.9554440",exact,https://www.gem.wiki/Shandong_Luli_Steel_Co_Ltd,33.0,unknown,unknown,1993,unknown,unknown,unknown,,,,,"semi-finished, finished rolled","billet, rounds, rebar","building and infrastructure, energy, tools and machinery, transport",2369,2024-05-17 00:00:00,2024-05-17 00:00:00,no,BF; BOF,unknown,unknown,unknown,,36.970875,118.955444,CHN,0.012870187031964493,67642,309288577.011094,36.95833333,118.95833333,156,1
P100000120252,Shandong Minyuan Iron and Steel Co Ltd,山东闽源钢铁有限公司,,,Shandong Minyuan Steel & Iron Co Ltd,山东闽源钢铁有限公司,E100000126462,unknown,,Shandong Minyuan Steel & Iron Co Ltd [100.0%],E100000126462 [100.0%],unknown [100.0%],Provincial Highway 102,山东省济南市章丘区102省道,unknown,Shandong,China,Asia Pacific,"36.7284090, 117.4265820",exact,https://www.gem.wiki/Shandong_Minyuan_Iron_and_Steel_Co_Ltd,19.7,unknown,unknown,2003-01-18 00:00:00,unknown,unknown,2022-10-01 00:00:00,,,,,finished rolled,bar,"building and infrastructure, tools and machinery",unknown,expired,expired,no,BF; BOF,unknown,unknown,unknown,,36.728409,117.426582,CHN,0.03756566893744946,69297,5882085161.067249,36.70833333,117.45833333,156,1
P100000120247,Shandong Shouguang Juneng Special Steel Co Ltd,山东墨龙特钢有限公司,"Shandong Molong Special Steel Co., Ltd.",山东寿光巨能特钢有限公司,Shandong Shouguang Juneng SPECIAL Steel Co Ltd,山东寿光巨能特钢有限公司,E100000127078,unknown,,natural person(s) [44.4%]; unknown [15.3%]; Shouguang Zhirun Investment Co Ltd [13.4%]; Shouguang Shengda Investment Co Ltd [10.4%]; Shouguang Shanyue Qingfeng Economic and Trade Co Ltd [8.3%]; Shouguang Zhitao Trading Co Ltd [3.2%]; Shouguang Xingchen Dahai Trading Co Ltd [2.5%]; Shouguang Yunxin Economic and Trade Co Ltd [2.5%],E100000123261 [44.4%]; E100000132388 [15.3%]; E100000127633 [13.4%]; E100000127634 [10.4%]; E100000128411 [8.3%]; E100000128412 [3.2%]; E100000128414 [2.5%]; E100000128413 [2.5%],unknown [44.4%]; unknown [15.3%]; unknown [13.4%]; unknown [10.4%]; unknown [8.3%]; unknown [3.2%]; unknown [2.5%]; unknown [2.5%],No. 9 Special Steel Road,山东省寿光市特钢路九号,unknown,Shandong,China,Asia Pacific,"36.9391250, 118.7855980",exact,https://www.gem.wiki/Shandong_Shouguang_Juneng_Special_Steel_Co_Ltd,23.21,unknown,unknown,2002-12-05 00:00:00,unknown,unknown,unknown,,,,,finished rolled,"structural, spring steel, rod, pipe, billet, bearings","automotive, building and infrastructure, energy, tools and machinery, transport",2953,2024-09-27 00:00:00,unknown,no,BF; BOF; EAF,"Shandong Shouguang Juneng Thermal Power Development Co., Ltd",unknown,unknown,,36.939125,118.785598,CHN,0.020144197600253273,67640,1440684200.7685635,36.95833333,118.79166667,156,1
P100001063638,Shandong Taigang Xinhai Stainless Steel Co Ltd,山东太钢鑫海不锈钢有限公司,,山东鑫海实业有限公司,Shandong Taigang Xinhai Stainless Steel Co Ltd,,E100002020710,unknown,,Shandong Taigang Xinhai Stainless Steel Co Ltd [100.0%],E100002020710 [100.0%],unknown [100.0%],North Section of Central Avenue,山东省临沂市临港经济开发区中心大道北段,Lingang Economic Development Zone,Shandong,China,Asia Pacific,"35.228556, 119.084178",approximate,https://www.gem.wiki/Shandong_Taigang_Xinhai_Stainless_Steel_Co_Ltd,10.07,unknown,unknown,2016-01-26 00:00:00,unknown,unknown,unknown,,,,,unknown,unknown,unknown,unknown,no,no,no,BF; BOF,unknown,unknown,unknown,,35.228556,119.084178,CHN,0.045556471175116055,78746,374021532.01611346,35.20833333,119.125,156,1
P100000120245,Shandong Taishan Steel Group Co Ltd,山东泰山钢铁集团有限公司,"Shandong Taishan Iron and Steel Corporation, Shandong Taishan Iron and Steel Co., Ltd.","山东泰山钢铁总公司, 山东泰山钢铁有限公司",Shandong Taishan Steel Group Co Ltd,山东泰山钢铁集团有限公司,E100000126280,unknown,,Guang Yang An Tai Holdings Ltd [91.0%]; Jinan Yanshan Investment Co Ltd [9.0%],E100000127646 [91.0%]; E100000127647 [9.0%],unknown [91.0%]; unknown [9.0%],"No. 1 Xinfu Road, Laiwu District, Jinan City, Shandong Province",山东省济南市莱芜区新甫路1号,Jinan,Shandong,China,Asia Pacific,"36.2214100, 117.6277280",exact,https://www.gem.wiki/Shandong_Taishan_Steel_Group_Co_Ltd,57.0,unknown,unknown,1969,unknown,unknown,unknown,,,,,finished rolled,coil,"automotive, building and infrastructure, tools and machinery",4532,no,expired,no,BOF; BF; EAF,Self-owned Power Plant,unknown,unknown,,36.22141,117.627728,CHN,0.013358191580032043,72535,6228848405.062526,36.20833333,117.625,156,1
P100000121146,Shandong Xinhua Special Steel Group Co Ltd,山东鑫华特钢集团有限公司,,,Shandong Xinhua Special Steel Group Co Ltd,,E100001012231,unknown,,Shandong Xinhua Special Steel Group Co Ltd [100.0%],E100001012231 [100.0%],unknown [100.0%],Industrial Park,山东省聊城市东阿县姜楼镇工业园,Jianglou,Shandong,China,Asia Pacific,"36.2561750, 116.1798330",exact,https://www.gem.wiki/Shandong_Xinhua_Special_Steel_Group_Co_Ltd,18.47,unknown,unknown,2003-03-05 00:00:00,unknown,unknown,2021-08-24 00:00:00,,,,,finished rolled,unknown,"automotive, building and infrastructure, tools and machinery",146,expired,unknown,no,BF; BOF,unknown,unknown,unknown,,36.256175,116.179833,CHN,0.045518429778472425,71982,783615313.084411,36.29166667,116.20833333,156,1
P100000120210,Shanghai Meishan Iron and Steel Co Ltd,上海梅山冶金公司,Shanghai Meishan Metallurgical Company,上海梅山钢铁股份有限公司,Shanghai Meishan Iron & Steel Co Ltd,上海梅山钢铁股份有限公司,E100000122373,unknown,Partial,Baoshan Iron & Steel Co Ltd [77.0%]; China Development Bank Corp [9.1%]; The China Orient Asset Management Co Ltd [7.0%]; Nanjing State-Owned Assets Investment & Management Holding (Group) Co Ltd [6.8%],E100000122571 [77.0%]; E100001001051 [9.1%]; E100000123243 [7.0%]; E100000000238 [6.8%],4295864974 [77.0%]; unknown [9.1%]; unknown [7.0%]; unknown [6.8%],No.1 Street,江苏省南京市雨花台区一号路,unknown,Jiangsu,China,Asia Pacific,"31.9029690, 118.6166700",exact,https://www.gem.wiki/Shanghai_Meishan_Iron_and_Steel_Co_Ltd,57.0,unknown,unknown,1969,unknown,unknown,unknown,,,,,finished rolled,"cold rolled, structural","building and infrastructure, tools and machinery",5051,2023-03-31 00:00:00,2023-10-01 00:00:00,no,BF; BOF,unknown,unknown,unknown,,31.902969,118.61667,CHN,0.029183109172943634,98718,3051454698.510215,31.875,118.625,156,1
P100000120270,Shanxi Changxin Industrial Co Ltd,山西长信工业有限公司,"Shanxi Changxin Steel Co., Ltd.",山西长信钢铁有限公司,Shanxi Changxin Industry Co Ltd,山西长信工业有限公司,E100000126829,unknown,,Shanxi Changxin Industry Co Ltd [100.0%],E100000126829 [100.0%],unknown [100.0%],No. 3 Hecheng North Road,山西省长治市合成北路3号,unknown,Shanxi,China,Asia Pacific,"36.3265890, 113.1171810",exact,https://www.gem.wiki/Shanxi_Changxin_Industrial_Co_Ltd,37.0,unknown,unknown,1989,unknown,unknown,unknown,,,,,"semi-finished, finished rolled","billet, wire","building and infrastructure, energy, tools and machinery, transport",193,2025-05-16 00:00:00,2022-07-05 00:00:00,no,BF; BOF,unknown,unknown,unknown,,36.326589,113.117181,CHN,0.03578695144363242,71945,2719454994.077153,36.29166667,113.125,156,1
P100000121152,Shanxi Dongfang Hengliu Precision Casting Co,山西东方恒略精密铸造有限公司,,,Shanxi Dongfang Hengliu Precision Casting Co,山西东方恒略精密铸造有限公司,E100001012232,unknown,,Shanxi Dongfang Hengliu Precision Casting Co [100.0%],E100001012232 [100.0%],unknown [100.0%],Wangya,山西省临汾市尧都区大阳镇王雅村,Dayang,Shanxi,China,Asia Pacific,"36.0800510, 111.6477540",exact,https://www.gem.wiki/Shanxi_Dongfang_Hengliu_Precision_Casting_Co,16.04,unknown,unknown,2002-12-18 00:00:00,unknown,unknown,2019,,,,,finished rolled,"castings, cast iron","building and infrastructure, tools and machinery",1273,expired,unknown,no,BF; BOF,unknown,unknown,unknown,,36.080051,111.647754,CHN,0.04462175820773027,73531,586782703.6351858,36.04166667,111.625,156,1
P100000120268,Shanxi Gaoyi Steel Co Ltd,山西高义钢铁有限公司,,,Shanxi Gaoyi Steel Co Ltd,山西高义钢铁有限公司,E100000123199,unknown,,Shanxi Gaoyi Steel Co Ltd [100.0%],E100000123199 [100.0%],unknown [100.0%],Dizhuang,山西省运城市新绛县狄庄村,Yuncheng,Shanxi,China,Asia Pacific,"35.5868410, 111.2584360",exact,https://www.gem.wiki/Shanxi_Gaoyi_Steel_Co_Ltd,29.0,unknown,unknown,1997,unknown,unknown,unknown,,,,,"semi-finished, finished rolled","billet, rod, wire","building and infrastructure, energy, tools and machinery, transport",38876,2024-10-31 00:00:00,2024-06-19 00:00:00,no,BF; BOF,unknown,unknown,unknown,,35.586841,111.258436,CHN,0.050600263928645355,76143,2190467911.060826,35.625,111.29166667,156,1
P100000120266,Shanxi Hongda Iron and Steel Group Co Ltd,山西宏达钢铁集团有限公司,Jinsu Smelting Plant (predecessor),晋苏冶炼厂(前身),Shanxi HONGDA Iron and Steel Group Co Ltd,山西宏达钢铁集团有限公司,E100000123200,unknown,,Shanxi HONGDA Iron and Steel Group Co Ltd [100.0%],E100000123200 [100.0%],unknown [100.0%],Xiaozhang,山西省运城市河津市僧楼镇小张村,Senglou,Shanxi,China,Asia Pacific,"35.7018950, 110.7868260",exact,https://www.gem.wiki/Shanxi_Hongda_Iron_and_Steel_Group_Co_Ltd,26.81,unknown,unknown,1999-04-28 00:00:00,unknown,unknown,unknown,,,,1300.0,"semi-finished, finished rolled","billet, wire, bar","building and infrastructure, tools and machinery",15,2023-08-18 00:00:00,2025-03-07 00:00:00,no,BF; BOF,unknown,unknown,unknown,1300.0,35.701895,110.786826,CHN,0.00805507164696592,75620,250634379.58227268,35.70833333,110.79166667,156,1
P100000120406,Shanxi Huaqiang Iron and Steel Co Ltd,山西华强钢铁有限公司,,,Shanxi HUAQIANG Iron and Steel Co Ltd,山西华强钢铁有限公司,E100000126753,unknown,,Shanxi HUAQIANG Iron and Steel Co Ltd [100.0%],E100000126753 [100.0%],unknown [100.0%],Dali,山西省临汾市侯马市张村乡大李村,Zhangcun,Shanxi,China,Asia Pacific,"35.6708480, 111.3788870",exact,https://www.gem.wiki/Shanxi_Huaqiang_Iron_and_Steel_Co_Ltd,22.84,unknown,unknown,2003-04-17 00:00:00,unknown,unknown,unknown,,,,,finished rolled,cast iron,"automotive, energy, tools and machinery, transport",49,expired,unknown,no,BF,unknown,unknown,unknown,,35.670848,111.378887,CHN,0.03768632025296639,75627,402152281.1129497,35.70833333,111.375,156,1
P100000120267,Shanxi Huaxinyuan Steel and Iron Group Co Ltd,山西华鑫源钢铁集团有限公司,"Hejin Huaxinyuan Iron & Steel Co., Ltd.",河津市华鑫源钢铁有限责任公司,Hejin Huaxinyuan Steel & Iron Co Ltd,山西华鑫源钢铁集团有限公司,E100000126638,unknown,,Hejin Huaxinyuan Steel & Iron Co Ltd [100.0%],E100000126638 [100.0%],unknown [100.0%],Xixinfeng,山西省运城市河津市阳村乡西辛封村,Yangcun,Shanxi,China,Asia Pacific,"35.6055060, 110.6520560",exact,https://www.gem.wiki/Shanxi_Huaxinyuan_Steel_and_Iron_Group_Co_Ltd,23.12,unknown,unknown,2003-01-08 00:00:00,unknown,unknown,unknown,,,,,"semi-finished, finished rolled","billet, coil, wire","building and infrastructure, energy, tools and machinery",716,2025-10-17 00:00:00,2024-12-23 00:00:00,no,BF; BOF,unknown,unknown,unknown,,35.605506,110.652056,CHN,0.03334731131590911,76135,1208145259.4777637,35.625,110.625,156,1
P100000120274,Shanxi Jianlong Industrial Co Ltd,山西建龙实业有限公司,"Shanxi Haixin International Steel Co., Ltd.",山西海鑫国际钢铁有限公司,Shanxi Jianlong Industrial Co Ltd,山西建龙实业有限公司,E100000126936,unknown,,Beijing Jianlong Investment Co Ltd [87.6%]; unknown [12.4%],E100000000155 [87.6%]; E100000132388 [12.4%],unknown [87.6%]; unknown [12.4%],unknown,山西省运城市闻喜县东镇,Dong,Shanxi,China,Asia Pacific,"35.4174050, 111.3039190",exact,https://www.gem.wiki/Shanxi_Jianlong_Industrial_Co_Ltd,25.91,unknown,unknown,2000-03-23 00:00:00,unknown,unknown,unknown,,,,,finished rolled,structural,"energy, tools and machinery, transport",6775,unknown,2025-02-22 00:00:00,no,BF; BOF,unknown,unknown,unknown,,35.417405,111.303919,CHN,0.042722918755834983,77157,384406160.84900844,35.45833333,111.29166667,156,1
P100000120316,Shanxi Jinnan Iron and Steel Group Co Ltd,山西晋南钢铁集团有限公司,"Shanxi Jinnan Iron and Steel Trading Co., Ltd.",山西晋南钢铁贸易有限公司,Shanxi Jinnan Iron and Steel Group Co Ltd,山西晋南钢铁集团有限公司,E100000123202,5080192546,,Shanxi Jinnan Holding Group Co Ltd [100.0%],E100000123828 [100.0%],unknown [100.0%],Ecological Industrial Park,山西省临汾市曲沃县生态工业园区,unknown,Shanxi,China,Asia Pacific,"35.6785410, 111.5146500",exact,https://www.gem.wiki/Shanxi_Jinnan_Iron_and_Steel_Group_Co_Ltd,12.0,unknown,unknown,2014-02-20 00:00:00,unknown,unknown,unknown,,,,,finished rolled,"coil, plate","building and infrastructure, tools and machinery",1010,2023-04-11 00:00:00,2023-05-10 00:00:00,no,BF; BOF,Photovoltaic Power Generation,unknown,unknown,,35.678541,111.51465,CHN,0.04021794853939567,75629,162446633.34105244,35.70833333,111.54166667,156,1
P100000120262,Shanxi Liheng Steel Co Ltd,山西立恒钢铁股份有限公司,"Shanxi Liheng Steel Co., Ltd.",山西立恒钢铁集团股份有限公司,Shanxi Liheng Iron and Steel Co Ltd,山西立恒钢铁集团股份有限公司,E100000126363,unknown,,Shanxi Liheng Iron and Steel Co Ltd [100.0%],E100000126363 [100.0%],unknown [100.0%],Xibaiji,山西省临汾市曲沃县高显镇西白集村,Gaoxian,Shanxi,China,Asia Pacific,"35.7015410, 111.4267100",exact,https://www.gem.wiki/Shanxi_Liheng_Steel_Co_Ltd,17.0,unknown,unknown,2002-12-31 00:00:00,unknown,unknown,2020,,,3700.0,,finished rolled,"galvanized, h-beam, strip, pipe, coil, i-beam, angle, wire","automotive, building and infrastructure, energy, tools and machinery, transport",unknown,expired,expired,no,BF; BOF,unknown,unknown,unknown,3700.0,35.701541,111.42671,CHN,0.032344562867937805,75628,747390169.8949468,35.70833333,111.45833333,156,1
P100000120308,Shanxi Meijin Iron and Steel Co Ltd Dongyu Town,美锦钢铁公司,Meijin Steel Company,山西美锦钢铁有限公司,Shanxi Meijin Iron and Steel Co Ltd,山西美锦钢铁有限公司,E100000126886,unknown,,Meijin Energy Group Co Ltd [50.0%]; China New Energy Group Ltd [48.0%]; unknown [2.0%],E100000123821 [50.0%]; E100001010236 [48.0%]; E100000132388 [2.0%],5000490664 [50.0%]; unknown [48.0%]; unknown [2.0%],"No. 1 National Road 307 South, Xigaobai Village",山西省清徐县东于镇西高白村307国道南1号,Dongyu,Shanxi,China,Asia Pacific,"37.5713540, 112.2297910",exact,https://www.gem.wiki/Shanxi_Meijin_Iron_and_Steel_Co_Ltd_Dongyu_Town,22.32,unknown,unknown,2003-10-24 00:00:00,unknown,unknown,unknown,,,,,finished rolled,"rod, coil, wire rod","building and infrastructure, tools and machinery",743,2025-03-20 00:00:00,2025-03-27 00:00:00,no,BOF; BF,unknown,unknown,unknown,,37.571354,112.229791,CHN,0.0366301674082723,63634,1679834580.032344,37.54166667,112.20833333,156,1
P100000121151,Shanxi Meijin Iron and Steel Co Ltd Yuanping City,美锦钢铁公司,Meijin Steel Company,山西美锦钢铁有限公司,Shanxi Meijin Iron and Steel Co Ltd,山西美锦钢铁有限公司,E100000126886,unknown,,Meijin Energy Group Co Ltd [50.0%]; China New Energy Group Ltd [48.0%]; unknown [2.0%],E100000123821 [50.0%]; E100001010236 [48.0%]; E100000132388 [2.0%],5000490664 [50.0%]; unknown [48.0%]; unknown [2.0%],"Yuanping City, Shanxi Province",山西省原平市,Taiyuan,Shanxi,China,Asia Pacific,"38.7393000, 112.6890860",approximate,https://www.gem.wiki/Shanxi_Meijin_Iron_and_Steel_Co_Ltd_Yuanping_City,,2021-05-01 00:00:00,unknown,unknown,unknown,unknown,unknown,,,,1200.0,finished rolled,"rod, coil, wire rod","building and infrastructure, tools and machinery",unknown,unknown,unknown,no,BF; BOF,unknown,unknown,unknown,1200.0,38.7393,112.689086,CHN,0.036460860700450175,56297,2498747960.66294,38.70833333,112.70833333,156,1
P100000120258,Shanxi Taigang Stainless Steel Co Ltd,山西太钢不锈钢股份有限公司,"China Baowu Steel Group, Taiyuan Iron and Steel (Group) Co Ltd",太原钢铁（集团）有限公司,Shanxi Taigang Stainless Steel Co Ltd,山西太钢不锈钢股份有限公司,E100000122948,unknown,,Shanxi Taigang Stainless Steel Co Ltd [100.0%],E100000122948 [100.0%],unknown [100.0%],unknown,山西省太原市尖草坪区,unknown,Shanxi,China,Asia Pacific,"37.9314880, 112.5393210",exact,https://www.gem.wiki/Shanxi_Taigang_Stainless_Steel_Co_Ltd,27.69,unknown,unknown,1998-06-11 00:00:00,unknown,unknown,unknown,,,,,finished rolled,cold rolled,"automotive, building and infrastructure, tools and machinery",17434,2024-06-18 00:00:00,2024-06-18 00:00:00,no,BF; BOF; EAF,National Grid; Self-owned solar,unknown,unknown,,37.931488,112.539321,CHN,0.02694761419045866,60967,24668432523.352684,37.95833333,112.54166667,156,1
P100000120264,Shanxi Tongcai Industry and Trade Co Ltd,山西建邦集团有限公司,,山西通才工贸有限公司,ShanXi TongCai Industry and Trade Co Ltd,山西通才工贸有限公司,E100000123203,unknown,,Shanxi Jianbang Group Co Ltd [51.4%]; natural person(s) [48.6%],E100000123840 [51.4%]; E100000123261 [48.6%],unknown [51.4%]; unknown [48.6%],Taizitan,山西省临汾市曲沃县汰子滩,unknown,Shanxi,China,Asia Pacific,"35.6943210, 111.4293810",exact,https://www.gem.wiki/Shanxi_Tongcai_Industry_and_Trade_Co_Ltd,24.0,unknown,unknown,2002,unknown,unknown,unknown,,,,,finished rolled,"wire, rolled, bar","energy, tools and machinery, transport",2073,2023-02-05 00:00:00,2025-01-09 00:00:00,no,BF; BOF; EAF,"High-temperature, Ultra-high-pressure Coal Gas Power Generation",unknown,unknown,,35.694321,111.429381,CHN,0.03216493128327099,75628,747390169.8949468,35.70833333,111.45833333,156,1
P100000121087,Shanxi Tongde Xinghua Special Steel Co Ltd,山西同德兴华特钢有限公司,"Datong Coal Mine Tianjian Iron and Steel Co., Ltd.",大同煤矿天建钢铁有限公司,Shanxi Tongde Xinghua Special Steel Co Ltd,山西同德兴华特钢有限公司,E100000127073,unknown,Partial,Shanxi State-Owned Capital Investment and Operation Co Ltd [28.7%]; Datong Qijun Trading Co Ltd [26.0%]; Tianjin Bohai Runde Steel Group Co Ltd [25.0%]; China Cinda Asset Management Co Ltd [14.8%]; Jinneng Holding Group Co Ltd [3.2%]; unknown [2.3%],E100000001663 [28.7%]; E100000128383 [26.0%]; E100000128384 [25.0%]; E100000123329 [14.8%]; E100000001543 [3.2%]; E100000132388 [2.3%],unknown [28.7%]; unknown [26.0%]; unknown [25.0%]; unknown [14.8%]; unknown [3.2%]; unknown [2.3%],unknown,山西省大同市南郊区古店镇,Gudian,Shanxi,China,Asia Pacific,"40.1835170, 113.3054620",exact,https://www.gem.wiki/Shanxi_Tongde_Xinghua_Special_Steel_Co_Ltd,20.21,unknown,unknown,2005-12-06 00:00:00,unknown,unknown,unknown,,,,,"semi-finished, finished rolled","billet, rebar","building and infrastructure, energy, tools and machinery, transport",3140,2023-12-25 00:00:00,2024-05-28 00:00:00,no,BF; BOF,unknown,unknown,unknown,,40.183517,113.305462,CHN,0.028392980901589437,46250,353310074.948443,40.20833333,113.29166667,156,1
P100000120261,Shanxi Xintai Iron and Steel Co Ltd,山西新泰钢铁有限公司,,,Shanxi Xintai Iron & Steel Co Ltd,山西新泰钢铁有限公司,E100000127010,unknown,,Shanxi Antai Holding Group Co Ltd [100.0%],E100000127791 [100.0%],unknown [100.0%],unknown,山西省晋中市介休市义安镇,Yi'an,Shanxi,China,Asia Pacific,"37.0750170, 111.9851480",exact,https://www.gem.wiki/Shanxi_Xintai_Iron_and_Steel_Co_Ltd,20.73,unknown,unknown,2005-05-30 00:00:00,unknown,unknown,unknown,,,,,finished rolled,wire,"automotive, building and infrastructure, energy, tools and machinery, transport",1729,2023-10-18 00:00:00,2023-06-25 00:00:00,no,BF; BOF,unknown,unknown,unknown,,37.075017,111.985148,CHN,0.0427933527351824,66990,4334687658.950084,37.04166667,111.95833333,156,1
P100000120271,Shanxi Zhongsheng Iron and Steel Co Ltd,山西中升钢铁有限公司,,,Shanxi Zhongsheng Iron and Steel Co Ltd,山西中升钢铁有限公司,E100000127019,unknown,,Shanxi Zhongsheng Iron and Steel Co Ltd [100.0%],E100000127019 [100.0%],unknown [100.0%],unknown,山西省临汾市襄汾县永固乡,Yonggu,Shanxi,China,Asia Pacific,"35.7277760, 111.3301220",exact,https://www.gem.wiki/Shanxi_Zhongsheng_Iron_and_Steel_Co_Ltd,19.32,unknown,unknown,2006-10-27 00:00:00,unknown,unknown,unknown,,,,,"semi-finished, finished rolled","billet, wire rod, bar","building and infrastructure, transport",104,no,no,no,BF; BOF,unknown,unknown,unknown,,35.727776,111.330122,CHN,0.04309094826222847,75626,224177109.58702946,35.70833333,111.29166667,156,1
P100000120259,Shanxi Zhongyang Iron and Steel Co Ltd,山西中阳钢铁有限公司,,,Shanxi Zhongyang Iron & Steel Co Ltd,山西中阳钢铁有限公司,E100000122988,unknown,,Shanxi Zhongyang Iron & Steel Co Ltd [100.0%],E100000122988 [100.0%],unknown [100.0%],Northern Suburb of Zhongyang County,山西省吕梁市中阳县城北郊,Lvliang,Shanxi,China,Asia Pacific,"37.3707960, 111.1611180",exact,https://www.gem.wiki/Shanxi_Zhongyang_Iron_and_Steel_Co_Ltd,20.28,unknown,unknown,2005-11-10 00:00:00,unknown,unknown,unknown,,,1000.0,,finished rolled,"tube, rebar",unknown,7019,2025-07-28 00:00:00,2025-08-23 00:00:00,no,BF; BOF,unknown,unknown,unknown,1000.0,37.370796,111.161118,CHN,0.03636184181253952,64711,320338051.3482251,37.375,111.125,156,1
P100001063176,"Shengli (Qingyuan) Steel Products Co., Ltd.",圣力（清远）钢制品有限公司,,,Shengli (Qingyuan) Steel Products Co Ltd,,E100002020562,unknown,,Shengli (Qingyuan) Steel Products Co Ltd [100.0%],E100002020562 [100.0%],unknown [100.0%],unknown,清远市高新技术产业开发区雄兴工业城（广东省清远市龙塘镇银盏107国道西侧雄兴工业城）,Qingyuan,Guangdong,China,Asia Pacific,"23.5530410, 113.1199420",exact,"https://www.gem.wiki/Shengli_(Qingyuan)_Steel_Products_Co.,_Ltd.",22.0,unknown,unknown,2004,unknown,unknown,unknown,,,,,finished rolled,"Rebar, wire rod",building and infrastructure,263,2024-06-11 00:00:00,2024-08-29 00:00:00,no,EAF,unknown,unknown,unknown,,23.553041,113.119942,CHN,0.01244824272533792,133464,1383225148.037752,23.54166667,113.125,156,1
P100001063815,ShiGangJingCheng Equipment Development and Manufacturing Co Ltd,石钢京诚装备技术有限公司,,,ShiGangJingCheng Equipment Development and Manufacturing Co Ltd,石钢京诚装备技术有限公司,E100002020787,5037118245,,ShiGangJingCheng Equipment Development and Manufacturing Co Ltd [100.0%],E100002020787 [100.0%],5037118245 [100.0%],No. 1 East Xinlian Street,辽宁(营口)沿海产业基地管委会新联大街东1号,unknown,Liaoning,China,Asia Pacific,"40.626396, 122.388840",exact,https://www.gem.wiki/ShiGangJingCheng_Equipment_Development_and_Manufacturing_Co_Ltd,20.0,unknown,unknown,2006,unknown,unknown,unknown,,,,,unknown,"cast billets, rolled products, forged products, large castings and forgings","building and infrastructure, energy, steel packaging, tools and machinery, transport",unknown,2024-09-29 00:00:00,2023-03-15 00:00:00,no,BOF; EAF,unknown,unknown,unknown,,40.626396,122.38884,CHN,0.013910227029062125,43457,758099574.9849542,40.625,122.375,156,1
P100000120246,Shiheng Special Steel Group Co Ltd,石横特钢集团有限公司,"Shandong Shiheng Special Steel Group Co., Ltd., Shandong Shiheng Special Steel Co., Ltd.",山东石横特钢集团有限公司,Shiheng SPECIAL Steel Group Co Ltd,石横特钢集团有限公司,E100000123204,unknown,,Shiheng Special Steel Holding Group Co Ltd [54.7%]; Hong Kong Wing Tai Holdings [22.0%]; unknown [15.9%]; Trade Union Committee of Shiheng Special Steel Group [7.4%],E100000124166 [54.7%]; E100000126043 [22.0%]; E100000132388 [15.9%]; E100000126042 [7.4%],unknown [54.7%]; unknown [22.0%]; unknown [15.9%]; unknown [7.4%],unknown,山东省泰安市肥城市石横镇,Shiheng,Shandong,China,Asia Pacific,"36.2292010, 116.5339810",exact,https://www.gem.wiki/Shiheng_Special_Steel_Group_Co_Ltd,25.15,unknown,unknown,2000-12-27 00:00:00,unknown,unknown,unknown,,,1000.0,,finished rolled,"rounds, profile","automotive, building and infrastructure, tools and machinery",7337,2023-12-28 00:00:00,2024-12-02 00:00:00,no,BF; BOF,unknown,unknown,unknown,1000.0,36.229201,116.533981,CHN,0.022238011929528744,72522,1341653440.6361408,36.20833333,116.54166667,156,1
P100001064067,Shijiazhuang Hongsen Melting & Casting Co Ltd,石家庄市宏森熔炼铸造有限公司,,"石家庄市藁城区宏森熔炼铸造有限公司, 藁城市宏森熔炼铸造有限公司",Shijiazhuang Hongsen Melting & Casting Co Ltd,,E100002020973,unknown,,Shijiazhuang Hongsen Melting & Casting Co Ltd [100.0%],E100002020973 [100.0%],unknown [100.0%],unknown,河北藁城经济技术开发区兴柳路铁路桥南300米路东,Shijiazhuang,Hebei,China,Asia Pacific,"38.021527, 114.916959",exact,https://www.gem.wiki/Shijiazhuang_Hongsen_Melting_&_Casting_Co_Ltd,19.47,unknown,unknown,2006-08-31 00:00:00,unknown,unknown,unknown,,,,,"semi-finished, finished rolled","Cast Iron, Ductile Iron / Spheroidal Graphite Iron, High-Purity Pig Iron, Precision Castings",unknown,1000,2023-02-21 00:00:00,2025-06-30 00:00:00,no,BF; EAF,unknown,unknown,unknown,,38.021527,114.916959,CHN,0.046015665709163274,60468,945492196.1136818,38.04166667,114.95833333,156,1
P100000120103,Shijiazhuang Iron and Steel Co Ltd,石家庄钢铁有限责任公司(主厂区),Shijiazhuang Iron and Steel Co Ltd Main Plant,,Shijiazhuang Iron and Steel Co Ltd,石家庄钢铁有限责任公司,E100001000929,4296807460,Partial,HBIS Group Co Ltd [74.7%]; HBIS International Holdings Ltd [24.9%]; unknown [0.4%],E100000124529 [74.7%]; E100000130636 [24.9%]; E100000132388 [0.4%],5000022648 [74.7%]; 5037085210 [24.9%]; unknown [0.4%],"No. 363 Heping East Road, Chang'an District, Shijiazhuang City, Hebei Province",河北省石家庄市长安区和平东路363号,Shijiazhuang,Hebei,China,Asia Pacific,"38.0607350, 114.5603580",exact,https://www.gem.wiki/Shijiazhuang_Iron_and_Steel_Co_Ltd,63.0,unknown,unknown,1957,unknown,unknown,2020,,,,,finished rolled,"bearings, structural, spring steel","automotive, building and infrastructure, tools and machinery, transport",unknown,2021-06-23 00:00:00,2021-06-23 00:00:00,no,BF; BOF; EAF,State Grid Shijiazhuang Power Supply Company,unknown,unknown,,38.060735,114.560358,CHN,0.02670144239845039,60463,81899035074.2525,38.04166667,114.54166667,156,1
P100000120322,Shijiazhuang Iron and Steel Co Ltd Special Steel Branch,石家庄钢铁有限责任公司特殊钢分公司,Shijiazhuang Iron & Steel Co Ltd,石家庄钢铁有限责任公司,Shijiazhuang Iron and Steel Co Ltd,石家庄钢铁有限责任公司,E100001000929,4296807460,Partial,HBIS Group Co Ltd [74.7%]; HBIS International Holdings Ltd [24.9%]; unknown [0.4%],E100000124529 [74.7%]; E100000130636 [24.9%]; E100000132388 [0.4%],5000022648 [74.7%]; 5037085210 [24.9%]; unknown [0.4%],"Jingjing Mining Area, Shijiazhuang City, Hebei Province",河北省石家庄市井阱矿区世纪大道北侧，贾凤路西侧,Shijiazhuang,Hebei,China,Asia Pacific,"38.0750080, 114.0330430",exact,https://www.gem.wiki/Shijiazhuang_Iron_and_Steel_Co_Ltd_Special_Steel_Branch,6.0,unknown,2018-12-27 00:00:00,2020,unknown,unknown,unknown,,,,,finished rolled,unknown,unknown,3576,2024-06-18 00:00:00,2024-06-18 00:00:00,no,EAF,State Grid Shijiazhuang Power Supply Company,unknown,unknown,,38.075008,114.033043,CHN,0.03443852451017006,60457,1532287958.3060682,38.04166667,114.04166667,156,1
P100000121073,Shiyan Fuyan Iron and Steel Co Ltd,十堰福堰钢铁有限公司,,,Shiyan Fuyan Iron and Steel Co Ltd,十堰福堰钢铁有限公司,E100000126575,unknown,,Hubei Tiangang Recycling Industry Group Co Ltd [50.8%]; natural person(s) [49.2%],E100000127543 [50.8%]; E100000123261 [49.2%],unknown [50.8%]; unknown [49.2%],"Guojiawan, No. 2 Xicheng Road, Xicheng Development Zone, Zhangwan District, Shiyan City",十堰市张湾区西城开发区西城路2号郭家湾,Shiyan,Hubei,China,Asia Pacific,"32.6503670, 110.6547940",exact,https://www.gem.wiki/Shiyan_Fuyan_Iron_and_Steel_Co_Ltd,23.0,unknown,unknown,2003,2023-03-21 00:00:00,unknown,unknown,,,,,finished rolled,"wire rod, bar, round bar, hot rolled",unknown,210,2022-08-24 00:00:00,unknown,no,EAF,State Grid Shiyan Development Zone Power Supply Center,unknown,unknown,,32.650367,110.654794,CHN,0.03913013065400971,94024,111115982.9373292,32.625,110.625,156,1
P100000121074,Shiyan Yunyang District Rongfeng Iron and Steel Co Ltd,十堰市郧阳区榕峰钢铁有限公司,"Yun County Rongfeng Iron and Steel Co., Ltd.",郧县榕峰钢铁有限公司,Yun County Rongfeng Rolling Mill Factory,十堰市郧阳区榕峰钢铁有限公司,E100000127356,unknown,,Yun County Rongfeng Rolling Mill Factory [100.0%],E100000127356 [100.0%],unknown [100.0%],"Group 4, Chadian Village, Yunyang Economic Development Zone, Shiyan City, Shiyan City, Hubei Province",湖北省十堰市郧阳区经济开发区茶店村四组,Shiyan,Hubei,China,Asia Pacific,"32.7385980, 110.7932690",exact,https://www.gem.wiki/Shiyan_Yunyang_District_Rongfeng_Iron_and_Steel_Co_Ltd,15.0,unknown,unknown,2011,unknown,unknown,unknown,,,,,finished rolled,"bar, hot rolled",unknown,196,2024-03-27 00:00:00,unknown,no,EAF,State Grid Shiyan Power Supply Company,unknown,unknown,,32.738598,110.793269,CHN,0.030307057125987306,93529,2868377109.874325,32.70833333,110.79166667,156,1
P100000120275,Shougang Changzhi Iron and Steel Co Ltd,首钢长治钢铁有限公司,Changzhi Iron and Steel Plant,长治钢铁厂,Shougang Changzhi IRON& Steel Co Ltd,首钢长治钢铁有限公司,E100000127139,unknown,Full,Beijing State-owned Capital Management Center [90.0%]; Changzhi State-owned Industry Asset Operation Co Ltd [10.0%],E100000000158 [90.0%]; E100000128277 [10.0%],unknown [90.0%]; unknown [10.0%],No. 9 Gangcheng Street,山西省长治市钢城大街9号,Changzhi,Shanxi,China,Asia Pacific,"36.3564040, 113.0608090",exact,https://www.gem.wiki/Shougang_Changzhi_Iron_and_Steel_Co_Ltd,29.94,unknown,unknown,1996-03-13 00:00:00,unknown,unknown,unknown,,,,,finished rolled,"spring steel, rebar","building and infrastructure, transport",7130,2025-04-16 00:00:00,2024-10-22 00:00:00,no,BF; BOF,unknown,unknown,unknown,,36.356404,113.060809,CHN,0.02668782519856758,71408,2449438562.2978115,36.375,113.04166667,156,1
P100000121067,Shougang Guiyang Special Steel Co Ltd,首钢贵阳特殊钢有限责任公司,"Guiyang Special Steel Co., Ltd.",贵阳特殊钢有限责任公司,Shougang Guiyang SPECIAL Steel Co Ltd,首钢贵阳特殊钢有限责任公司,E100000126164,unknown,Partial,Beijing State-owned Capital Management Center [70.0%]; Guizhou Qiansheng State-Owned Assets Management Co Ltd [29.7%]; unknown [0.3%],E100000000158 [70.0%]; E100000124909 [29.7%]; E100000132388 [0.3%],unknown [70.0%]; unknown [29.7%]; unknown [0.3%],"77 Xindong Road, Zhazuo Town, Xiuwen County, Guiyang City, Guizhou Province",贵州省贵阳市修文县扎佐镇新东路77号,Guiyang,Guizhou,China,Asia Pacific,"26.8735920, 106.7321500",exact,https://www.gem.wiki/Shougang_Guiyang_Special_Steel_Co_Ltd,68.0,unknown,unknown,1958,unknown,unknown,unknown,,,,,finished rolled,"wire, bar","building and infrastructure, tools and machinery, transport",1113,2022-11-07 00:00:00,2024-12-11 00:00:00,no,EAF,unknown,unknown,unknown,,26.873592,106.73215,CHN,0.023858252951316637,123468,264952407.92503846,26.875,106.70833333,156,1
P100000120106,Shougang Jingtang United Iron and Steel Co Ltd,首钢京唐钢铁联合有限公司,,,Shougang Jingtang United Iron & Steel Co Ltd,首钢京唐钢铁联合有限责任公司,E100000121927,unknown,,Beijing Shougang Co Ltd [100.0%],E100000124355 [100.0%],unknown [100.0%],"Caofeidian Industrial Zone, Tangshan City, Hebei Province",河北省唐山市曹妃甸工业区钢铁电力园区,Tangshan,Hebei,China,Asia Pacific,"38.9536640, 118.5033900",exact,https://www.gem.wiki/Shougang_Jingtang_United_Iron_and_Steel_Co_Ltd,21.0,unknown,unknown,2005,unknown,unknown,unknown,,,,,finished rolled,plate,"building and infrastructure, energy, tools and machinery, transport",9104,2024-10-10 00:00:00,2024-12-05 00:00:00,no,BF; BOF,"heat-power-electricity-water-salt"" five-effect integrated and efficient recycling system","Shougang Peru Iron Ore Co., Ltd.","Shanxi Coking Coal Energy Group Co., Ltd.",,38.953664,118.50339,CHN,0.038560421534754176,136951,102371633.8710309,38.95833333,118.54166667,156,1
P100000120107,Shougang Qian an Iron and Steel Co Ltd,首钢股份公司迁安钢铁公司,,,Beijing Shougang Co Ltd,北京首钢股份有限公司,E100000124355,unknown,,Beijing Shougang Co Ltd [100.0%],E100000124355 [100.0%],unknown [100.0%],"No. 025 Zhao'an Street, Western Industrial Zone, Qian'an City, Tangshan City, Hebei Province",河北省唐山市迁安市西部工业区兆安街025号,Tangshan,Hebei,China,Asia Pacific,"39.9767020, 118.5587880",exact,https://www.gem.wiki/Shougang_Qian_an_Iron_and_Steel_Co_Ltd,24.0,unknown,unknown,2002,unknown,unknown,unknown,,,,,finished rolled,"plate, electrical","automotive, tools and machinery",5339,2024-06-17 00:00:00,2024-06-17 00:00:00,no,BF; BOF; EAF,Combined Cycle Power Plant :three sets of gas steam combined cycle power generation units/Roof photovoltaic power generation,unknown,unknown,,39.976702,118.558788,CHN,0.025110714417119744,48059,1205952791.2560177,39.95833333,118.54166667,156,1
P100000120096,Shougang Shuicheng Iron and Steel Group Co Ltd,首钢水城钢铁(集团)有限公司,"Shuicheng Iron and Steel (Group) Co., Ltd.",水城钢铁(集团)有限责任公司,Shougang Shuicheng Iron & Steel (Group) Co Ltd,首钢水城钢铁（集团）有限责任公司,E100000128137,unknown,Partial,Beijing State-owned Capital Management Center [61.1%]; China Huarong Asset Management Co Ltd [16.2%]; China Cinda Asset Management Co Ltd [13.2%]; unknown [9.6%],E100000000158 [61.1%]; E100000123273 [16.2%]; E100000123329 [13.2%]; E100000132388 [9.6%],unknown [61.1%]; unknown [16.2%]; unknown [13.2%]; unknown [9.6%],"Baxi Middle Road, Zhongshan District, Liupanshui City, Guizhou Province",贵州省六盘水市钟山区巴西中路,Liupanshui,Guizhou,China,Asia Pacific,"26.5952290, 104.8774130",exact,https://www.gem.wiki/Shougang_Shuicheng_Iron_and_Steel_Group_Co_Ltd,60.0,unknown,unknown,1966,unknown,unknown,unknown,,,,,finished rolled,"wire, bar","automotive, tools and machinery",8900,2024-08-05 00:00:00,2025-05-29 00:00:00,no,BF; BOF,55MW ultra-high temperature and ultra-high pressure gas power generation unit,unknown,unknown,,26.595229,104.877413,CHN,0.029868629195194632,124208,2917021785.146939,26.625,104.875,156,1
P100001063585,Shougang Yili Iron & Steel Co Ltd,首钢伊犁钢铁有限公司,,,Shougang Yili Iron & Steel Co Ltd,首钢伊犁钢铁有限公司,E100002020679,unknown,,Shougang Yili Iron & Steel Co Ltd [100.0%],E100002020679 [100.0%],unknown [100.0%],316 Sheng Dao,新建伊犁州新源县工业园区,unknown,Xinjiang,China,Asia Pacific,"43.528516, 83.276706",exact,https://www.gem.wiki/Shougang_Yili_Iron_&_Steel_Co_Ltd,68.0,unknown,unknown,1958,unknown,unknown,unknown,,,,,unknown,"Broadband, narrowband, welded pipe",unknown,2000,unknown,unknown,no,BF,unknown,unknown,unknown,,43.528516,83.276706,CHN,0.0199188796948389,24885,36347068.67769812,43.54166667,83.29166667,156,1
P100000120377,Sichuan Dazhou Iron and Steel Group Co Ltd,四川省达州钢铁集团有限责任公司,,,Sichuan Dazhou Iron & Steel Group Co Ltd,四川省达州钢铁集团有限责任公司,E100000126249,unknown,,Beijing Fangda International Industrial Investment Group Co Ltd [69.3%]; unknown [24.6%]; China Cinda Asset Management Co Ltd [6.1%],E100000128862 [69.3%]; E100000132388 [24.6%]; E100000123329 [6.1%],unknown [69.3%]; unknown [24.6%]; unknown [6.1%],"No. 25, Xihe Road",四川省达州市通川区西河路25号,unknown,Sichuan,China,Asia Pacific,"31.1894500, 107.4530990",exact,https://www.gem.wiki/Sichuan_Dazhou_Iron_and_Steel_Group_Co_Ltd,28.89,unknown,unknown,1997-04-01 00:00:00,unknown,unknown,unknown,,4300.0,2100.0,,finished rolled,"wire rod, rounds, rebar, hot rolled",unknown,3854,2023-11-02 00:00:00,expired,no,BF; BOF,unknown,unknown,unknown,6400.0,31.18945,107.453099,CHN,0.019595365840876608,102666,10197981456.470524,31.20833333,107.45833333,156,1
P100000120075,Sichuan Desheng Group Vanadium and Titanium Co Ltd,四川德胜集团钒钛有限公司,"Sichuan Desheng Group Steel Co., Ltd.",四川德胜集团钢铁有限公司,"Sichuan De Sheng Group, Vanadium and Titanium Co Ltd",四川德胜集团钒钛有限公司,E100000126458,unknown,,Haojun Development Group Co Ltd [49.0%]; natural person(s) [26.8%]; Yunnan Desheng Steel Co Ltd [14.0%]; Yunnan Desheng Logistics Co Ltd [10.2%],E100000128691 [49.0%]; E100000123261 [26.8%]; E100000126976 [14.0%]; E100000127448 [10.2%],unknown [49.0%]; unknown [26.8%]; unknown [14.0%]; unknown [10.2%],"No. 8 Tonghe Road South Section, Shawan District, Leshan City, Sichuan Province",四川省乐山市沙湾区铜河路南段8号,Leshan,Chongqing,China,Asia Pacific,"29.3979800, 103.5425320",exact,https://www.gem.wiki/Sichuan_Desheng_Group_Vanadium_and_Titanium_Co_Ltd,29.0,unknown,unknown,1997,unknown,unknown,unknown,,2800.0,,,finished rolled,"round bar, bar",unknown,3309,2023-05-29 00:00:00,no,no,BF; BOF,Waste heat and gas double super power generation,unknown,unknown,2800.0,29.39798,103.542532,CHN,0.022996286569985903,113213,181895609.9521647,29.375,103.54166667,156,1
P100000120375,Sichuan Gangchen Stainless Steel Co Ltd,四川西南不锈钢有限责任公司,"Sichuan Southwest Stainless Steel Co., Ltd.",四川罡宸不锈钢有限责任公司,Sichuan Gangchen Stainless Steel Co Ltd,四川罡宸不锈钢有限责任公司,E100000127249,unknown,,Fujian Xinsheng Investment Co Ltd [85.0%]; Pingtan Longxin Investment Co Ltd [15.0%],E100000127559 [85.0%]; E100000127560 [15.0%],unknown [85.0%]; unknown [15.0%],"No. 1, Taishan Road",四川省乐山市沙湾区嘉农镇泰山路1号,Jianong,Sichuan,China,Asia Pacific,"29.5010440, 103.6073650",exact,https://www.gem.wiki/Sichuan_Gangchen_Stainless_Steel_Co_Ltd,6.23,unknown,unknown,2019-11-29 00:00:00,unknown,unknown,unknown,,,,,unknown,unknown,"building and infrastructure, energy, tools and machinery",720,2024-04-07 00:00:00,2024-01-08 00:00:00,no,EAF,State Grid Leshan Power Supply Company,unknown,unknown,,29.501044,103.607365,CHN,0.04428537617463517,112293,473439435.8729224,29.54166667,103.625,156,1
P100000121058,Sichuan Shehong Chuanzhong Construction Materials Co Ltd,四川省射洪川中建材有限公司,,,Sichuan Shehong Chuanzhong Construction Materials Co Ltd,四川省射洪川中建材有限公司,E100000126282,unknown,,Sichuan Shehong Chuanzhong Construction Materials Co Ltd [100.0%],E100000126282 [100.0%],unknown [100.0%],Nanquan,四川省射洪市瞿河镇南泉村,Quhe,Sichuan,China,Asia Pacific,"30.8307260, 105.3676950",exact,https://www.gem.wiki/Sichuan_Shehong_Chuanzhong_Construction_Materials_Co_Ltd,25.89,unknown,unknown,2000-03-29 00:00:00,unknown,unknown,unknown,,,,,finished rolled,unknown,unknown,306,2025-04-01 00:00:00,2023-12-10 00:00:00,no,EAF,State Grid Chengdu Power Supply Company,unknown,unknown,,30.830726,105.367695,CHN,0.03973656106218434,105173,442654217.20127475,30.79166667,105.375,156,1
P100000120320,Sichuan Shengquan Iron and Steel Group Co Ltd,四川盛泉钢铁集团有限公司,"Sichuan Shengquan Iron and Steel Co., Ltd.",四川盛泉钢铁有限公司,Sichuan Shengquan Iron and Steel Group Co Ltd,四川盛泉钢铁集团有限公司,E100000126639,unknown,,Sichuan Shengquan Iron and Steel Group Co Ltd [100.0%],E100000126639 [100.0%],unknown [100.0%],"No. 1, Changshun Road, Jiangsu Industrial Park, Mianzhu High-tech Industrial Park",四川省绵竹高新技术产业园区江苏工业园常顺路1号,unknown,Sichuan,China,Asia Pacific,"31.2559610, 104.1906120",exact,https://www.gem.wiki/Sichuan_Shengquan_Iron_and_Steel_Group_Co_Ltd,7.46,unknown,unknown,2018-09-06 00:00:00,unknown,unknown,unknown,,,,,unknown,unknown,"automotive, building and infrastructure, energy, tools and machinery, transport",980,2023-03-28 00:00:00,2023-03-28 00:00:00,no,EAF,State Grid Deyang power supply,unknown,unknown,,31.255961,104.190612,CHN,0.039861515364044794,102119,1180067619.3126886,31.29166667,104.20833333,156,1
P100000121059,Sichuan Yaan Anshan Iron and Steel Co Ltd,四川雅安安山钢铁有限公司,,,Sichuan Ya'an Anshan Iron and Steel Co Ltd,四川雅安安山钢铁有限公司,E100000126975,unknown,,Sichuan Ya'an Anshan Iron and Steel Co Ltd [100.0%],E100000126975 [100.0%],unknown [100.0%],Hongxing,四川省雅安市天全县小河镇红星村,Xiaohe,Sichuan,China,Asia Pacific,"30.0591330, 102.6259070",exact,https://www.gem.wiki/Sichuan_Yaan_Anshan_Iron_and_Steel_Co_Ltd,4.91,unknown,unknown,2021-03-24 00:00:00,unknown,unknown,unknown,,,,,finished rolled,unknown,unknown,119,2023-12-29 00:00:00,2023-12-29 00:00:00,no,EAF,Sichuan Electric Power,unknown,unknown,,30.059133,102.625907,CHN,0.017489863712128174,109467,388037.3015476711,30.04166667,102.625,156,1
P100001063500,Taishan Baofeng Iron & Steel Co Ltd,台山市宝丰钢铁有限公司,,,Taishan Baofeng Iron & Steel Co Ltd,台山市宝丰钢铁有限公司,E100002020645,unknown,,Taishan Baofeng Iron & Steel Co Ltd [100.0%],E100002020645 [100.0%],unknown [100.0%],unknown,广东省台山市大江镇潭江工业区,Jiangmen,Guangdong,China,Asia Pacific,"22.425677, 112.788855",exact,https://www.gem.wiki/Taishan_Baofeng_Iron_&_Steel_Co_Ltd,23.0,unknown,unknown,2003,unknown,unknown,unknown,,,,,finished rolled,"Hot-rolled plain bars, Hot-rolled deformed bars",unknown,450,2025-11-14 00:00:00,2025-11-14 00:00:00,no,EAF,unknown,unknown,unknown,,22.425677,112.788855,CHN,0.03277714717997409,135809,4190029623.921236,22.45833333,112.79166667,156,1
P100000120147,Tangshan Chunxing Special Steel Co Ltd,唐山市春兴炼钢有限公司,"Tangshan Chunxing Steelmaking Co., Ltd.",唐山市春兴特种钢有限公司,Tangshan Chunxing Special Steel Co Ltd,唐山市春兴特种钢有限公司,E100000126150,unknown,,Tangshan Donghua Iron & Steel Enterprise Group Co Ltd [84.2%]; natural person(s) [15.8%],E100000123205 [84.2%]; E100000123261 [15.8%],unknown [84.2%]; unknown [15.8%],"Gufan Road, Guye District, Tangshan City, Hebei Province",河北省唐山市古冶区大庄坨乡黑鸭子村,Tangshan,Hebei,China,Asia Pacific,"39.6763260, 118.4279140",exact,https://www.gem.wiki/Tangshan_Chunxing_Special_Steel_Co_Ltd,23.5,unknown,unknown,2003,2022-04-26 00:00:00,unknown,2026-07-01 00:00:00,,,,,"semi-finished, finished rolled","billet, bar, strip, hot rolled",unknown,3,expired,expired,no,BF; BOF,unknown,unknown,unknown,,39.676326,118.427914,CHN,0.04415659420038855,49785,1872854078.2187674,39.70833333,118.45833333,156,1
P100000120122,Tangshan Delong Iron and Steel Co Ltd,唐山市德龙钢铁有限公司,"Tangshan Hengan Industrial Co., Ltd., Tangshan Lefeng Steel Co., Ltd.","唐山市恒安实业有限公司, 唐山市乐丰钢铁有限公司",Tangshan DELONG Steel Co Ltd,唐山市德龙钢铁有限公司,E100000126172,unknown,,Qian'an City Jiujiang Wire Co Ltd [51.0%]; British Asia Pan Ruogen International Co Ltd [49.0%],E100000123190 [51.0%]; E100000130417 [49.0%],unknown [51.0%]; unknown [49.0%],"No. 1 Linchang Lingang Road, Xiangyun Island, Leting County, Tangshan City, Hebei Province",河北省唐山市乐亭县祥云岛林场临港路1号,Tangshan,Hebei,China,Asia Pacific,"39.1925600, 118.8995330",exact,https://www.gem.wiki/Tangshan_Delong_Iron_and_Steel_Co_Ltd,23.67,unknown,unknown,2000,2021-12-23 00:00:00,2023-05-31 00:00:00,2023-09-01 00:00:00,,,,,finished rolled,"wire rod, strip",unknown,13,expired,expired,no,BF; BOF,Self-owned Power Generation,unknown,unknown,,39.19256,118.899533,CHN,0.029166179528508945,53153,218136816.73348233,39.20833333,118.875,156,1
P100000120146,Tangshan Donghai Iron and Steel Group Co Ltd,唐山东海钢铁集团有限公司,,,Tangshan Donghai Iron and Steel Group Co Ltd,唐山东海钢铁集团有限公司,E100000123219,unknown,,Tangshan Donghai Iron and Steel Group Co Ltd [100.0%],E100000123219 [100.0%],unknown [100.0%],"National Highway 205, Luan County, Tangshan City, Hebei Province",河北省唐山市滦县205国道,Tangshan,Hebei,China,Asia Pacific,"39.7483730, 118.6247940",exact,https://www.gem.wiki/Tangshan_Donghai_Iron_and_Steel_Group_Co_Ltd,23.0,unknown,unknown,2003,unknown,unknown,unknown,,,,1200.0,"semi-finished, finished rolled","galvanized, strip, billet, hot rolled, wire",unknown,4318,2022-11-24 00:00:00,2024-12-25 00:00:00,no,BF; BOF,unknown,unknown,unknown,1200.0,39.748373,118.624794,CHN,0.04004019992093948,49787,770999040.1643324,39.70833333,118.625,156,1
P100000120108,Tangshan Donghua Iron and Steel Enterprise Group Co Ltd,唐山东华钢铁企业集团有限公司,,,Tangshan Donghua Iron & Steel Enterprise Group Co Ltd,唐山东华钢铁企业集团有限公司,E100000123205,unknown,,Tangshan Donghua Iron & Steel Enterprise Group Co Ltd [100.0%],E100000123205 [100.0%],unknown [100.0%],"Xiaoji Town Industrial Park, Fengnan District, Tangshan City, Hebei Province",河北省唐山市丰南区小集镇工业园区,Tangshan,Hebei,China,Asia Pacific,"39.4683660, 118.2567740",exact,https://www.gem.wiki/Tangshan_Donghua_Iron_and_Steel_Enterprise_Group_Co_Ltd,17.0,unknown,unknown,2009,unknown,unknown,unknown,,,,,finished rolled,"wire rod, rebar, strip, coil, hot rolled","automotive, building and infrastructure, tools and machinery",7443,2024-11-29 00:00:00,2024-11-29 00:00:00,no,BF; BOF; EAF,unknown,unknown,unknown,,39.468366,118.256774,CHN,0.036306375294955666,51477,438464931.03294915,39.45833333,118.29166667,156,1
P100000120128,Tangshan Fengnan District Jing an Iron and Steel Co Ltd,唐山市丰南区经安钢铁集团有限公司,"Fengnan City Beiyang Iron and Steel Co., Ltd., Tangshan Fengnan District Beiyang Iron and Steel Co., Ltd.","唐山市丰南区经安钢铁有限公司, 唐山市丰南区北阳钢铁有限公司, 丰南市北阳钢铁有限公司",Tangshan Fengnan District Jing'an Iron and Steel Co Ltd,唐山市丰南区经安钢铁有限公司,E100001010698,unknown,,Tangshan Fengnan District Jing'an Iron and Steel Co Ltd [100.0%],E100001010698 [100.0%],unknown [100.0%],"North side of Qianying Mine, Qianying Town, Fengnan District, Tangshan City, Hebei Province",河北省唐山市丰南区钱营镇钱营矿北侧,Tangshan,Hebei,China,Asia Pacific,"39.6009560, 118.3587260",exact,https://www.gem.wiki/Tangshan_Fengnan_District_Jing_an_Iron_and_Steel_Co_Ltd,24.0,unknown,unknown,2002,unknown,unknown,unknown,,6000.0,1100.0,1200.0,"semi-finished, finished rolled","round bar, rebar, h-beam, strip",unknown,2647,no,no,no,BF; BOF,Self-owned Power Generation units-10 megawatts and 15 megawatts each 1 set,unknown,unknown,8300.0,39.600956,118.358726,CHN,0.029033721979794945,50350,1597397963.2435653,39.625,118.375,156,1
P100000120143,Tangshan Fengnan Kaiheng Iron and Steel Co Ltd,唐山市丰南区凯恒钢铁有限公司,,,Tangshan Fengnan Kaiheng Iron & Steel Co Ltd,唐山市丰南区凯恒钢铁有限公司,E100000126840,unknown,,Tangshan Fengnan Kaiheng Iron & Steel Co Ltd [100.0%],E100000126840 [100.0%],unknown [100.0%],"Northwest of Dongliuzhuang Village, Xiaoji Town, Fengnan District, Tangshan City, Hebei Province",河北省唐山市丰南区小集镇东刘庄村西北,Tangshan,Hebei,China,Asia Pacific,"39.4632000, 118.2471910",exact,https://www.gem.wiki/Tangshan_Fengnan_Kaiheng_Iron_and_Steel_Co_Ltd,21.0,unknown,unknown,2002,unknown,unknown,2023,,,,,"crude, semi-finished",billet,unknown,2395,expired,expired,no,BF; BOF,unknown,unknown,unknown,,39.4632,118.247191,CHN,0.03916124352874518,51476,307330756.7732362,39.45833333,118.20833333,156,1
P100000120118,Tangshan Ganglu Iron and Steel Co Ltd,唐山港陆钢铁有限公司,,,Tangshan Ganglu Iron & Steel Co Ltd,唐山港陆钢铁有限公司,E100000123206,unknown,,Guotao Co Ltd (Hong Kong) [76.3%]; Yushan (Beijing) Metallurgical Investment Co Ltd [23.7%],E100000125875 [76.3%]; E100000123550 [23.7%],unknown [76.3%]; unknown [23.7%],"Yangjiazhuang Village, South of Bangkuan Road, Cuijiazhuang Township, Zunhua City, Tangshan City, Hebei Province",河北省唐山市遵化市崔家庄乡邦宽公路南侧杨家庄村,Tangshan,Hebei,China,Asia Pacific,"40.1839130, 118.0739130",exact,https://www.gem.wiki/Tangshan_Ganglu_Iron_and_Steel_Co_Ltd,24.0,unknown,unknown,2002,unknown,unknown,unknown,,4956.0,,1495.0,finished rolled,"spring steel, sheet, cold rolled, coil, billet",tools and machinery,6186,2023-10-08 00:00:00,2023-10-08 00:00:00,no,BF; BOF,unknown,unknown,unknown,6451.0,40.183913,118.073913,CHN,0.04044970105919799,46307,392661136.5966965,40.20833333,118.04166667,156,1
P100000120379,Tangshan Guotang Steel Co Ltd,唐山国堂钢铁有限公司,,,Tangshan Guotang Steel Co Ltd,唐山国堂钢铁有限公司,E100000126511,unknown,,Guotao Co Ltd (Hong Kong) [61.0%]; Tangshan GUOYI SPECIAL Steel Co Ltd [20.0%]; Yushan (Beijing) Metallurgical Investment Co Ltd [19.0%],E100000125875 [61.0%]; E100000126403 [20.0%]; E100000123550 [19.0%],unknown [61.0%]; unknown [20.0%]; unknown [19.0%],"Economic Development District, Leting City, Hebei Province",河北省乐亭市经济开发区,Laoting,Hebei,China,Asia Pacific,"39.2931470, 119.0469720",exact,https://www.gem.wiki/Tangshan_Guotang_Steel_Co_Ltd,4.0,2021,2022,2022,unknown,unknown,unknown,,4750.0,1760.0,1200.0,unknown,unknown,unknown,3639,2024-04-19 00:00:00,2024-04-19 00:00:00,no,BF; BOF,unknown,unknown,unknown,7710.0,39.293147,119.046972,CHN,0.0055079854137230705,52604,658638310.9064554,39.29166667,119.04166667,156,1
P100000120144,Tangshan Guoyi Special Type Iron and Steel Co Ltd,唐山国义特种钢铁有限公司,"Tangshan Yuanyi Special Steel Co., Ltd.",唐山园义特种钢铁有限公司,Tangshan GUOYI SPECIAL Steel Co Ltd,唐山国义特种钢铁有限公司,E100000126403,unknown,,Tangshan GUOYI SPECIAL Steel Co Ltd [100.0%],E100000126403 [100.0%],unknown [100.0%],"South of Lujiatuo Village, Guye District, Tangshan City, Hebei Province",河北省唐山市古冶区吕家坨村南,Tangshan,Hebei,China,Asia Pacific,"39.6591530, 118.4114880",exact,https://www.gem.wiki/Tangshan_Guoyi_Special_Type_Iron_and_Steel_Co_Ltd,16.0,unknown,unknown,2006,2021,unknown,2022,,,,,"semi-finished, finished rolled","billet, rebar, strip, wire",unknown,unknown,expired,expired,no,BF; BOF,unknown,unknown,unknown,,39.659153,118.411488,CHN,0.04997801069471098,50350,1597397963.2435653,39.625,118.375,156,1
P100000120101,Tangshan Iron and Steel Group Co Ltd,唐山钢铁集团有限责任公司,Tangshan Steel Works (predecessor),唐山制钢所,TANG Shan Iron and Steel Group Co Ltd,唐山钢铁集团有限责任公司,E100000123544,unknown,Full,HBIS Group Co Ltd [100.0%],E100000124529 [100.0%],5000022648 [100.0%],"No. 9 Binhe Road, North District, Tangshan Road, Tangshan City, Hebei Province",河北省唐山市唐山路北区滨河路9号,Tangshan,Hebei,China,Asia Pacific,"39.6485870, 118.2124870",exact,https://www.gem.wiki/Tangshan_Iron_and_Steel_Group_Co_Ltd,77.0,unknown,unknown,1943,unknown,unknown,2020,,,,,finished rolled,"sheet, plate, coated, bar, wire","automotive, building and infrastructure, energy, tools and machinery, transport",3362,unknown,unknown,no,BF; BOF,unknown,unknown,unknown,,39.648587,118.212487,CHN,0.023949938276931062,50348,39795139194.13621,39.625,118.20833333,156,1
P100000120124,Tangshan Jianlong Special Steel Co Ltd,唐山建龙特殊钢有限公司,"Tangshan Jianlong Industrial Co., Ltd.",唐山建龙实业有限公司,Tangshan Jianlong Steel SPECIAL Steel Co Ltd,唐山建龙特殊钢有限公司,E100000125134,unknown,,Beijing Jianlong Investment Co Ltd [90.2%]; unknown [9.8%],E100000000155 [90.2%]; E100000132388 [9.8%],unknown [90.2%]; unknown [9.8%],"No. 32 Jianshe South Road, Zunhua City, Tangshan City, Hebei Province",河北省唐山市遵化市建设南路32号,Tangshan,Hebei,China,Asia Pacific,"40.1676860, 117.9640040",exact,https://www.gem.wiki/Tangshan_Jianlong_Special_Steel_Co_Ltd,20.0,unknown,unknown,2000,unknown,unknown,2020,,,,,finished rolled,"pipe, forged, strip",unknown,3221,expired,expired,no,BF; BOF,unknown,unknown,unknown,,40.167686,117.964004,CHN,0.041040978721001604,46306,3405149508.8777,40.20833333,117.95833333,156,1
P100000120141,Tangshan Jinma Steel Group Co Ltd,唐山金马钢铁集团有限公司,"Luan County Jinma Industry Co., Ltd",滦县金马工业有限公司,Tangshan Jinma Iron & Steel Group Co Ltd,唐山金马钢铁集团有限公司,E100000126512,unknown,,Tangshan Jinma Iron & Steel Group Co Ltd [100.0%],E100000126512 [100.0%],unknown [100.0%],"Ciyutuo Industrial Zone, Luan County, Tangshan City, Hebei Province",河北省唐山市滦县茨榆坨工业区,Tangshan,Hebei,China,Asia Pacific,"39.7004990, 118.4567750",exact,https://www.gem.wiki/Tangshan_Jinma_Steel_Group_Co_Ltd,12.0,unknown,unknown,2009,unknown,unknown,2021,,,,,"semi-finished, finished rolled","galvanized, billet, tube, strip",unknown,3600,expired,expired,no,BF; BOF,unknown,unknown,unknown,,39.700499,118.456775,CHN,0.00798781064734575,49785,1872854078.2187674,39.70833333,118.45833333,156,1
P100000120127,Tangshan Medium Thick Plate Co Ltd,唐山中厚板材有限公司,,,Tangshan Heavy Plate Co Ltd,唐山中厚板材有限公司,E100000123209,unknown,,HBIS Co Ltd [51.0%]; Cambodia Rongfeng Investment Co Ltd [25.1%]; Hebei Wenfeng Industrial Group Co Ltd [23.9%],E100000123542 [51.0%]; E100000125872 [25.1%]; E100000123543 [23.9%],unknown [51.0%]; unknown [25.1%]; unknown [23.9%],"Tongjiapu, Wangtan Town, Leting County, Tangshan City, Hebei Province",河北省唐山市乐亭县王滩镇佟家铺,Tangshan,Hebei,China,Asia Pacific,"39.2684520, 119.0248190",exact,https://www.gem.wiki/Tangshan_Medium_Thick_Plate_Co_Ltd,20.0,unknown,unknown,2006,unknown,unknown,unknown,,,,,finished rolled,structural,"building and infrastructure, tools and machinery, transport",2597,2024-05-16 00:00:00,2024-05-16 00:00:00,no,BF; BOF,unknown,unknown,unknown,,39.268452,119.024819,CHN,0.028683878531985237,52604,658638310.9064554,39.29166667,119.04166667,156,1
P100000120109,Tangshan Ruifeng Iron and Steel Group Co Ltd,唐山瑞丰钢铁(集团)有限公司,,,Tangshan RUIFENG Steel and Iron (GROUP) Co Ltd,唐山瑞丰钢铁（集团）有限公司,E100000123207,unknown,,Tangshan RUIFENG Steel and Iron (GROUP) Co Ltd [100.0%],E100000123207 [100.0%],unknown [100.0%],"Guzhuang, Xiaoji Town, Fengnan District, Tangshan City, Hebei Province",河北省唐山市丰南区小集镇古庄,Tangshan,Hebei,China,Asia Pacific,"39.4974720, 118.2720560",exact,https://www.gem.wiki/Tangshan_Ruifeng_Iron_and_Steel_Group_Co_Ltd,24.0,unknown,unknown,2002,unknown,unknown,unknown,,9300.0,,,finished rolled,strip,"automotive, building and infrastructure, tools and machinery, transport",5926,2024-04-24 00:00:00,2025-04-02 00:00:00,no,BF; BOF,145MW Supercritical Gas Power Generation,unknown,unknown,9300.0,39.497472,118.272056,CHN,0.04377686452017158,51477,438464931.03294915,39.45833333,118.29166667,156,1
P100001063916,Tangshan Shoutang Baosheng Functional Materials Co Ltd,唐山首唐宝生功能材料有限公司,,,Tangshan Shoutang Baosheng Functional Materials Co Ltd,,E100002020833,unknown,,Tangshan Shoutang Baosheng Functional Materials Co Ltd [100.0%],E100002020833 [100.0%],unknown [100.0%],unknown,唐山市古冶区京华东道7号,Tangshan,Hebei,China,Asia Pacific,"39.7517930, 118.4900040",exact,https://www.gem.wiki/Tangshan_Shoutang_Baosheng_Functional_Materials_Co_Ltd,19.19,unknown,unknown,2006-12-13 00:00:00,unknown,unknown,unknown,,,,,"semi-finished, finished rolled","Carbon Structural Steel, Low-Alloy High-Strength Steel, Alloy Tool Steel",unknown,1525,2023-12-28 00:00:00,2023-12-28 00:00:00,no,EAF,unknown,unknown,unknown,,39.751793,118.490004,CHN,0.05092092789332786,49216,1356006637.3997142,39.79166667,118.45833333,156,1
P100000120112,Tangshan Songting Iron and Steel Co Ltd,河北钢铁集团松汀钢铁有限公司,"Hebei Iron and Steel Group Songting Iron and Steel Co., Ltd., Tangshan Iron and Steel Plant (predecessor), Tangshan Great Wall Iron and Steel Group Songting Iron and Steel Co., Ltd.","唐山长城钢铁集团松汀钢铁有限公司, 唐山松汀钢铁有限公司, 唐山市钢铁厂(前身)",Tangshan Songting IRON&STEEL Co Ltd,唐山松汀钢铁有限公司,E100000126987,unknown,,Tangshan Songting IRON&STEEL Co Ltd [100.0%],E100000126987 [100.0%],unknown [100.0%],"Northwest of Muchangkou Town, Qian'an City, Tangshan City, Hebei Province",河北省唐山市迁安市木厂口镇西北,Tangshan,Hebei,China,Asia Pacific,"39.9388660, 118.5766780",exact,https://www.gem.wiki/Tangshan_Songting_Iron_and_Steel_Co_Ltd,57.0,unknown,unknown,1969,unknown,unknown,unknown,,,,,"semi-finished, finished rolled","slab, strip, billet",unknown,4059,2023-05-06 00:00:00,2025-10-14 00:00:00,no,BF; BOF,Distributed Photovoltaic Power Generation,unknown,unknown,,39.938866,118.576678,CHN,0.04005958269500834,48059,1205952791.2560177,39.95833333,118.54166667,156,1
P100000121141,Tangshan Stainless Steel Co Ltd,唐山不锈钢有限责任公司(曹妃甸),,,Tangshan Stainless Steel Co Ltd,唐山不锈钢有限责任公司,E100000126554,unknown,Partial,HBIS Group Co Ltd [68.9%]; Metallurgical Corporation of China Ltd [23.9%]; unknown [7.2%],E100000124529 [68.9%]; E100000125333 [23.9%]; E100000132388 [7.2%],5000022648 [68.9%]; unknown [23.9%]; unknown [7.2%],"Caofeidian Small and Medium-sized Enterprise Park, Tangshan City, Hebei Province",河北省唐山市曹妃甸中小企业园区,Tangshan,Hebei,China,Asia Pacific,"39.1604010, 118.4298060",approximate,https://www.gem.wiki/Tangshan_Stainless_Steel_Co_Ltd,,2018,unknown,unknown,unknown,unknown,unknown,,,,,finished rolled,unknown,"automotive, energy, tools and machinery, transport",unknown,expired,expired,no,BF; BOF,unknown,unknown,unknown,,39.160401,118.429806,CHN,0.04546470452921782,53694,146526011.7107865,39.125,118.45833333,156,1
P100000120126,Tangshan Stainless Steel Co Ltd Guye District,唐山不锈钢有限责任公司,,,Tangshan Stainless Steel Co Ltd,唐山不锈钢有限责任公司,E100000126554,unknown,Partial,HBIS Group Co Ltd [68.9%]; Metallurgical Corporation of China Ltd [23.9%]; unknown [7.2%],E100000124529 [68.9%]; E100000125333 [23.9%]; E100000132388 [7.2%],5000022648 [68.9%]; unknown [23.9%]; unknown [7.2%],"Tangjiazhuang, Guye District, Tangshan City, Hebei Province",河北省唐山市古冶区唐家庄(即将迁往曹妃甸),Tangshan,Hebei,China,Asia Pacific,"39.7307950, 118.4676080",exact,https://www.gem.wiki/Tangshan_Stainless_Steel_Co_Ltd_Guye_District,23.0,unknown,unknown,2003,2018-12-26 00:00:00,2021,unknown,,,,,finished rolled,unknown,"automotive, energy, tools and machinery, transport",803,expired,expired,no,BF; BOF,unknown,unknown,unknown,,39.730795,118.467608,CHN,0.024301154762637566,49785,1872854078.2187674,39.70833333,118.45833333,156,1
P100000120148,Tangshan Wenfeng Special Steel Co Ltd,唐山文丰特钢有限公司,"Tangshan Wenfeng Shanchuan Wheel Co., Ltd.",唐山文丰山川轮毂有限公司,Tangshan Wenfeng Special Steel Co Ltd,唐山文丰特钢有限公司,E100000123208,unknown,,Cambodia Rongfeng Investment Co Ltd [62.5%]; Hebei Wenfeng Industrial Group Co Ltd [36.4%]; unknown [1.2%],E100000125872 [62.5%]; E100000123543 [36.4%]; E100000132388 [1.2%],unknown [62.5%]; unknown [36.4%]; unknown [1.2%],"Caofeidian Equipment Manufacturing Park, Tangshan City, Hebei Province",河北省唐山市曹妃甸装备制造园区,Tangshan,Hebei,China,Asia Pacific,"39.1465410, 118.4322610",exact,https://www.gem.wiki/Tangshan_Wenfeng_Special_Steel_Co_Ltd,18.47,unknown,unknown,2007-09-01 00:00:00,unknown,unknown,unknown,,,,,"semi-finished, finished rolled","billet, plate",unknown,4072,2024-04-29 00:00:00,2024-04-29 00:00:00,no,BF; BOF; EAF,waste heat power generation,unknown,unknown,,39.146541,118.432261,CHN,0.03381983253401965,53694,146526011.7107865,39.125,118.45833333,156,1
P100000120139,Tangshan Xinbaotai Iron and Steel Co Ltd,唐山新宝泰钢铁有限公司,,,Tangshan Xinbaotai Iron & Steel Co Ltd,唐山新宝泰钢铁有限公司,E100000126838,unknown,,Beijing Jianlong Investment Co Ltd [43.3%]; Guotao Co Ltd (Hong Kong) [38.9%]; Yushan (Beijing) Metallurgical Investment Co Ltd [12.1%]; unknown [5.7%],E100000000155 [43.3%]; E100000125875 [38.9%]; E100000123550 [12.1%]; E100000132388 [5.7%],unknown [43.3%]; unknown [38.9%]; unknown [12.1%]; unknown [5.7%],"Shahepu Village, Qishuzhuang Town, Fengrun District, Tangshan City, Hebei Province",河北省唐山市丰润区七树庄镇沙河铺村,Tangshan,Hebei,China,Asia Pacific,"39.8614250, 118.0366700",exact,https://www.gem.wiki/Tangshan_Xinbaotai_Iron_and_Steel_Co_Ltd,19.0,unknown,unknown,2002,unknown,unknown,2021,,,,,finished rolled,strip,unknown,28,yes,yes,no,BF; BOF,unknown,unknown,unknown,,39.861425,118.03667,CHN,0.01446538406296051,48633,597616844.3023248,39.875,118.04166667,156,1
P100000120140,Tangshan Xinglong Iron and Steel Co Ltd,滦县兴隆钢铁有限公司,"Luan County Xinglong Iron and Steel Co., Ltd., Luan County Hongting Iron and Steel Co., Ltd.","河北省中首特钢有限公司, 唐山兴隆钢铁有限公司, 滦县宏廷钢铁有限公司",Tangshan Xinglong Steel Co Ltd,唐山兴隆钢铁有限公司,E100000126949,unknown,,Tangshan Xinglong Steel Co Ltd [100.0%],E100000126949 [100.0%],unknown [100.0%],"800 meters north of traffic post, Zhenzi Town, Luan County, Tangshan City, Hebei Province",河北省唐山市滦县榛子镇交通岗北800米,Tangshan,Hebei,China,Asia Pacific,"39.8476120, 118.3484480",exact,https://www.gem.wiki/Tangshan_Xinglong_Iron_and_Steel_Co_Ltd,25.0,unknown,unknown,2001,unknown,unknown,unknown,,,,,finished rolled,strip,unknown,9,expired,expired,no,EAF; BOF; BF,unknown,unknown,unknown,,39.847612,118.348448,CHN,0.03814592046339759,48637,178134743.02966222,39.875,118.375,156,1
P100000120341,Tangshan Yutian Jinzhou Industrial Co Ltd,唐山市玉田金州实业有限公司,,,Tangshan Yutian Jinzhou Industry Co Ltd,唐山市玉田金州实业有限公司,E100000126923,unknown,,British Asia Pan Ruogen International Co Ltd [60.0%]; Tangshan Fengrun Jinruicheng Iron and Steel Co Ltd [40.0%],E100000130417 [60.0%]; E100000127556 [40.0%],unknown [60.0%]; unknown [40.0%],"Wanglezhuang Village, Guojiatun Town, Yutian County, Tangshan City, Hebei Province",河北省唐山市玉田县郭家屯镇王乐庄村北,Tangshan,Hebei,China,Asia Pacific,"39.9673730, 117.8576590",exact,https://www.gem.wiki/Tangshan_Yutian_Jinzhou_Industrial_Co_Ltd,15.0,unknown,unknown,2011,unknown,unknown,unknown,,,,,"semi-finished, finished rolled","wire rod, billet, bar, hot rolled",unknown,1150,2024-10-29 00:00:00,2024-10-29 00:00:00,no,EAF,unknown,unknown,unknown,,39.967373,117.857659,CHN,0.01955571309640644,48051,74159309.89730716,39.95833333,117.875,156,1
P100000120342,Tangshan Zhengfeng Steel Co Ltd,唐山正丰钢铁有限公司,,,Tangshan Zhengfeng Steel Co Ltd,唐山正丰钢铁有限公司,E100000127360,5000546229,,Tangshan Zhengfeng Steel Co Ltd [100.0%],E100000127360 [100.0%],5000546229 [100.0%],"264 Linyin Road, Fengrun District, Tangshan City, Hebei Province",河北省唐山市丰润区林荫路264号,Tangshan,Hebei,China,Asia Pacific,"39.8527100, 118.1812790",exact,https://www.gem.wiki/Tangshan_Zhengfeng_Steel_Co_Ltd,22.0,unknown,unknown,2004,unknown,unknown,unknown,,,,,finished rolled,angle,"energy, transport",2029,2025-02-06 00:00:00,2025-02-06 00:00:00,no,EAF,30 MW Rooftop Photovoltaic Power Generation,unknown,unknown,,39.85271,118.181279,CHN,0.035053970841386,48635,2256673828.2882605,39.875,118.20833333,156,1
P100000120281,Tianjin Iron and Steel Group Co Ltd,天津钢铁集团有限公司,"Tianjin Iron and Steel Co., Ltd.",天津钢铁有限公司,Tianjin Iron and Steel Group Co Ltd,天津钢铁集团有限公司,E100000126395,unknown,,British Asia Pan Ruogen International Co Ltd [59.2%]; unknown [40.8%],E100000130417 [59.2%]; E100000132388 [40.8%],unknown [59.2%]; unknown [40.8%],No. 398 Jintang Road,天津市东丽区津塘公路398号,unknown,Tianjin,China,Asia Pacific,"39.0310830, 117.4992460",exact,https://www.gem.wiki/Tianjin_Iron_and_Steel_Group_Co_Ltd,91.0,unknown,unknown,1935,unknown,unknown,unknown,,7660.0,1200.0,,"semi-finished, finished rolled","cold rolled, plate, hot rolled",unknown,6581,2024-09-25 00:00:00,2023-10-10 00:00:00,no,BF; BOF; EAF,unknown,unknown,unknown,8860.0,39.031083,117.499246,CHN,0.04225944435504903,54224,7120436820.791538,39.04166667,117.45833333,156,1
P100000120280,Tianjin Iron Plant,天津铁厂有限公司,,,Tianjin Iron PLANT Co Ltd,天津铁厂有限公司,E100000127064,unknown,,British Asia Pan Ruogen International Co Ltd [59.2%]; unknown [40.8%],E100000130417 [59.2%]; E100000132388 [40.8%],unknown [59.2%]; unknown [40.8%],Chixi,河北省邯郸市涉县更乐镇池溪村,Gengle,Hebei,China,Asia Pacific,"36.5896700, 113.7457920",exact,https://www.gem.wiki/Tianjin_Iron_Plant,57.0,unknown,unknown,1969,unknown,unknown,unknown,,7660.0,1200.0,1250.0,finished rolled,"rebar, sheet, coated, billet, coil, special, wire",unknown,7487,2023-03-28 00:00:00,2023-03-28 00:00:00,no,BF; BOF,unknown,unknown,unknown,10110.0,36.58967,113.745792,CHN,0.05149136683142583,69799,1279452525.6709294,36.625,113.70833333,156,1
P100000120287,Tianjin Metallurgy Group Zhasan Steel Co Ltd,天津冶金集团轧三钢铁有限公司,"Tianjin Metallurgical Group Rolling Sanyoufa Steel Co., Ltd.",天津冶金集团轧三友发钢铁有限公司,Tianjin Metallurgy Group Zhasan Steel Co Ltd,天津冶金集团轧三钢铁有限公司,E100000127340,unknown,,British Asia Pan Ruogen International Co Ltd [59.2%]; unknown [40.8%],E100000130417 [59.2%]; E100000132388 [40.8%],unknown [59.2%]; unknown [40.8%],No. 1 East Jinwang Branch Road,天津市静海区大邱庄镇津王支路东1号,Daqiuzhuang,Tianjin,China,Asia Pacific,"38.8252690, 117.0884900",approximate,https://www.gem.wiki/Tianjin_Metallurgy_Group_Zhasan_Steel_Co_Ltd,11.3,unknown,unknown,2009-05-31 00:00:00,unknown,unknown,2020-09-17 00:00:00,,,,,finished rolled,"structural, rounds, rebar",unknown,unknown,unknown,unknown,no,BF; BOF,unknown,unknown,unknown,,38.825269,117.08849,CHN,0.0496195191575801,55822,805190129.0529438,38.79166667,117.125,156,1
P100000120284,Tianjin New Tiangang United Special Steel Co Ltd,天津天钢联合特钢有限公司，天津天钢联合钢铁有限公司,"Tianjin Tiangang United Special Steel Co., Ltd.，Tianjin Tiangang United Steel Co., Ltd.",天津市新天钢联合特钢有限公司,Tianjin Tiangang UNITED SPECIAL Steel Co Ltd,天津市新天钢联合特钢有限公司,E100000126913,unknown,,British Asia Pan Ruogen International Co Ltd [59.2%]; unknown [40.8%],E100000130417 [59.2%]; E100000132388 [40.8%],unknown [59.2%]; unknown [40.8%],Wuwei Road,天津市宁河区经济开发区五纬路,Ninghe,Tianjin,China,Asia Pacific,"39.3002580, 117.8002310",exact,https://www.gem.wiki/Tianjin_New_Tiangang_United_Special_Steel_Co_Ltd,16.66,unknown,unknown,2009-06-24 00:00:00,unknown,unknown,unknown,,4947.0,,849.0,"semi-finished, finished rolled","billet, angle",unknown,5619,2025-06-30 00:00:00,2024-08-09 00:00:00,no,BF; BOF,unknown,unknown,unknown,5796.0,39.300258,117.800231,CHN,0.012130898545359457,52589,10311114379.091043,39.29166667,117.79166667,156,1
P100000120282,Tianjin Pipe Corporation,天津钢管制造有限公司,,,Tianjin Pipe Corp,天津钢管制造有限公司,E100000127231,unknown,Partial,Citic Pacific Special Steel Group Co Ltd [51.0%]; Tianjin Ngs Hongda General Co [12.0%]; The China Orient Asset Management Co Ltd [9.6%]; Far East Horizon [8.9%]; Tianjin Jincheng State-Owned Capital Investment and Operations Co Ltd [8.6%]; Tianjin Guoxing Capital Operation Co Ltd [3.2%]; unknown [2.4%]; Tianjin Dongjiang Free Trade Port Area Management Committee [2.4%]; Tianjin Teda Investment Holdings Co Ltd [1.6%]; Tianjin Jinzhi State-owned Capital Investment and Operation Co Ltd [0.0%]; Tianjin STATE-OWNED CAPITAL Investment and Management Co Ltd [0.0%]; Tianjin Guoheng Investment Holding Co Ltd [0.0%]; Tianjin Port (Group) Co Ltd [0.0%],E100000128047 [51.0%]; E100000129042 [12.0%]; E100000123243 [9.6%]; E100000126073 [8.9%]; E100000129043 [8.6%]; E100000129105 [3.2%]; E100000132388 [2.4%]; E100000130351 [2.4%]; E100000129106 [1.6%]; E100000129189 [0.0%]; E100000000282 [0.0%]; E100000129190 [0.0%]; E100000129188 [0.0%],unknown [51.0%]; unknown [12.0%]; unknown [9.6%]; 5000434294 [8.9%]; unknown [8.6%]; unknown [3.2%]; unknown [2.4%]; unknown [2.4%]; unknown [1.6%]; unknown [0.0%]; 5071567527 [0.0%]; unknown [0.0%]; unknown [0.0%],No. 396 Jintang Road,天津市东丽区津塘公路396号,unknown,Tianjin,China,Asia Pacific,"39.0340020, 117.4867980",exact,https://www.gem.wiki/Tianjin_Pipe_Corporation,15.2,unknown,unknown,2010-12-10 00:00:00,unknown,unknown,unknown,,1032.0,,,finished rolled,pipe,"building and infrastructure, tools and machinery",6450,2023-04-20 00:00:00,2023-04-20 00:00:00,no,BF; DRI; EAF,25.77 MW Distributed Photovoltaic Power Generation,unknown,unknown,1032.0,39.034002,117.486798,CHN,0.029478544815123516,54224,7120436820.791538,39.04166667,117.45833333,156,1
P100000120283,Tianjin Rockcheck Steel Group Co Ltd,天津荣程联合钢铁集团有限公司,,,Rockcheck Steel Group Co Ltd,天津荣程联合钢铁集团有限公司,E100000123193,unknown,,Tianjin Rongcheng Xiangtai Investment Holdings Co Ltd [77.8%]; natural person(s) [17.9%]; unknown [4.2%],E100000123712 [77.8%]; E100000123261 [17.9%]; E100000132388 [4.2%],unknown [77.8%]; unknown [17.9%]; unknown [4.2%],Yejin Industrial Park,天津市津南区葛沽镇冶金工业园区,Gegu,Tianjin,China,Asia Pacific,"38.9706380, 117.4957940",exact,https://www.gem.wiki/Tianjin_Rockcheck_Steel_Group_Co_Ltd,23.08,unknown,unknown,2003-01-20 00:00:00,unknown,unknown,unknown,,,,,finished rolled,"wire rod, strip, bar",unknown,2555,2025-07-06 00:00:00,2025-07-06 00:00:00,no,BF; BOF; EAF,unknown,unknown,unknown,,38.970638,117.495794,CHN,0.03942976921892757,54759,8170303829.634859,38.95833333,117.45833333,156,1
P100001023535,Tianjin Rongcheng Group Tangshan Fengrun Special Steel Co Ltd,天津荣程集团唐山丰润特种钢有限责任公司,,,Tianjin Rongcheng Group Tangshan Special Steel Co Ltd; Tangshan Zhengfeng Steel Co Ltd,唐山正丰钢铁有限公司,E100001012092; E100000127360,5000432843; 5000546229,,Tangshan Zhengfeng Steel Co Ltd [100.0%]; Tianjin Rongcheng Group Tangshan Special Steel Co Ltd [100.0%],E100000127360 [100.0%]; E100001012092 [100.0%],5000546229 [100.0%]; 5000432843 [100.0%],"Linyin Road, Fengrun District, Tangshan City, Hebei Province",河北省唐山市丰润区振丰道南侧、林荫路西侧,unknown,Hebei,China,Asia Pacific,"39.8527100, 118.1812790",approximate,https://www.gem.wiki/Tianjin_Rongcheng_Group_Tangshan_Fengrun_Special_Steel_Co_Ltd,2.2,unknown,unknown,2023-12-08 00:00:00,unknown,unknown,unknown,,,,,unknown,unknown,unknown,14,unknown,unknown,no,EAF,unknown,unknown,unknown,,39.85271,118.181279,CHN,0.035053970841386,48635,2256673828.2882605,39.875,118.20833333,156,1
P100000121081,Tianjin Rongcheng Group Tangshan Special Steel Co Ltd,天津荣程集团唐山特种钢有限公司,"Tangshan Rongcheng Steel Co., Ltd.",唐山市荣程钢铁有限公司,Tianjin Rongcheng Group Tangshan Special Steel Co Ltd,,E100001012092,5000432843,,Tianjin Rongcheng Group Tangshan Special Steel Co Ltd [100.0%],E100001012092 [100.0%],5000432843 [100.0%],"No. 121 Zhong Street, Langcheng Town, Luannan County, Tangshan City, Hebei Province",河北省唐山市滦南县倴城镇中大街121号,Tangshan,Hebei,China,Asia Pacific,"39.5515520, 118.1379930",exact,https://www.gem.wiki/Tianjin_Rongcheng_Group_Tangshan_Special_Steel_Co_Ltd,21.0,unknown,unknown,1999,2020-11-03 00:00:00,2020-11-17 00:00:00,2020,,,,,finished rolled,billet,unknown,unknown,unknown,unknown,no,BF; BOF,unknown,unknown,unknown,,39.551552,118.137993,CHN,0.016325985367162874,50911,9710283612.501226,39.54166667,118.125,156,1
P100000120285,Tianjin Tianfeng Steel Co Ltd,天津天丰钢铁股份有限公司,"Tianjin Tianfeng Steel Co., Ltd.",天津天丰钢铁有限公司,Tianjin Tianfeng Steel Co Ltd,天津天丰钢铁股份有限公司,E100000126387,unknown,,Tianjin Tianfeng Steel Co Ltd [100.0%],E100000126387 [100.0%],unknown [100.0%],unknown,天津市静海区大邱庄镇,Daqiuzhuang,Tianjin,China,Asia Pacific,"38.8326420, 117.1027650",exact,https://www.gem.wiki/Tianjin_Tianfeng_Steel_Co_Ltd,19.12,unknown,unknown,2001-07-31 00:00:00,unknown,unknown,2020-09-14 00:00:00,,,,,finished rolled,"strip, bar",unknown,unknown,expired,expired,no,BF; BOF,unknown,unknown,unknown,,38.832642,117.102765,CHN,0.046619447590129544,55822,805190129.0529438,38.79166667,117.125,156,1
P100000120288,Tianjin Tianzhong Giant Heavy Industry Co Ltd,天津市天重江天特钢有限公司,"Tianjin Tianzhong Jiangtian Special Steel Co., Ltd.",天津市天重江天重工有限公司,Tianjin Tianzhong Giant Heavy Industry Co Ltd,天津市天重江天重工有限公司,E100000127338,unknown,,Tianjin Jiangtian Industrial Development Co Ltd [100.0%],E100000127588 [100.0%],unknown [100.0%],No.609 Jinyu Road,天津市北辰区西堤头镇津榆公路609号,Xititou,Tianjin,China,Asia Pacific,"39.5014420, 118.7195540",exact,https://www.gem.wiki/Tianjin_Tianzhong_Giant_Heavy_Industry_Co_Ltd,20.51,unknown,unknown,2000-03-20 00:00:00,unknown,unknown,2020-09-22 00:00:00,,,,,finished rolled,"ingot, slab, castings, forged",unknown,unknown,expired,expired,no,BF; BOF,unknown,unknown,unknown,,39.501442,118.719554,CHN,0.04176035813852479,50918,1572778754.3996863,39.54166667,118.70833333,156,1
P100000120216,Tonghua Iron and Steel Co Ltd,通化钢铁股份有限公司,,,Tonghua Iron & Steel Co Ltd,通化钢铁股份有限公司,E100000126965,unknown,Partial,Beijing State-owned Capital Management Center [56.2%]; unknown [16.9%]; Industrial and Commercial Bank of China Ltd [8.3%]; China Construction Bank Corp [8.1%]; Bank of China Ltd [6.5%]; BANK of Jilin Co Ltd [0.9%]; Hana Bank Co Ltd [0.9%]; Changchun Financial Holding Group Co Ltd [0.6%]; Jilin Financial Holding Group Co Ltd [0.6%]; Jilin YATAI (GROUP) Co Ltd [0.5%]; Jilin PROVINCE Inestment Group Co Ltd [0.3%]; Changchun City Development Investment Holding (Group) Co Ltd [0.1%],E100000000158 [56.2%]; E100000132388 [16.9%]; E100000000220 [8.3%]; E100001000437 [8.1%]; E100000124428 [6.5%]; E100000128355 [0.9%]; E100000130509 [0.9%]; E100000128994 [0.6%]; E100000128732 [0.6%]; E100000128734 [0.5%]; E100000128735 [0.3%]; E100000128911 [0.1%],unknown [56.2%]; unknown [16.9%]; 4295863742 [8.3%]; 4295863663 [8.1%]; unknown [6.5%]; unknown [0.9%]; 4295882085 [0.9%]; unknown [0.6%]; unknown [0.6%]; unknown [0.5%]; unknown [0.3%]; unknown [0.1%],No. 255 Dongsheng Road,吉林省吉林省通化市东盛路255号,Tonghua,Jilin,China,Asia Pacific,"41.7791250, 126.0223490",exact,https://www.gem.wiki/Tonghua_Iron_and_Steel_Co_Ltd,19.53,unknown,unknown,2006-08-11 00:00:00,unknown,unknown,unknown,,7700.0,2127.0,1600.0,finished rolled,"pipe, profile, plate","automotive, building and infrastructure, energy, tools and machinery, transport",10973,2023-06-21 00:00:00,unknown,no,BF; BOF,Combined Cycle Power Plant (CCPP),unknown,unknown,11427.0,41.779125,126.022349,CHN,0.023031844490128035,35353,601217158.3271072,41.79166667,126.04166667,156,1
P100000120072,Tongling Fuxin Iron and Steel Co Ltd,铜陵市富鑫钢铁有限公司,,,Tongling Fuxin Iron & Steel Co Ltd,铜陵市富鑫钢铁有限公司,E100000127154,unknown,,Tongling Fuxin Iron & Steel Co Ltd [100.0%],E100000127154 [100.0%],unknown [100.0%],"Tongguan Boulevard, Tongguanshan District, Tongling, Anhui",安徽省铜陵市铜官山区铜官大道南段,Tongling,Anhui,China,Asia Pacific,"30.9075610, 117.7728660",exact,https://www.gem.wiki/Tongling_Fuxin_Iron_and_Steel_Co_Ltd,56.0,unknown,unknown,1970,unknown,unknown,unknown,,,,,finished rolled,"billet, pig iron",unknown,2200,2024-11-14 00:00:00,2023-03-06 00:00:00,no,BF; BOF,Anhui Energy Tongling Power Generation Co.40MW and a 30MW waste heat power generation system,unknown,unknown,,30.907561,117.772866,CHN,0.03759898819714629,104819,6386761084.181079,30.875,117.79166667,156,1
P100000120356,Tongling Xuanli Special Steel Co Ltd,铜陵市旋力特殊钢有限公司,,,Tongling City Xuanli Special Steel Co Ltd,铜陵市旋力特殊钢有限公司,E100000126276,unknown,,Ma'anshan Jiatong Enterprise Management Partnership (General Partnership) [96.0%]; unknown [4.0%],E100000128611 [96.0%]; E100000132388 [4.0%],unknown [96.0%]; unknown [4.0%],"Yi'an District, Tongling City, Anhui Province",安徽省铜陵市义安区东联乡,Tongling,Anhui,China,Asia Pacific,"31.0628070, 117.9560150",exact,https://www.gem.wiki/Tongling_Xuanli_Special_Steel_Co_Ltd,17.0,unknown,unknown,2009,unknown,unknown,unknown,,1757.0,,,finished rolled,bar,unknown,1289,2023-10-27 00:00:00,2024-08-05 00:00:00,no,BF; BOF,Self-owned power generation,unknown,unknown,1757.0,31.062807,117.956015,CHN,0.021267068592021605,103810,322755495.5135918,31.04166667,117.95833333,156,1
P100000121137,Tongshan Liguo Iron and Steel Co Ltd,铜山县利国钢铁有限公司,,,Tongshan Liguo Iron and Steel Co Ltd,,E100001012068,unknown,,Tongshan Liguo Iron and Steel Co Ltd [100.0%],E100001012068 [100.0%],unknown [100.0%],Shangye Street,江苏省徐州市铜山区商业路,unknown,Jiangsu,China,Asia Pacific,"34.5548600, 117.3270390",exact,https://www.gem.wiki/Tongshan_Liguo_Iron_and_Steel_Co_Ltd,19.58,unknown,unknown,2000,unknown,unknown,2019-08-01 00:00:00,,,,,finished rolled,"billet, bar",transport,unknown,unknown,unknown,no,BF; BOF,unknown,unknown,unknown,,34.55486,117.327039,CHN,0.037752691110937917,82665,261090607.59518936,34.54166667,117.29166667,156,1
P100000120244,Weifang Special Steel Group Co Ltd,"潍坊钢铁集团公司, 山东齐鲁钢铁集团总公司, 潍坊钢铁集团有限公司","Weifang Iron and Steel Group Company, Weifang Iron and Steel Group Co., Ltd., Shandong Qilu Iron and Steel Group Corporation",潍坊特钢集团有限公司,Weifang SPECIAL Steel Group Co Ltd,潍坊特钢集团有限公司,E100000127319,unknown,,Weiao (Shandong) Investment Co Ltd [100.0%],E100000128568 [100.0%],unknown [100.0%],Weigang East Road,山东省潍坊市奎文区潍钢东路,unknown,Shandong,China,Asia Pacific,"36.6444690, 119.2384270",exact,https://www.gem.wiki/Weifang_Special_Steel_Group_Co_Ltd,32.28,unknown,unknown,1993-11-09 00:00:00,2024-08-02 00:00:00,unknown,unknown,,,,,finished rolled,"wire, bar","automotive, energy, tools and machinery, transport",6089,2023-02-06 00:00:00,2023-02-06 00:00:00,no,BF; BOF,unknown,unknown,unknown,,36.644469,119.238427,CHN,0.03584230649761392,69865,3368126297.6347632,36.625,119.20833333,156,1
P100001064114,Weining Hengchang Furnace Charge & Casting Co Ltd,威宁县恒昌炉料铸造有限公司,,,Weining Hengchang Furnace Charge & Casting Co Ltd,,E100002020990,unknown,,Weining Hengchang Furnace Charge & Casting Co Ltd [100.0%],E100002020990 [100.0%],unknown [100.0%],unknown,贵州省毕节市威宁彝族回族苗族自治县金钟镇冒水村,Bijie,Guizhou,China,Asia Pacific,"26.783556, 104.394517",approximate,https://www.gem.wiki/Weining_Hengchang_Furnace_Charge_&_Casting_Co_Ltd,21.69,unknown,unknown,2004-06-11 00:00:00,unknown,unknown,unknown,,,,,semi-finished,Foundry Pig Iron,unknown,unknown,no,no,no,BF,unknown,unknown,unknown,,26.783556,104.394517,CHN,0.02113519001212553,123696,21953226.651415624,26.79166667,104.375,156,1
P100000120296,WISCO Group Kunming Steel Co Ltd Anning Branch,武钢集团昆明钢铁股份有限公司安宁分公司,,,WISCO Group Kunming Steel Co Ltd,武钢集团昆明钢铁股份有限公司安宁分公司,E100001012225,unknown,,WISCO Group Kunming Steel Co Ltd [100.0%],E100001012225 [100.0%],unknown [100.0%],Jixin Highway,云南省昆明市安宁市吉新公路,unknown,Yunnan,China,Asia Pacific,"24.9476870, 102.3673940",exact,https://www.gem.wiki/WISCO_Group_Kunming_Steel_Co_Ltd_Anning_Branch,9.71,unknown,unknown,2012-04-23 00:00:00,unknown,unknown,2022-01-06 00:00:00,,,,,finished rolled,"sheet, strip, coated, pipe, bar, hot rolled, wire, profile",unknown,unknown,unknown,unknown,no,BF; BOF,unknown,unknown,unknown,,24.947687,102.367394,CHN,0.013084172823256182,129251,401331048.2710037,24.95833333,102.375,156,1
P100000120297,WISCO Group Kunming Steel Co Ltd Honghe Iron and Steel Company,红河钢铁有限公司,,武钢集团昆钢红钢公司,Honghe Iron and Steel Co Ltd,红河钢铁有限公司,E100000126665,unknown,Partial,China Baowu Steel Group Co Ltd [48.4%]; Kunming Iron & Steel Holding Co Ltd [40.3%]; unknown [4.2%],E100001000472 [48.4%]; E100000128516 [40.3%]; E100000132388 [4.2%],5000039946 [48.4%]; 4298154973 [40.3%]; unknown [4.2%],unknown,云南省红河州蒙自县雨过铺镇,Yuguopu,Yunnan,China,Asia Pacific,"23.4707330, 103.2727840",exact,https://www.gem.wiki/WISCO_Group_Kunming_Steel_Co_Ltd_Honghe_Iron_and_Steel_Company,17.92,unknown,unknown,2004-01-30 00:00:00,unknown,unknown,2022,,3200.0,,,finished rolled,"sheet, strip, coated, pipe, bar, hot rolled, wire, profile",unknown,1859,expired,expired,no,BF; BOF,unknown,unknown,unknown,3200.0,23.470733,103.272784,CHN,0.022589976592234027,133562,1145833787.5269697,23.45833333,103.29166667,156,1
P100000120299,WISCO Group Kunming Steel Co Ltd New District Branch,武钢集团昆明钢铁股份有限公司新区分公司,,,WISCO Group Kunming Steel Co Ltd,武钢集团昆明钢铁股份有限公司安宁分公司,E100001012225,unknown,,WISCO Group Kunming Steel Co Ltd [100.0%],E100001012225 [100.0%],unknown [100.0%],unknown,云南省昆明市安宁市草铺镇,Caopu,Yunnan,China,Asia Pacific,"24.9532610, 102.3780820",exact,https://www.gem.wiki/WISCO_Group_Kunming_Steel_Co_Ltd_New_District_Branch,13.83,unknown,unknown,2012-04-23 00:00:00,unknown,unknown,unknown,,,,,finished rolled,"sheet, strip, coated, pipe, bar, hot rolled, wire, profile",unknown,2228,2023-12-08 00:00:00,2023-12-08 00:00:00,no,BF; BOF,unknown,unknown,unknown,,24.953261,102.378082,CHN,0.005935255312866586,129251,401331048.2710037,24.95833333,102.375,156,1
P100000120298,WISCO Group Kunming Steel Co Ltd Yuxi Xinxing Steel Company,武钢集团昆钢玉钢公司,,玉溪新兴钢铁有限公司,Yuxi Xinxing Iron & Steel Co Ltd,玉溪新兴钢铁有限公司,E100000126324,unknown,Partial,China Baowu Steel Group Co Ltd [48.4%]; Kunming Iron & Steel Holding Co Ltd [40.3%]; unknown [4.2%],E100001000472 [48.4%]; E100000128516 [40.3%]; E100000132388 [4.2%],5000039946 [48.4%]; 4298154973 [40.3%]; unknown [4.2%],unknown,云南省玉溪市红塔区研和镇,Yanhe,Yunnan,China,Asia Pacific,"24.2490240, 102.5217470",exact,https://www.gem.wiki/WISCO_Group_Kunming_Steel_Co_Ltd_Yuxi_Xinxing_Steel_Company,22.06,unknown,unknown,2004-01-27 00:00:00,unknown,2023-12-28 00:00:00,unknown,,,,,finished rolled,"sheet, strip, coated, pipe, bar, hot rolled, wire, profile",unknown,2019,unknown,unknown,no,BF; BOF,unknown,unknown,unknown,,24.249024,102.521747,CHN,0.04530478868682125,131505,204193710.09956524,24.20833333,102.54166667,156,1
P100000121069,WISCO Group Xiangyang Heavy Equipment Materials Co Ltd,武钢集团襄樊钢铁长材有限公司,,武钢集团襄阳重型装备材料有限公司,WISCO Group Xiangyang Heavy Equipment MATERIALS Co Ltd,武钢集团襄阳重型装备材料有限公司,E100000126651,unknown,,China Baowu Steel Group Co Ltd [100.0%],E100001000472 [100.0%],5000039946 [100.0%],"No. 18 Huaqiang Road, Xiaowan, Xiangzhou District, Xiangyang City, Hubei Province",湖北省襄阳市襄州区肖湾华强路18号,Xiangyang,Hubei,China,Asia Pacific,"32.1070400, 112.2356210",exact,https://www.gem.wiki/WISCO_Group_Xiangyang_Heavy_Equipment_Materials_Co_Ltd,27.0,unknown,unknown,1999,unknown,unknown,unknown,,,,,finished rolled,"bar, flat",unknown,393,2025-06-06 00:00:00,unknown,no,EAF,unknown,unknown,unknown,,32.10704,112.235621,CHN,0.032667698633796934,97107,6115679576.442959,32.125,112.20833333,156,1
P100000120134,Wu an Mingfang Iron and Steel Co Ltd,河北新武安钢铁集团明芳钢铁有限公司,"Hebei Xinwu'an Iron and Steel Group Mingfang Iron and Steel Co., Ltd.",武安市明芳钢铁有限公司,Wuan Mingfang Iron & Steel Co Ltd,武安市明芳钢铁有限公司,E100000127023,unknown,,Hebei Taihang Iron and Steel Group Co Ltd [100.0%],E100000123223 [100.0%],unknown [100.0%],"Wu'an Industrial Park, Handan City, Hebei Province",河北省邯郸市武安市北关街北侧,Handan,Hebei,China,Asia Pacific,"36.7107540, 114.2078550",exact,https://www.gem.wiki/Wu_an_Mingfang_Iron_and_Steel_Co_Ltd,37.0,unknown,unknown,1984,unknown,unknown,2021,,,,,finished rolled,"wire rod, rebar, bar, rounds, hot rolled","building and infrastructure, tools and machinery, transport",4500,expired,expired,no,BF; BOF,unknown,unknown,unknown,,36.710754,114.207855,CHN,0.0024674770186981702,69258,6917400988.421546,36.70833333,114.20833333,156,1
P100000120114,Wu an Yuhua Iron and Steel Co Ltd,武安市裕华钢铁有限公司,"Hebei Xinwu'an Iron and Steel Group Yuhua Iron and Steel Co., Ltd.",河北新武安钢铁集团裕华钢铁有限公司,Wuan Yuhua Steel Co Ltd,武安市裕华钢铁有限公司,E100000126416,unknown,,Jinan Iron & Steel Group Co Ltd [88.1%]; natural person(s) [11.9%],E100000126505 [88.1%]; E100000123261 [11.9%],unknown [88.1%]; unknown [11.9%],"North of Chongyi Fourth Street Village, Wu'an City, Handan City, Hebei Province",河北省邯郸市武安市崇义四街村北,Handan,Hebei,China,Asia Pacific,"36.7317520, 114.0983770",exact,https://www.gem.wiki/Wu_an_Yuhua_Iron_and_Steel_Co_Ltd,38.0,unknown,unknown,1988,2021-12-23 00:00:00,unknown,unknown,,,,,"semi-finished, finished rolled","wire rod, billet, coil, hot rolled",unknown,4957,unknown,unknown,no,BF; BOF,unknown,unknown,unknown,,36.731752,114.098377,CHN,0.03545727335214666,69257,2791499561.2492723,36.70833333,114.125,156,1
P100000121085,Wu'an Yongcheng Zhuye Co Ltd,武安市永诚铸业有限公司,"Wu'an Yongcheng Iron and Steel Co., Ltd.",武安市永诚钢铁有限责任公司,Wu'an Yongcheng Zhuye Co Ltd,武安市永诚铸业有限公司,E100001012138,unknown,,Wu'an Yongcheng Zhuye Co Ltd [100.0%],E100001012138 [100.0%],unknown [100.0%],"South of Shierzhuang Village, Shidong Township, Wu'an City, Handan City, Hebei Province",河北省邯郸市武安市石洞乡史二庄村南,Handan,Hebei,China,Asia Pacific,"36.6602780, 113.9939950",exact,https://www.gem.wiki/Wu'an_Yongcheng_Zhuye_Co_Ltd,19.0,unknown,unknown,2003,unknown,unknown,2022,,,,,finished rolled,"billet, cast iron",unknown,unknown,unknown,unknown,no,BF; BOF,unknown,unknown,unknown,,36.660278,113.993995,CHN,0.05016265534427469,69802,188809636.46592227,36.625,113.95833333,156,1
P100000120357,Wugang Zhongjia Iron and Steel Co Ltd,舞钢中加钢铁有限公司,,,Wugang Zhongjia Iron & Steel Co Ltd,舞钢中加钢铁有限公司,E100000126733,unknown,,Henan Wugang Huayu Materials Co Ltd [75.0%]; Hongxing (Hong Kong) Co Ltd [25.0%],E100000128126 [75.0%]; E100000130646 [25.0%],unknown [75.0%]; unknown [25.0%],"Ma'anshan Avenue, Wugang City, Henan Province",河南省舞钢市马鞍山大道,Wugang,Henan,China,Asia Pacific,"33.2917500, 113.4580110",exact,https://www.gem.wiki/Wugang_Zhongjia_Iron_and_Steel_Co_Ltd,24.0,unknown,unknown,2002,unknown,unknown,unknown,,,,,crude,pig iron,unknown,825,2025-04-24 00:00:00,2025-06-19 00:00:00,no,BF,unknown,unknown,unknown,,33.29175,113.458011,CHN,0.0003329271959488614,90087,642394331.888709,33.29166667,113.45833333,156,1
P100000120340,Wuhai Baogang Wanteng Iron and Steel Co Ltd,内蒙古黄河工贸集团万腾钢铁有限责任公司,"Inner Mongolia Huanghe Industry and Trade Group Wanteng Steel Co., Ltd.",乌海市包钢万腾钢铁有限责任公司,Wuhai Baogang Wanteng Iron and Steel Co Ltd,乌海市包钢万腾钢铁有限责任公司,E100000127162,unknown,,Beijing Jianlong Investment Co Ltd [59.2%]; Inner Mongolia Yellow River Energy Technology Group Co Ltd [32.8%]; unknown [8.1%],E100000000155 [59.2%]; E100000127439 [32.8%]; E100000132388 [8.1%],unknown [59.2%]; unknown [32.8%]; unknown [8.1%],Qianlishan Industrial Park,内蒙古自治区乌海市海勃湾区千里山工业园区,unknown,Inner Mongolia,China,Asia Pacific,"39.8559710, 106.8866470",exact,https://www.gem.wiki/Wuhai_Baogang_Wanteng_Iron_and_Steel_Co_Ltd,15.0,unknown,unknown,2011,unknown,unknown,unknown,,,,,unknown,unknown,tools and machinery,2543,2023-02-03 00:00:00,2023-02-03 00:00:00,no,BF; BOF,unknown,unknown,unknown,,39.855971,106.886647,CHN,0.022310433657821215,48499,111523145.34028804,39.875,106.875,156,1
P100000120171,Wuhan Iron and Steel Co Ltd,宝武集团武汉钢铁有限公司,,,Wuhan Iron and Steel Co Ltd,武汉钢铁有限公司,E100000123212,unknown,,Baoshan Iron & Steel Co Ltd [100.0%],E100000122571 [100.0%],4295864974 [100.0%],"Qinghua Road, Hongshan District, Wuhan City, Hubei Province",湖北省武汉市洪山区青化路,Wuhan,Hubei,China,Asia Pacific,"30.6162220, 114.4449750",exact,https://www.gem.wiki/Wuhan_Iron_and_Steel_Co_Ltd,67.44,unknown,1955,1958-09-13 00:00:00,unknown,unknown,unknown,,,,,finished rolled,"sheet, sections, plate, rod, coated, coil, wire",unknown,14187,2024-01-24 00:00:00,2025-07-01 00:00:00,no,BF; BOF,WISCO Qingshan power station,"The four iron ores and two auxiliary raw material mines under its jurisdiction are distributed in eastern Hubei, southern Hubei and Jiaozuo City in Henan Province.",unknown,,30.616222,114.444975,CHN,0.015984313072164278,106271,13274108766.720098,30.625,114.45833333,156,1
P100000120174,Wuhan Shunle Stainless Steel Co Ltd,武汉顺乐不锈钢有限公司,,,Wuhan Shunle Stainless Steel Co Ltd,武汉顺乐不锈钢有限公司,E100000126469,unknown,,natural person(s) [83.0%]; Hubei Jinshenglan Investment Group Co Ltd [17.0%],E100000123261 [83.0%]; E100000128040 [17.0%],unknown [83.0%]; unknown [17.0%],"Hejiahu Village, Zhifang Street, Jiangxia District, Wuhan City, Hubei Province",湖北省武汉市江夏区纸坊街何家湖村,Wuhan,Hubei,China,Asia Pacific,"30.3944340, 114.2577010",exact,https://www.gem.wiki/Wuhan_Shunle_Stainless_Steel_Co_Ltd,27.0,unknown,unknown,1994,unknown,unknown,2021,,,,,"semi-finished, finished rolled","bar, billet, coil, rolled, hot rolled, wire",unknown,unknown,expired,expired,no,EAF,State Grid Wuhan Power Supply Company,unknown,unknown,,30.394434,114.257701,CHN,0.039132430215218644,107723,11843724400.76606,30.375,114.29166667,156,1
P100000120073,Wuhu Fuxin Iron and Steel Co Ltd,芜湖市富鑫钢铁有限公司,,,Wuhu Fuxin Iron & Steel Co Ltd,芜湖市富鑫钢铁有限公司,E100000126149,unknown,,Wuhu Fuxin Iron & Steel Co Ltd [100.0%],E100000126149 [100.0%],unknown [100.0%],"Xindong Village, Xingang Town, Fanchang County, Wuhu City, Anhui Province",安徽省芜湖市繁昌县新港镇新东村,Wuhu,Anhui,China,Asia Pacific,"31.1945050, 118.0678330",exact,https://www.gem.wiki/Wuhu_Fuxin_Iron_and_Steel_Co_Ltd,23.0,unknown,unknown,2003,unknown,unknown,unknown,,,,,"semi-finished, finished rolled","rounds, rebar, plate",unknown,2886,2022-10-13 00:00:00,2021-12-29 00:00:00,no,BF; BOF,Coal Gas and Waste Heat Power Generation,unknown,unknown,,31.194505,118.067833,CHN,0.029595599947585535,102793,203072621.1319695,31.20833333,118.04166667,156,1
P100000120068,Wuhu Xinxing Ductile Iron Pipes Co Ltd,芜湖新兴铸管有限责任公司,Wuhu Iron and Steel Plant (predecessor),芜湖钢铁厂,Wuhu Xinxing Ductile Iron Pipes Co Ltd,芜湖新兴铸管有限责任公司,E100000126890,unknown,,Xinxing Ductile Iron Pipes Co Ltd [100.0%],E100000127965 [100.0%],unknown [100.0%],"No. 2 Chunzhou Road, Sanshan District Economic Development Zone, Wuhu, Anhui",安徽省芜湖市三山区经济开发区春洲路2号,Wuhu,Anhui,China,Asia Pacific,"31.2298930, 118.1508670",exact,https://www.gem.wiki/Wuhu_Xinxing_Ductile_Iron_Pipes_Co_Ltd,23.0,unknown,unknown,2003,unknown,unknown,unknown,,6280.0,1200.0,,finished rolled,"bearings, carbon steel, pipe","automotive, tools and machinery",4273,2024-06-15 00:00:00,2025-02-10 00:00:00,no,BF; BOF; EAF,State Grid Wuhu power company/ Distributed Photovoltaic Power Generation,unknown,unknown,7480.0,31.229893,118.150867,CHN,0.0336737443642559,102794,1042494789.8844099,31.20833333,118.125,156,1
P100000120354,Wulanhot Steel Co Ltd,乌兰浩特钢铁有限责任公司,,,Wulanhot Iron & Steel Co Ltd,乌兰浩特钢铁有限责任公司,E100000126441,unknown,,Jingye Group Co Ltd [100.0%],E100000124668 [100.0%],5071576433 [100.0%],"No. 29, Xinqiao West Street, Ulanhot City, Xing'an League, Inner Mongolia Autonomous Region",内蒙古自治区兴安盟乌兰浩特市新桥西街29号,Xing'an,Inner Mongolia,China,Asia Pacific,"46.0556850, 122.0632820",exact,https://www.gem.wiki/Wulanhot_Steel_Co_Ltd,26.64,unknown,unknown,1999-07-02 00:00:00,unknown,unknown,unknown,,,,,finished rolled,"cast iron, slag, bar","building and infrastructure, tools and machinery",2216,2024-02-29 00:00:00,2024-02-05 00:00:00,no,BF; BOF,unknown,unknown,unknown,,46.055685,122.063282,CHN,0.025763075650975808,13994,3362380016.537606,46.04166667,122.04166667,156,1
P100000120204,Wuxi Xinsanzhou Steel Co Ltd,无锡新三洲特钢有限公司,"Wuxi Xinsanzhou Steel Industry Co., Ltd.",无锡新三洲钢业有限公司,Wuxi Xinsanzhou Special Steel Co Ltd,无锡新三洲特钢有限公司,E100000126287,unknown,,Wuxi Xinsanzhou Special Steel Co Ltd [100.0%],E100000126287 [100.0%],unknown [100.0%],Qianzhou Street,江苏省无锡市惠山区前洲街道,unknown,Jiangsu,China,Asia Pacific,"31.6810050, 120.2517850",exact,https://www.gem.wiki/Wuxi_Xinsanzhou_Steel_Co_Ltd,39.84,unknown,unknown,1986,unknown,unknown,2025-11-03 00:00:00,,,,,finished rolled,"rebar, special","building and infrastructure, tools and machinery, transport",1103,expired,expired,no,BF; BOF,unknown,unknown,unknown,,31.681005,120.251785,CHN,0.0483465120001201,99764,11935089663.247892,31.70833333,120.29166667,156,1
P100000120161,Wuyang Iron and Steel Co Ltd,舞阳钢铁有限责任公司,,,Wuyang Iron and Steel Co Ltd,舞阳钢铁有限责任公司,E100000126121,unknown,Partial,HBIS Group Co Ltd [53.1%]; China Baowu Steel Group Co Ltd [27.7%]; China Huarong Asset Management Co Ltd [8.3%]; HBIS Co Ltd [8.1%]; unknown [2.8%],E100000124529 [53.1%]; E100001000472 [27.7%]; E100000123273 [8.3%]; E100000123542 [8.1%]; E100000132388 [2.8%],5000022648 [53.1%]; 5000039946 [27.7%]; unknown [8.3%]; unknown [8.1%]; unknown [2.8%],"West Section of Hubin Avenue, Wugang City, Henan Province",河南省舞钢市湖滨大道西段,Anyang,Henan,China,Asia Pacific,"33.2875360, 113.4743280",exact,https://www.gem.wiki/Wuyang_Iron_and_Steel_Co_Ltd,56.0,unknown,unknown,1970,unknown,unknown,unknown,,,,,finished rolled,plate,unknown,8582,expired,no,no,BF; BOF; EAF,Wugang power station,unknown,unknown,,33.287536,113.474328,CHN,0.016519440155697993,90087,642394331.888709,33.29166667,113.45833333,156,1
P100000120365,Wuzhou Yongda Iron and Steel Co Ltd,梧州市永达钢铁有限公司,,,Wuzhou Yongda Steel Works Co Ltd,梧州市永达钢铁有限公司,E100000126779,unknown,,Wuzhou Yongda Steel Works Co Ltd [100.0%],E100000126779 [100.0%],unknown [100.0%],"Pinglang Village, Changzhou District, Wuzhou City, Guangxi Zhuang Autonomous Region",广西壮族自治区梧州市长洲区平浪村,Wuzhou,Guangxi,China,Asia Pacific,"23.5244650, 111.2402000",exact,https://www.gem.wiki/Wuzhou_Yongda_Iron_and_Steel_Co_Ltd,17.0,unknown,unknown,2009,unknown,unknown,unknown,,,,,"semi-finished, finished rolled","billet, rebar",building and infrastructure,461,2024-01-07 00:00:00,no,no,EAF,State Grid,unknown,unknown,,23.524465,111.2402,CHN,0.03621301019906849,133441,607979569.3111423,23.54166667,111.20833333,156,1
P100000120366,Wuzhou Yongda Special Steel Co Ltd,梧州市永达特钢有限公司,,,Wuzhou Yongda Special Steel Co Ltd,梧州市永达特钢有限公司,E100000127406,unknown,,Wuzhou Yongda Steel Works Co Ltd [100.0%],E100000126779 [100.0%],unknown [100.0%],"Pinglang Village, Changzhou District, Wuzhou City, Guangxi Zhuang Autonomous Region",广西壮族自治区梧州市长洲区平浪村,Wuzhou,Guangxi,China,Asia Pacific,"23.5203070, 111.2299810",exact,https://www.gem.wiki/Wuzhou_Yongda_Special_Steel_Co_Ltd,15.0,unknown,unknown,2011,unknown,unknown,unknown,,,,,finished rolled,"bar, wire, flat",tools and machinery,449,2025-02-08 00:00:00,no,no,EAF,Southern Power Grid North Bay Power Supply Bureau in Guangxi,unknown,unknown,,23.520307,111.229981,CHN,0.030411463610579552,133441,607979569.3111423,23.54166667,111.20833333,156,1
P100000120263,Xiangfen County Xingyuan Steel Group Co Ltd,襄汾县星原钢铁集团有限公司,,,Xiangfen County Xingyuan Steel Group Co Ltd,襄汾县星原钢铁集团有限公司,E100000127121,unknown,,Xiangfen County Xingyuan Steel Group Co Ltd [100.0%],E100000127121 [100.0%],unknown [100.0%],Xiguo,山西省临汾市襄汾县景毛乡西郭村,Jingmao,Shanxi,China,Asia Pacific,"35.8803240, 111.3879560",exact,https://www.gem.wiki/Xiangfen_County_Xingyuan_Steel_Group_Co_Ltd,20.2,unknown,unknown,2002-10-21 00:00:00,unknown,2018,2023,,,,,finished rolled,"wire rod, wire, strip","building and infrastructure, energy, tools and machinery",unknown,expired,unknown,no,BF; BOF,unknown,unknown,unknown,,35.880324,111.387956,CHN,0.014007244982511225,74585,643103075.7903618,35.875,111.375,156,1
P100000120272,Xiangfen County Xinjinshan Special Steel Co Ltd,襄汾县新金山特钢有限公司,,,Xiangfen County XinJinShan Special Steel Co Ltd,襄汾县新金山特钢有限公司,E100000126666,unknown,,Fujian Huaya Group Co Ltd [64.1%]; natural person(s) [32.8%]; unknown [3.2%],E100000128135 [64.1%]; E100000123261 [32.8%]; E100000132388 [3.2%],unknown [64.1%]; unknown [32.8%]; unknown [3.2%],Nanliang,山西省临汾市襄汾县邓庄镇南梁村,Dengzhuang,Shanxi,China,Asia Pacific,"35.9348310, 111.4970700",exact,https://www.gem.wiki/Xiangfen_County_Xinjinshan_Special_Steel_Co_Ltd,23.06,unknown,unknown,2003-01-27 00:00:00,unknown,2024-10-24 00:00:00,unknown,,,,,finished rolled,bar,"building and infrastructure, tools and machinery",150,expired,expired,no,BF; BOF,unknown,unknown,unknown,,35.934831,111.49707,CHN,0.045308819429743734,74058,517374334.2584018,35.95833333,111.45833333,156,1
P100000120116,Xingtai Iron and Steel Co Ltd,邢台钢铁有限责任公司,,,Xingtai Iron and Steel Co Ltd,邢台钢铁有限责任公司,E100000127007,unknown,,Hebei Jianen Trading Co Ltd [48.1%]; Xing Steel Fine Wire Holdings Co Ltd [26.0%]; Xingtai Jinglin Trading Co Ltd [25.9%],E100000128173 [48.1%]; E100000130666 [26.0%]; E100000128174 [25.9%],unknown [48.1%]; unknown [26.0%]; unknown [25.9%],"No. 262 Gangtie Nan Road, Qiaoxi District, Xingtai City, Hebei Province",河北省邢台市桥西区钢铁南路262号,Xingtai,Hebei,China,Asia Pacific,"37.0416010, 114.4523520",exact,https://www.gem.wiki/Xingtai_Iron_and_Steel_Co_Ltd,68.0,unknown,unknown,1958,2021-11-11 00:00:00,unknown,unknown,,,,,finished rolled,"cord, spring steel, bearings, wire","automotive, energy, tools and machinery, transport",3207,2025-10-22 00:00:00,expired,no,BF; BOF,unknown,unknown,unknown,,37.041601,114.452352,CHN,0.005981690489967525,67020,22537446243.2497,37.04166667,114.45833333,156,1
P100000121135,Xingtai Iron and Steel Co Ltd Weixian,邢台钢铁有限责任公司(威县),,,Xingtai Iron and Steel Co Ltd,邢台钢铁有限责任公司,E100000127007,unknown,,Hebei Jianen Trading Co Ltd [48.1%]; Xing Steel Fine Wire Holdings Co Ltd [26.0%]; Xingtai Jinglin Trading Co Ltd [25.9%],E100000128173 [48.1%]; E100000130666 [26.0%]; E100000128174 [25.9%],unknown [48.1%]; unknown [26.0%]; unknown [25.9%],"Cheng dong Indstrial, Wei County, Xingtai, Xingtai, Hebei, China",河北省邢台市威县城东工业区,Xingtai,Hebei,China,Asia Pacific,"37.0320890, 115.3661120",approximate,https://www.gem.wiki/Xingtai_Iron_and_Steel_Co_Ltd_Weixian,,2021-12-01 00:00:00,2023-05-01 00:00:00,unknown,unknown,unknown,unknown,,,,,finished rolled,"cord, spring steel, bearings, wire","automotive, energy, tools and machinery, transport",unknown,2025-10-22 00:00:00,expired,no,EAF; Iron other/unspecified,self-owned power plant,unknown,unknown,,37.032089,115.366112,CHN,0.013066304245227749,67031,39957715.31269484,37.04166667,115.375,156,1
P100000120233,Xining Special Steel Co Ltd,西宁特殊钢股份有限公司,,,Xining Special Steel Co Ltd,西宁特殊钢股份有限公司,E100000126834,unknown,,Xining Special Steel Co Ltd [100.0%],E100000126834 [100.0%],unknown [100.0%],52 Qaidam West Road,青海省西宁市城北区柴达木西路52号,Xining,Qinghai,China,Asia Pacific,"36.6685600, 101.6714140",exact,https://www.gem.wiki/Xining_Special_Steel_Co_Ltd,28.37,unknown,unknown,1997-10-08 00:00:00,unknown,unknown,unknown,,,800.0,,finished rolled,"bearings, spring steel","automotive, energy, tools and machinery, transport",3757,2025-09-08 00:00:00,expired,no,BF; BOF; EAF,Self-owned Power generation,unknown,unknown,800.0,36.66856,101.671414,CHN,0.05426743689302335,69108,3718700727.8378444,36.70833333,101.70833333,156,1
P100000120155,Xinji Aosen Iron and Steel Group Co Ltd,辛集市澳森钢铁有限公司,"Xinji Aosen Iron & Steel Co., Ltd.","辛集市澳森特钢集团有限公司, 辛集市澳森钢铁集团有限公司",Xinji AOSEN Steel Group Co Ltd,辛集市澳森特钢集团有限公司,E100000123213,unknown,,Xinji AOSEN Steel Group Co Ltd [100.0%],E100000123213 [100.0%],unknown [100.0%],"East of Zhaoma Village, Nanzhiqiu Town, Xinji City, Shijiazhuang City, Hebei Province",河北省石家庄市辛集市南智邱镇赵马村村东,Shijiazhuang,Hebei,China,Asia Pacific,"37.7523510, 115.1847980",exact,https://www.gem.wiki/Xinji_Aosen_Iron_and_Steel_Group_Co_Ltd,24.0,unknown,unknown,2002,unknown,unknown,unknown,,,,,"semi-finished, finished rolled","wire rod, strip, billet, hot rolled, slab",unknown,6931,2024-06-12 00:00:00,2024-06-12 00:00:00,no,BF; BOF,unknown,unknown,unknown,,37.752351,115.184798,CHN,0.045821759740956175,62058,215529762.4241828,37.79166667,115.20833333,156,1
P100000120295,Xinjiang Daan Special Steel Co Ltd,新疆大安特种钢有限责任公司,,,Xinjiang Da'an Special Steel Co Ltd,新疆大安特种钢有限公司,E100001010586,unknown,,Xinjiang Da'an Special Steel Co Ltd [100.0%],E100001010586 [100.0%],unknown [100.0%],Erdaohu Industrial Park,新疆哈密市伊州区第十三师二道湖工业园区,unknown,Xinjiang,China,Asia Pacific,"42.7004650, 93.5424660",exact,https://www.gem.wiki/Xinjiang_Daan_Special_Steel_Co_Ltd,14.86,unknown,unknown,2011-04-11 00:00:00,unknown,unknown,unknown,,,,,finished rolled,"coil, rebar, wire",unknown,894,2023-06-06 00:00:00,2023-06-06 00:00:00,no,BF; BOF,unknown,unknown,unknown,,42.700465,93.542466,CHN,0.007908827058282681,29279,21656190.748155303,42.70833333,93.54166667,156,1
P100001023534,Xinjiang Ka Steel Group Co,新疆喀钢集团有限公司,,,Xinjiang Ka Steel Group Co,,E100002004335,unknown,,Xinjiang Ka Steel Group Co [100.0%],E100002004335 [100.0%],unknown [100.0%],Beiwei Street No. 3,新疆喀什地区疏勒县艾尔木东乡生态钢城产业园北纬路3号院,Aermudong,Xinjiang,China,Asia Pacific,"39.1429970, 76.1615890",approximate,https://www.gem.wiki/Xinjiang_Ka_Steel_Group_Co,4.25,unknown,unknown,2021-11-18 00:00:00,unknown,unknown,unknown,,,,,unknown,unknown,unknown,unknown,unknown,unknown,no,BF; BOF,unknown,unknown,unknown,,39.142997,76.161589,CHN,0.0407755678072116,53191,4239302.117930701,39.125,76.125,156,1
P100000120290,Xinjiang Kingtec Steel Co Ltd,新疆金特钢铁股份有限公司,"Xinjiang Kingtec Hegang Iron and Steel Co., Ltd.",新疆和钢钢铁股份有限公司,Xinjiang KingTec Steel Co Ltd,新疆和钢钢铁股份有限公司,E100000126623,unknown,,Shanghai Xuantong Technology Development Co Ltd [66.0%]; Shanghai Juhang Industrial Co Ltd [32.8%]; unknown [1.2%],E100000128679 [66.0%]; E100000128360 [32.8%]; E100000132388 [1.2%],unknown [66.0%]; unknown [32.8%]; unknown [1.2%],Tieerman,新疆巴音郭楞州和静县巴伦台镇铁尔曼区,Bailuntai,Xinjiang,China,Asia Pacific,"42.6741920, 86.2801560",exact,https://www.gem.wiki/Xinjiang_Kingtec_Steel_Co_Ltd,22.28,unknown,unknown,2003-11-10 00:00:00,unknown,unknown,unknown,,,,,finished rolled,"wire rod, round bar, rebar",unknown,77,2023-05-10 00:00:00,2024-03-25 00:00:00,no,BF; BOF,unknown,unknown,unknown,,42.674192,86.280156,CHN,0.03602951481796444,29192,93932.5409826021,42.70833333,86.29166667,156,1
P100000120292,Xinjiang Kunyu Iron and Steel Co Ltd,奎屯西姆莱斯特钢有限公司,"Kuitun Ximu Laisite Steel Co., Ltd.",新疆昆玉钢铁有限公司,Xinjiang Kunyu Lron & Steel Co Ltd,新疆昆玉钢铁有限公司,E100000126477,unknown,,Shiheng Special Steel Holding Group Co Ltd [54.7%]; Hong Kong Wing Tai Holdings [22.0%]; unknown [15.9%]; Trade Union Committee of Shiheng Special Steel Group [7.4%],E100000124166 [54.7%]; E100000126043 [22.0%]; E100000132388 [15.9%]; E100000126042 [7.4%],unknown [54.7%]; unknown [22.0%]; unknown [15.9%]; unknown [7.4%],No. 109 Nanhuan East Road,新疆伊犁州奎屯市南环东路109号,unknown,Xinjiang,China,Asia Pacific,"44.4041890, 84.9667530",exact,https://www.gem.wiki/Xinjiang_Kunyu_Iron_and_Steel_Co_Ltd,14.72,unknown,unknown,2010-04-15 00:00:00,unknown,unknown,2025,,2100.0,,,finished rolled,"rebar, wire",unknown,1460,2025-09-06 00:00:00,2023-11-03 00:00:00,no,BF; BOF,unknown,unknown,unknown,2100.0,44.404189,84.966753,CHN,0.030379081024760328,20780,499486217.0650745,44.375,84.95833333,156,1
P100000120410,Xinjiang Minxin Iron and Steel Group Minhang Special Steel Co Ltd,新疆闽新钢铁(集团)闽航特钢有限责任公司,,,Xinjiang Minxin Iron and Steel (Group) Minhang Special Steel Co Ltd,新疆闽新钢铁（集团）闽航特钢有限责任公司,E100000126368,unknown,,Xinjiang MINXIN Steei (GROUP) Co Ltd [100.0%],E100000128014 [100.0%],unknown [100.0%],Fukang Industrial Park,新疆昌吉州阜康市阜康产业园,unknown,Xinjiang,China,Asia Pacific,"44.0808660, 88.4172090",exact,https://www.gem.wiki/Xinjiang_Minxin_Iron_and_Steel_Group_Minhang_Special_Steel_Co_Ltd,14.79,unknown,unknown,2011-05-06 00:00:00,unknown,unknown,unknown,,,,,finished rolled,unknown,building and infrastructure,45,2023-04-17 00:00:00,unknown,no,EAF,State Grid Changji Power Supply Company,unknown,unknown,,44.080866,88.417209,CHN,0.05681371304885982,22474,1337515.1727294303,44.04166667,88.45833333,156,1
P100000120291,Xinjiang Tianshan Iron and Steel Bazhou Co Ltd,新疆天山钢铁巴州有限公司,"Xinxing Ductile Iron Pipes Xinjiang Co., Ltd.",新兴铸管新疆有限公司,Xinxing Ductile Iron Pipes Xinjiang Co Ltd,新疆天山钢铁巴州有限公司,E100000127246,unknown,Partial,China Baowu Steel Group Co Ltd [79.3%]; Xinjiang Investment Development (Group) Co Ltd [5.2%]; Industrial and Commercial Bank of China Ltd [5.0%]; Bank of China Ltd [3.8%]; Agricultural Bank of China Ltd [3.6%]; unknown [3.0%],E100001000472 [79.3%]; E100000123578 [5.2%]; E100000000220 [5.0%]; E100000124428 [3.8%]; E100000000151 [3.6%]; E100000132388 [3.0%],5000039946 [79.3%]; 5000064234 [5.2%]; 4295863742 [5.0%]; unknown [3.8%]; 5000014265 [3.6%]; unknown [3.0%],"West Zone, Xinxing Industrial Park, Jinquan Comprehensive Manufacturing and Processing Zone, Hejing Industrial Parkng Uygur Autonomous Region",新疆巴音郭楞州和静工业园区金泉综合制造加工区新兴产业园区西区,unknown,Xinjiang,China,Asia Pacific,"42.3333210, 86.3024810",exact,https://www.gem.wiki/Xinjiang_Tianshan_Iron_and_Steel_Bazhou_Co_Ltd,15.46,unknown,unknown,2010-09-06 00:00:00,unknown,unknown,unknown,,1438.0,,636.0,finished rolled,"sheet, strip, bar, pipe, wire, profile",unknown,1432,2024-05-10 00:00:00,2024-05-10 00:00:00,no,BF; BOF; EAF,unknown,unknown,unknown,2074.0,42.333321,86.302481,CHN,0.043035252306659666,31632,31013010.919899933,42.29166667,86.29166667,156,1
P100000120294,Xinjiang Xinan Special Steel Co Ltd,新疆新安特钢有限公司,,,Xinjiang Xin'an Special Steel Co Ltd,新疆新安特钢有限公司,E100000127096,unknown,,Xinjiang Xin'an Special Steel Co Ltd [100.0%],E100000127096 [100.0%],unknown [100.0%],"Industrial Park, No.6 Building 1-3",新疆昌吉州呼图壁县大丰镇工业园区6院1-3栋,Dafeng,Xinjiang,China,Asia Pacific,"44.2902990, 86.5958260",exact,https://www.gem.wiki/Xinjiang_Xinan_Special_Steel_Co_Ltd,14.3,unknown,unknown,2011-11-03 00:00:00,unknown,unknown,unknown,,,,,finished rolled,"cold rolled, wire rod, rounds, bar",unknown,101,2024-11-06 00:00:00,2025-01-22 00:00:00,no,EAF,Waste Heat Power Generation,unknown,unknown,,44.290299,86.595826,CHN,0.029206040423665116,21209,2447855.543441533,44.29166667,86.625,156,1
P100000120293,Xinjiang Yili Iron and Steel Co Ltd,新疆伊犁钢铁有限责任公司,,,Xinjiang Yili Iron and Steel Co Ltd,新疆伊犁钢铁有限公司,E100001010587,5000557347,,Xinjiang Yili Iron and Steel Co Ltd [100.0%],E100001010587 [100.0%],5000557347 [100.0%],unknown,新疆伊犁州新源县则克台镇,Zeketai,Xinjiang,China,Asia Pacific,"43.5268080, 83.2943230",exact,https://www.gem.wiki/Xinjiang_Yili_Iron_and_Steel_Co_Ltd,68.0,unknown,unknown,1958,unknown,unknown,unknown,,,,,finished rolled,"wire rod, round bar, bar",unknown,2375,2023-08-09 00:00:00,2023-08-09 00:00:00,no,BF; BOF,unknown,unknown,unknown,,43.526808,83.294323,CHN,0.01509424271825856,24885,36347068.67769812,43.54166667,83.29166667,156,1
P100000120214,Xinyu Iron and Steel Group Co Ltd,新余钢铁有限责任公司,"Xinyu Iron and Steel Co., Ltd., China Baowu Steel Group, Jiangxi Xinyu Iron and Steel General Plant, Xinyu Iron and Steel Plant","新余钢铁厂, 江西新余钢铁总厂, 新余钢铁集团有限公司",Xinyu Iron & Steel Corp Ltd,新余钢铁集团有限公司,E100000123215,4295865364,Partial,Xinyu Iron & Steel Corp Ltd [100.0%],E100000123215 [100.0%],4295865364 [100.0%],Yejin Road,江西省新余市渝水区冶金路,unknown,Jiangxi,China,Asia Pacific,"27.7868590, 114.9215950",exact,https://www.gem.wiki/Xinyu_Iron_and_Steel_Group_Co_Ltd,68.0,unknown,unknown,1958,unknown,unknown,unknown,,,,,finished rolled,plate,"building and infrastructure, energy, transport",25578,2025-08-12 00:00:00,2024-01-29 00:00:00,no,BF; BOF; EAF,unknown,unknown,unknown,,27.786859,114.921595,CHN,0.03705156652583309,120663,7022275672.93845,27.79166667,114.95833333,156,1
P100000120242,Xiwang Metal Science Technology Co Ltd,山东西王特钢有限公司,"Shandong Xiwang Special Steel Co., Ltd.",西王金属科技有限公司,Xiwang METAL Science Technology Co Ltd,西王金属科技有限公司,E100000126646,unknown,,Xiwang Special Steel Co Ltd [99.6%]; unknown [0.4%],E100000130659 [99.6%]; E100000132388 [0.4%],unknown [99.6%]; unknown [0.4%],unknown,山东省滨州市邹平县西王村,Xiwang,Shandong,China,Asia Pacific,"36.9282080, 117.6946540",exact,https://www.gem.wiki/Xiwang_Metal_Science_Technology_Co_Ltd,14.01,unknown,unknown,2007-12-29 00:00:00,unknown,unknown,2022,,,,,finished rolled,"ingot, wire, bar","automotive, building and infrastructure, tools and machinery, transport",1582,expired,expired,no,BF; BOF; EAF,Zouping Power,unknown,unknown,,36.928208,117.694654,CHN,0.033085640040025094,67627,1079457394.0062003,36.95833333,117.70833333,156,1
P100000120104,Xuanhua Iron and Steel Group Co Ltd,宣化钢铁集团有限责任公司,,,Xuanhua Iron and Steel Group Co Ltd,宣化钢铁集团有限公司,E100001012054,5000575826,,Xuanhua Iron and Steel Group Co Ltd [100.0%],E100001012054 [100.0%],5000575826 [100.0%],"No. 30 Pailou East Street, Xuanhua District, Zhangjiakou City, Hebei Province",河北省张家口市宣化区牌楼东街30号,Zhangjiakou,Hebei,China,Asia Pacific,"40.5895910, 115.0908890",exact,https://www.gem.wiki/Xuanhua_Iron_and_Steel_Group_Co_Ltd,102.0,unknown,unknown,1919,unknown,unknown,2021,,,,,"semi-finished, finished rolled","billet, round bar, sections, bar",unknown,13009,expired,expired,no,BF; BOF,unknown,unknown,unknown,,40.589591,115.090889,CHN,0.04916663098077607,43386,1534319950.0774214,40.625,115.125,156,1
P100000120200,Xuzhou Baofeng Special Steel Co Ltd,徐州宝丰特钢有限公司,,,Xuzhou Baofeng Special Steel Co Ltd,徐州宝丰特钢有限公司,E100000126676,unknown,,natural person(s) [89.6%]; Xuzhou Haijin Trading Co Ltd [10.0%]; unknown [0.5%],E100000123261 [89.6%]; E100000127988 [10.0%]; E100000132388 [0.5%],unknown [89.6%]; unknown [10.0%]; unknown [0.5%],South Side of Xukuang Power Plant,江苏省徐州市贾汪区青山泉镇徐矿电厂南侧((搬迁盐城市响水县)),Qingshanquan,Jiangsu,China,Asia Pacific,"34.3648720, 117.3226330",exact,https://www.gem.wiki/Xuzhou_Baofeng_Special_Steel_Co_Ltd,11.94,unknown,unknown,2008-01-23 00:00:00,unknown,unknown,2020,,,,,finished rolled,"structural, rebar, plate, hot rolled","building and infrastructure, tools and machinery, transport",unknown,expired,expired,no,BF; BOF,Xukuang Power Plant/Nanjing Mine Power Station,unknown,unknown,,34.364872,117.322633,CHN,0.0325805153069872,83648,1369908468.9113462,34.375,117.29166667,156,1
P100000120381,Xuzhou Jinhong Iron and Steel Group Co Ltd,徐州金虹钢铁集团有限公司,,,Xuzhou Jinhong Iron and Steel Group Co Ltd,徐州金虹钢铁集团有限公司,E100000126452,unknown,,Xuzhou Jinhong Iron and Steel Group Co Ltd [100.0%],E100000126452 [100.0%],unknown [100.0%],Xufeng Road,江苏省沛县敬安镇徐丰路北侧,Jingan,Jiangsu,China,Asia Pacific,"34.5001220, 116.9088970",exact,https://www.gem.wiki/Xuzhou_Jinhong_Iron_and_Steel_Group_Co_Ltd,25.58,unknown,unknown,2000-07-21 00:00:00,unknown,unknown,unknown,,,,,finished rolled,rebar,building and infrastructure,594,2024-07-15 00:00:00,2024-06-07 00:00:00,no,EAF,Gas-to-Power & Photovoltaic Power Generation,unknown,unknown,,34.500122,116.908897,CHN,0.053618711420628774,82660,62626478.12289046,34.54166667,116.875,156,1
P100000120208,Xuzhou Taifa Special Steel Group Co Ltd,徐州泰发特钢集团有限公司,"Xuzhou Taifa Steel Smelting Co., Ltd., Xuzhou Taifa Special Steel Technology Co., Ltd.","徐州泰发钢铁冶炼有限公司, 徐州泰发特钢科技有限公司",Xuzhou TaiFa Special Steel Technology Co Ltd,徐州泰发特钢集团有限公司,E100000126916,unknown,,Xuzhou TaiFa Special Steel Technology Co Ltd [100.0%],E100000126916 [100.0%],unknown [100.0%],unknown,江苏省徐州市铜山区柳泉镇工业聚集区内,Liuquan,Jiangsu,China,Asia Pacific,"34.4485140, 117.2718760",exact,https://www.gem.wiki/Xuzhou_Taifa_Special_Steel_Group_Co_Ltd,16.0,unknown,unknown,2004,unknown,unknown,2020,,,,,"semi-finished, finished rolled","billet, wire rod, rebar, hot rolled",unknown,unknown,expired,expired,no,BF; BOF,unknown,unknown,unknown,,34.448514,117.271876,CHN,0.022092755842073267,83156,279149401.67212856,34.45833333,117.29166667,156,1
P100000120310,Yancheng Lianxin Iron and Steel Co Ltd,江苏盐城联鑫钢铁公司,Jiangsu Yancheng Lianxin Iron and Steel Company,盐城市联鑫钢铁有限公司,Yancheng Lianxin Steel Co Ltd,盐城市联鑫钢铁有限公司,E100000126645,unknown,,Huachuang Jiangsu Investment Co Ltd [80.4%]; natural person(s) [19.6%],E100000128098 [80.4%]; E100000123261 [19.6%],unknown [80.4%]; unknown [19.6%],Lingang Industrial Zone,江苏省盐城市大丰区大丰港经济区临港工业区,unknown,Jiangsu,China,Asia Pacific,"33.2113320, 120.7748920",exact,https://www.gem.wiki/Yancheng_Lianxin_Iron_and_Steel_Co_Ltd,68.0,unknown,unknown,1958,unknown,unknown,unknown,,,,,finished rolled,"rebar, special","building and infrastructure, tools and machinery",3382,2025-07-25 00:00:00,2024-08-02 00:00:00,no,BF; BOF; EAF,Distributed Photovoltaic Power Generation,unknown,unknown,,33.211332,120.774892,CHN,0.06662618534732963,90669,47191425.791021824,33.20833333,120.70833333,156,1
P100000120088,Yangchun New Steel Co Ltd,阳春新钢铁有限责任公司,,,Yangchun New Iron & Steel Co Ltd,阳春新钢铁有限责任公司,E100000126210,unknown,Partial,Hunan Valin Steel Co Ltd [51.0%]; Hunan Valin Iron & Steel Group Co Ltd [24.7%]; unknown [14.1%]; Hunan Development Investment Group Co Ltd [3.6%]; Hunan Caixin Financial Holding Group Co Ltd [3.5%]; Hunan Xingxiang Investment Holding Group Co Ltd [3.1%],E100000124129 [51.0%]; E100000128133 [24.7%]; E100000132388 [14.1%]; E100000128566 [3.6%]; E100000125175 [3.5%]; E100000124815 [3.1%],unknown [51.0%]; unknown [24.7%]; unknown [14.1%]; unknown [3.6%]; unknown [3.5%]; unknown [3.1%],"Nanshan Industrial Zone, Tanshui Town, Yangchun City, Yangjiang City, Guangdong Province",广东省阳江市阳春市潭水镇南山工业区,Yangjiang,Guangdong,China,Asia Pacific,"22.0849040, 111.6421870",exact,https://www.gem.wiki/Yangchun_New_Steel_Co_Ltd,19.0,unknown,unknown,2007,unknown,unknown,unknown,,,,,finished rolled,"wire, bar",unknown,2792,2025-07-11 00:00:00,2024-07-11 00:00:00,no,BF; BOF,unknown,unknown,unknown,,22.084904,111.642187,CHN,0.043624330195432305,136241,126961940.125218,22.125,111.625,156,1
P100000121048,Yangzhou Hengrun Ocean Heavy Industry Co Ltd,扬州恒润海洋重工有限公司,,,Yangzhou Hengrun Ocean Heavy Industry Co Ltd,扬州恒润海洋重工有限公司,E100000123216,unknown,,Yangzhou Hengrun Ocean Heavy Industry Co Ltd [100.0%],E100000123216 [100.0%],unknown [100.0%],unknown,江苏省扬州市广陵区李典镇,Lidian,Jiangsu,China,Asia Pacific,"32.2496020, 119.6204380",exact,https://www.gem.wiki/Yangzhou_Hengrun_Ocean_Heavy_Industry_Co_Ltd,13.36,unknown,unknown,2012-10-10 00:00:00,unknown,unknown,unknown,,,,,"semi-finished, finished rolled","billet, cold rolled, hot rolled","building and infrastructure, energy, tools and machinery, transport",324,2024-04-22 00:00:00,2024-04-22 00:00:00,no,BF; BOF,unknown,unknown,unknown,,32.249602,119.620438,CHN,0.04152005500440767,96684,1835372768.9161925,32.20833333,119.625,156,1
P100000120203,Yangzhou Qinyou Special Metal Materials Co Ltd,扬州市秦邮钢铁有限公司,"Yangzhou Qinyou Iron and Steel Co., Ltd., Yangzhou Hongsheng Iron and Steel Co., Ltd.","扬州市秦邮特种金属材料有限公司, 扬州宏盛钢铁有限公司",Yangzhou Qinyou Special Metal Materials Co Ltd,扬州市秦邮特种金属材料有限公司,E100000126361,unknown,,Yangzhou Qinyou Special Metal Materials Co Ltd [100.0%],E100000126361 [100.0%],unknown [100.0%],North of Waihuan North Road,江苏省扬州市高邮经济开发区外环北路北侧,Gaoyou Economic Development Zone,Jiangsu,China,Asia Pacific,"32.8387030, 119.4252360",exact,https://www.gem.wiki/Yangzhou_Qinyou_Special_Metal_Materials_Co_Ltd,24.7,unknown,unknown,2001-06-07 00:00:00,unknown,unknown,unknown,,,,,finished rolled,"castings, cast iron, plate, bar, billet, hot rolled, profile","building and infrastructure, tools and machinery",2271,2025-09-15 00:00:00,2022-08-18 00:00:00,no,BF; BOF,unknown,unknown,unknown,,32.838703,119.425236,CHN,0.04912133408335918,92641,361408387.5824465,32.875,119.45833333,156,1
P100000120253,Yantai Walsin Stainless Steel Co Ltd,烟台金澄精密线材有限公司,"Yantai Jincheng Precision Wire Co., Ltd.",烟台华新不锈钢有限公司,Yantai Walsin Stainless Steel Co Ltd,烟台华新不锈钢有限公司,E100000126138,unknown,,Huaxin Special Steel Holdings Co Ltd [75.0%]; Walsin Lihwa Holdings Ltd [4.6%]; Concord Industries Ltd,E100000130629 [75.0%]; E100000130494 [4.6%]; E100001010247,unknown [75.0%]; unknown [4.6%]; 5035309135,No. 2 Wuzhishan Road,山东省烟台市开发区五指山路2号,Development Zone,Shandong,China,Asia Pacific,"37.5486270, 121.2774880",exact,https://www.gem.wiki/Yantai_Walsin_Stainless_Steel_Co_Ltd,18.92,unknown,unknown,2007-03-19 00:00:00,unknown,unknown,unknown,,,,,"semi-finished, finished rolled","ingot, sheet, seamless, bar, cold rolled, coil, billet, hot rolled","automotive, building and infrastructure, tools and machinery",419,2023-06-23 00:00:00,2023-06-23 00:00:00,no,EAF,unknown,unknown,unknown,,37.548627,121.277488,CHN,0.01579496364914038,63728,18963550948.945488,37.54166667,121.29166667,156,1
P100000121075,Yichang Fulong Iron and Steel Co Ltd,宜昌市福龙钢铁有限公司,,,Yichang Fulong Iron & Steel Co Ltd,宜昌市福龙钢铁有限公司,E100000126635,unknown,,Hubei Rongfu Real Estate Group Co Ltd [50.0%]; natural person(s) [50.0%],E100000127615 [50.0%]; E100000123261 [50.0%],unknown [50.0%]; unknown [50.0%],"No.59 Xiaoting Avenue, Xiaoting District, Yichang City, Hubei Province",湖北宜昌市猇亭区猇亭大道59号,Yichang,Hubei,China,Asia Pacific,"30.5863320, 111.3988460",exact,https://www.gem.wiki/Yichang_Fulong_Iron_and_Steel_Co_Ltd,,unknown,unknown,unknown,2023,unknown,2024-01-01 00:00:00,,,,,finished rolled,"wire rod, rebar, bar, pipe, hot rolled",unknown,91,unknown,unknown,no,EAF,State grid Yichang Power Supply Company,unknown,unknown,,30.586332,111.398846,CHN,0.045429571206433206,106234,3382709142.716387,30.625,111.375,156,1
P100000120230,Yingkou Iron and Steel Co Ltd,营口钢铁有限公司,"Yingkou Tiansheng Heavy Industry Equipment Co., Ltd.",营口天盛重工装备有限公司,Yingkou Iron & Steel Co Ltd,营口钢铁有限公司,E100000126664,unknown,,Liaoning Jiachen Holding Group Co Ltd [84.6%]; The China Orient Asset Management Co Ltd [14.3%]; unknown [1.2%],E100000128131 [84.6%]; E100000123243 [14.3%]; E100000132388 [1.2%],unknown [84.6%]; unknown [14.3%]; unknown [1.2%],No. 1 Jiachen Avenue,辽宁省营口市老边区嘉晨大道1号(营大路),Yingkou,Liaoning,China,Asia Pacific,"40.6646510, 122.4150570",exact,https://www.gem.wiki/Yingkou_Iron_and_Steel_Co_Ltd,15.23,unknown,unknown,2010-11-27 00:00:00,unknown,unknown,unknown,,,,,"semi-finished, finished rolled","rebar, sheet, rod, billet, coil, rounds",building and infrastructure,3189,expired,unknown,no,BF; BOF,unknown,unknown,unknown,,40.664651,122.415057,CHN,0.05636279845785067,43457,758099574.9849542,40.625,122.375,156,1
P100000120301,Yunnan Desheng Iron and Steel Co Ltd,云南德胜钒钛新材料有限公司,"Sichuan Desheng Group Chuxiong Steel Co., Ltd., Yunnan Chuxiong Desheng Steel Co., Ltd.","云南省楚雄德胜钢铁有限公司, 四川德胜集团楚雄钢铁有限公司, 云南德胜钢铁有限公司",Yunnan Desheng Steel Co Ltd,云南德胜钢铁有限公司,E100000126976,unknown,,Haojun Development Group Co Ltd [49.0%]; natural person(s) [29.5%]; Yunnan Desheng Logistics Co Ltd [21.5%],E100000128691 [49.0%]; E100000123261 [29.5%]; E100000127448 [21.5%],unknown [49.0%]; unknown [29.5%]; unknown [21.5%],unknown,云南省楚雄彝族自治州禄丰县金山镇,Jinshan,Yunnan,China,Asia Pacific,"25.1425160, 102.0777270",exact,https://www.gem.wiki/Yunnan_Desheng_Iron_and_Steel_Co_Ltd,25.47,unknown,unknown,2000-09-01 00:00:00,unknown,unknown,unknown,,,,,"semi-finished, finished rolled","billet, rounds, rebar",unknown,2552,expired,unknown,no,BF; BOF; EAF,unknown,unknown,unknown,,25.142516,102.077727,CHN,0.040089370856983685,128737,179784996.6136446,25.125,102.04166667,156,1
P100000120353,Yunnan Jingye Steel Co Ltd,云南永昌钢铁公司,"Yunnan Yongchang Steel Co., Ltd.",云南敬业钢铁有限公司,Yunnan Jingye Steel Co,云南敬业钢铁有限公司,E100000126603,unknown,,Jingye Group Co Ltd [100.0%],E100000124668 [100.0%],5071576433 [100.0%],36 Heng'an Road,云南省昆明市安宁市青龙街道恒安路36号,Kunming,Yunnan,China,Asia Pacific,"25.0238520, 102.3120860",exact,https://www.gem.wiki/Yunnan_Jingye_Steel_Co_Ltd,2.5,unknown,unknown,2020-04-09 00:00:00,unknown,unknown,2022-10-10 00:00:00,,,,,finished rolled,rebar,building and infrastructure,2,unknown,unknown,no,BF; BOF,unknown,unknown,unknown,,25.023852,102.312086,CHN,0.027098182685516444,128995,59127258.8221577,25.04166667,102.29166667,156,1
P100001063458,Yunnan Muguang Industry and Trade Co Ltd,云南穆光工贸有限公司,,,Yunnan Muguang Industry and Trade Co Ltd,云南穆光工贸有限公司,E100002020628,unknown,,Yunnan Muguang Industry and Trade Co Ltd [100.0%],E100002020628 [100.0%],unknown [100.0%],unknown,云南省玉溪市通海县五金产业园区,Hardware Industrial Zone,Yunnan,China,Asia Pacific,"24.077079, 102.771634",exact,https://www.gem.wiki/Yunnan_Muguang_Industry_and_Trade_Co_Ltd,12.3,unknown,unknown,2013-11-01 00:00:00,unknown,unknown,unknown,,,,,unknown,unknown,unknown,1500,no,no,no,BF; BOF,unknown,unknown,unknown,,24.077079,102.771634,CHN,0.040685881867761724,131984,106654789.90736285,24.04166667,102.79166667,156,1
P100001063508,Yunnan Qujing Iron & Steel Group Yue Steel Iron & Steel Co Ltd,云南曲靖钢铁集团越钢钢铁有限公司,,,Yunnan Qujing Iron & Steel Group Yue Steel Iron & Steel Co Ltd,云南曲靖钢铁集团越钢钢铁有限公司,E100002020649,unknown,,Yunnan Qujing Iron & Steel Group Yue Steel Iron & Steel Co Ltd [100.0%],E100002020649 [100.0%],unknown [100.0%],Yunnan Qilin Industrial Park,云南省曲靖市麒麟区越州镇云南麒麟产业园区,Yuezhou,Yunnan,China,Asia Pacific,"25.304544, 103.889418",exact,https://www.gem.wiki/Yunnan_Qujing_Iron_&_Steel_Group_Yue_Steel_Iron_&_Steel_Co_Ltd,56.0,unknown,unknown,1969-11-01 00:00:00,unknown,unknown,2025-11-01 00:00:00,,,,,unknown,unknown,unknown,unknown,no,no,no,BF; BOF,unknown,unknown,unknown,,25.304544,103.889418,CHN,0.019331434295701937,128247,135064897.5047968,25.29166667,103.875,156,1
P100000120302,Yunnan Qujing Iron and Steel Group Chenggang Iron and Steel Co Ltd,云南曲靖钢铁集团呈钢钢铁有限公司,,,Yunnan Qujing Iron and Steel Group Chenggang Iron and Steel Co Ltd,云南曲靖钢铁集团呈钢钢铁有限公司,E100000126929,unknown,,Yunan Qujing Shuangyou Steel Co Ltd [25.0%]; Yunnan Qujing Chenggang Iron and Steel (Group) Co Ltd [25.0%]; Fujian XINPENG Investment Co Ltd [16.6%]; Xuanwei Laibin Fenghuang Steel Co Ltd [16.0%]; Qujing Julida Steel Co Ltd [8.0%]; Qujing Wuyue New Energy Technology Co Ltd [5.5%]; Yunnan Tongyanbao Trading Co Ltd [1.7%]; unknown [1.0%]; Yunnan Qujing Yaochang Trade Co Ltd [0.9%]; Qujing Botong Trading Co Ltd [0.4%],E100000128309 [25.0%]; E100001000471 [25.0%]; E100000128963 [16.6%]; E100000128311 [16.0%]; E100000128312 [8.0%]; E100000128964 [5.5%]; E100000128965 [1.7%]; E100000132388 [1.0%]; E100000128938 [0.9%]; E100000128939 [0.4%],unknown [25.0%]; unknown [25.0%]; unknown [16.6%]; unknown [16.0%]; unknown [8.0%]; unknown [5.5%]; unknown [1.7%]; unknown [1.0%]; unknown [0.9%]; unknown [0.4%],Tongquan Street (Tianyuan Industrial Park),云南省曲靖市马龙区通泉街道(天源工业园区),unknown,Yunnan,China,Asia Pacific,"25.4554300, 103.5472420",exact,https://www.gem.wiki/Yunnan_Qujing_Iron_and_Steel_Group_Chenggang_Iron_and_Steel_Co_Ltd,12.5,unknown,unknown,2013-08-19 00:00:00,unknown,unknown,unknown,,,,,"semi-finished, finished rolled","billet, coil, rebar",unknown,88,2025-07-14 00:00:00,2023-11-01 00:00:00,no,BF; BOF,unknown,unknown,unknown,,25.45543,103.547242,CHN,0.006285986772001991,127734,240153183.6302977,25.45833333,103.54166667,156,1
P100000120303,Yunnan Qujing Iron and Steel Group Fenghuang Steel Co Ltd,云南曲靖钢铁集团凤凰钢铁有限公司,,,Yunnan Qujing Iron and Steel Group Co Ltd,云南曲靖钢铁集团有限公司,E100000127450,unknown,,Yunan Qujing Shuangyou Steel Co Ltd [25.0%]; Yunnan Qujing Chenggang Iron and Steel (Group) Co Ltd [25.0%]; Fujian XINPENG Investment Co Ltd [16.6%]; Xuanwei Laibin Fenghuang Steel Co Ltd [16.0%]; Qujing Julida Steel Co Ltd [8.0%]; Qujing Wuyue New Energy Technology Co Ltd [5.5%]; Yunnan Tongyanbao Trading Co Ltd [1.7%]; unknown [1.0%]; Yunnan Qujing Yaochang Trade Co Ltd [0.9%]; Qujing Botong Trading Co Ltd [0.4%],E100000128309 [25.0%]; E100001000471 [25.0%]; E100000128963 [16.6%]; E100000128311 [16.0%]; E100000128312 [8.0%]; E100000128964 [5.5%]; E100000128965 [1.7%]; E100000132388 [1.0%]; E100000128938 [0.9%]; E100000128939 [0.4%],unknown [25.0%]; unknown [25.0%]; unknown [16.6%]; unknown [16.0%]; unknown [8.0%]; unknown [5.5%]; unknown [1.7%]; unknown [1.0%]; unknown [0.9%]; unknown [0.4%],Phoenix Mountain Circular Economy Base,云南省曲靖市宣威市特色工业园区凤凰山循环经济基地,unknown,Yunnan,China,Asia Pacific,"26.2753420, 104.1683110",exact,https://www.gem.wiki/Yunnan_Qujing_Iron_and_Steel_Group_Fenghuang_Steel_Co_Ltd,12.55,unknown,unknown,2013-08-01 00:00:00,unknown,unknown,unknown,,,,,finished rolled,"coil, rebar",unknown,565,2025-07-14 00:00:00,no,no,EAF,Southern Power Grid Qujing Power Supply Bureau in Yunnan,unknown,unknown,,26.275342,104.168311,CHN,0.04322362489701489,125210,54580293.24053438,26.29166667,104.20833333,156,1
P100000120407,Yunnan Qujing Iron and Steel Group Yanggang Iron and Steel Co Ltd,云南曲靖钢铁集团扬钢钢铁有限责任公司,,,Yunnan Qujing Iron and Steel Group Yanggang Iron and Steel Co Ltd,云南曲靖钢铁集团扬钢钢铁有限责任公司,E100000126775,unknown,,Yunan Qujing Shuangyou Steel Co Ltd [25.0%]; Yunnan Qujing Chenggang Iron and Steel (Group) Co Ltd [25.0%]; Fujian XINPENG Investment Co Ltd [16.6%]; Xuanwei Laibin Fenghuang Steel Co Ltd [16.0%]; Qujing Julida Steel Co Ltd [8.0%]; Qujing Wuyue New Energy Technology Co Ltd [5.5%]; Yunnan Tongyanbao Trading Co Ltd [1.7%]; unknown [1.0%]; Yunnan Qujing Yaochang Trade Co Ltd [0.9%]; Qujing Botong Trading Co Ltd [0.4%],E100000128309 [25.0%]; E100001000471 [25.0%]; E100000128963 [16.6%]; E100000128311 [16.0%]; E100000128312 [8.0%]; E100000128964 [5.5%]; E100000128965 [1.7%]; E100000132388 [1.0%]; E100000128938 [0.9%]; E100000128939 [0.4%],unknown [25.0%]; unknown [25.0%]; unknown [16.6%]; unknown [16.0%]; unknown [8.0%]; unknown [5.5%]; unknown [1.7%]; unknown [1.0%]; unknown [0.9%]; unknown [0.4%],Yuezhou Industrial Park,云南省曲靖市麒麟区越州镇越州工业园区,Yuezhou,Yunnan,China,Asia Pacific,"25.3087770, 103.8763910",exact,https://www.gem.wiki/Yunnan_Qujing_Iron_and_Steel_Group_Yanggang_Iron_and_Steel_Co_Ltd,4.89,2017-12-01 00:00:00,2021-05-19 00:00:00,2021-04-01 00:00:00,unknown,unknown,unknown,,,,,unknown,unknown,unknown,unknown,unknown,unknown,no,BF; BOF,unknown,unknown,unknown,,25.308777,103.876391,CHN,0.01716677819827638,128247,135064897.5047968,25.29166667,103.875,156,1
P100001061536,Yunnan Qujing Shuangyou Iron and Steel Co Ltd,云南曲靖钢铁集团双友钢铁有限公司,,,Yunnan Qujing Shuangyou Iron and Steel Co Ltd,云南曲靖钢铁集团双友钢铁有限公司,E100002019324,unknown,,Yunnan Qujing Shuangyou Iron and Steel Co Ltd [100.0%],E100002019324 [100.0%],unknown [100.0%],Jianning Street,云南省曲靖市麒麟区建宁街道,unknown,Yunnan,China,Asia Pacific,"25.5421800, 103.7810410",exact,https://www.gem.wiki/Yunnan_Qujing_Shuangyou_Iron_and_Steel_Co_Ltd,14.0,2003-08-01 00:00:00,unknown,2012,unknown,unknown,unknown,,,,,unknown,"Hot-rolled ribbed steel bars, steel strand base material, and free-cutting steel",building and infrastructure,2500,expired,expired,no,BF; BOF,unknown,unknown,unknown,,25.54218,103.781041,CHN,0.010638062353535654,127480,7472321818.171346,25.54166667,103.79166667,156,1
P100000120352,Yunnan Tiangao Nickel Alloy Co Ltd,云南天高镍业有限公司,,,YunNan Province Tiangao Nickel Alloy Co Ltd,云南天高镍业有限公司,E100000126347,unknown,,Sichuan Jinguang Industry (Group) Co Ltd [63.9%]; unknown [29.8%]; Sichuan Shiting Ecology Agriculture Technology Co Ltd [6.2%],E100000127446 [63.9%]; E100000132388 [29.8%]; E100000127447 [6.2%],unknown [63.9%]; unknown [29.8%]; unknown [6.2%],Datong Industrial Park,云南省曲靖市师宗县大同街道大同工业园区,Qujing,Yunnan,China,Asia Pacific,"24.8012800, 104.0634550",exact,https://www.gem.wiki/Yunnan_Tiangao_Nickel_Alloy_Co_Ltd,16.16,unknown,unknown,2009-12-23 00:00:00,unknown,unknown,unknown,,,,,unknown,unknown,unknown,456,2025-04-02 00:00:00,2025-02-19 00:00:00,no,EAF; BF; BOF,unknown,unknown,unknown,,24.80128,104.063455,CHN,0.023814857502786745,129781,229330969.90024498,24.79166667,104.04166667,156,1
P100000120300,Yunnan Yuxi Iron and Steel Group Yukun Iron and Steel Co Ltd,云南玉溪钢铁集团玉昆钢铁有限公司,,云南玉溪玉昆钢铁集团有限公司,Yunnan Yuxi Iron and Steel Group Yukun Iron and Steel Co Ltd,云南玉溪钢铁集团玉昆钢铁有限公司,E100001000458,unknown,,Yunnan Yuxi Iron and Steel Group Yukun Iron and Steel Co Ltd [100.0%],E100001000458 [100.0%],unknown [100.0%],Meiyuan,云南省玉溪市红塔区北城镇梅园,Beicheng,Yunnan,China,Asia Pacific,"24.4658840, 102.5436820",exact,https://www.gem.wiki/Yunnan_Yuxi_Iron_and_Steel_Group_Yukun_Iron_and_Steel_Co_Ltd,12.09,unknown,unknown,2014-01-16 00:00:00,unknown,unknown,unknown,,,,,finished rolled,"i-beam, rebar, strip",unknown,5899,2024-05-29 00:00:00,no,no,BF; BOF,unknown,unknown,unknown,,24.465884,102.543682,CHN,0.007814996638376285,130773,932314590.9645125,24.45833333,102.54166667,156,1
P100000120321,Yunnan Yuxi Xianfu Iron and Steel Group Co Ltd,云南玉溪仙福钢铁(集团)有限公司,,,Yunnan Yuxi Xianfu Iron and Steel (Group) Co Ltd,云南玉溪仙福钢铁（集团）有限公司,E100001000455,unknown,,Yunnan Yuxi Xianfu Iron and Steel (Group) Co Ltd [100.0%],E100001000455 [100.0%],unknown [100.0%],Dakaimen,云南省玉溪市新平彝族傣族自治县扬武镇大开门,Yangwu,Yunnan,China,Asia Pacific,"24.0123090, 102.1863640",exact,https://www.gem.wiki/Yunnan_Yuxi_Xianfu_Iron_and_Steel_Group_Co_Ltd,24.53,unknown,unknown,2001-08-08 00:00:00,unknown,unknown,unknown,,,,,unknown,special,unknown,2578,2025-01-24 00:00:00,2025-09-01 00:00:00,no,BF; BOF; EAF,unknown,unknown,unknown,,24.012309,102.186364,CHN,0.036667754887341864,131977,20949106.01836089,24.04166667,102.20833333,156,1
P100001061571,Yuxi Huixi Metal Casting Products Co Ltd,玉溪汇溪金属铸造制品有限公司,,,Yuxi Huixi Metal Casting Products Co Ltd,玉溪汇溪金属铸造制品有限公司,E100002019338,unknown,,Yuxi Huixi Metal Casting Products Co Ltd [100.0%],E100002019338 [100.0%],unknown [100.0%],Daying Street,云南省玉溪市红塔区大营街黑龙潭工业区,unknown,Yunnan,China,Asia Pacific,"24.360481, 102.481118",exact,https://www.gem.wiki/Yuxi_Huixi_Metal_Casting_Products_Co_Ltd,19.71,unknown,unknown,2006-06-05 00:00:00,unknown,unknown,unknown,,,,,unknown,unknown,unknown,unknown,expired,expired,no,BF; BOF,unknown,unknown,unknown,,24.360481,102.481118,CHN,0.02701744895449194,131014,1153461107.3559847,24.375,102.45833333,156,1
P100001063460,Yuxi Iron and Steel Group Zhenfei Iron and Steel Co Ltd,云南玉溪钢铁集团振飞钢铁有限公司,,,Yuxi Iron and Steel Group Zhenfei Iron and Steel Co Ltd,云南玉溪钢铁集团振飞钢铁有限公司,E100002020630,unknown,,Yuxi Iron and Steel Group Zhenfei Iron and Steel Co Ltd [100.0%],E100002020630 [100.0%],unknown [100.0%],No. 11 Jinzhong Street,云南省玉溪市通海县五金产业园区金钟路11号,Wujin Industrial Zone,Yunnan,China,Asia Pacific,"24.0747560, 102.7659830",exact,https://www.gem.wiki/Yuxi_Iron_and_Steel_Group_Zhenfei_Iron_and_Steel_Co_Ltd,6.46,unknown,unknown,2019-09-06 00:00:00,unknown,unknown,unknown,,,,,unknown,"Billet, strip steel, plate",unknown,unknown,unknown,unknown,no,EAF,unknown,unknown,unknown,,24.074756,102.765983,CHN,0.04188740460469416,131984,106654789.90736285,24.04166667,102.79166667,156,1
P100000120193,Zenith Steel Group Co Ltd,中天钢铁集团有限公司,"Jiangsu Zhongtian Iron and Steel Group Co., Ltd.",江苏中天钢铁集团有限公司,Zenith Steel Group Co Ltd,中天钢铁集团有限公司,E100000123285,unknown,,Zenith Steel Group Co Ltd [100.0%],E100000123285 [100.0%],unknown [100.0%],No. 1 Zhongwu Avenue,江苏省常州市武进区中吴大道1号,unknown,Jiangsu,China,Asia Pacific,"31.7076560, 120.0795910",exact,https://www.gem.wiki/Zenith_Steel_Group_Co_Ltd,24.39,unknown,unknown,2001-09-28 00:00:00,unknown,unknown,unknown,,12800.0,,,finished rolled,"bearings, spring steel, wire, cord","automotive, energy, transport",10255,2024-08-30 00:00:00,2023-04-10 00:00:00,no,BF; BOF; EAF,Photovoltaic Power Generation,unknown,unknown,12800.0,31.707656,120.079591,CHN,0.037930378087721005,99761,18149919723.49238,31.70833333,120.04166667,156,1
P100000120332,Zenith Steel Group Nantong Co Ltd,中天钢铁集团(南通)有限公司,,,Zenith Steel Group (Nantong) Co Ltd,中天钢铁集团（南通）有限公司,E100000123217,unknown,,Zenith Steel Group Co Ltd [100.0%],E100000123285 [100.0%],unknown [100.0%],Dongzao Port Area,江苏省南通市海门港新区东灶港区域,unknown,Jiangsu,China,Asia Pacific,"32.1339540, 121.5131730",exact,https://www.gem.wiki/Zenith_Steel_Group_Nantong_Co_Ltd,4.0,unknown,unknown,2022,unknown,unknown,unknown,,,,,unknown,unknown,unknown,3602,2023-11-01 00:00:00,2023-10-30 00:00:00,no,BF; BOF; EAF,Distributed Photovoltaic Power Generation,unknown,unknown,,32.133954,121.513173,CHN,0.09658592293185835,97725,1230988127.1191046,32.04166667,121.54166667,156,1
P100000121084,Zhejiang Tsingshan Iron and Steel Co Ltd,青田新青山特钢有限公司,"Qingtian New Tsingshan Special Steel Co., Ltd.",浙江青山钢铁有限公司,Zhejiang TSINGSHAN IRON&STEEL Co Ltd,浙江青山钢铁有限公司,E100000127353,unknown,,unknown [32.4%]; TSINGSHAN Holding Group Co Ltd [30.0%]; Shanghai Decent Investment (Group) Co Ltd [23.0%]; Zhejiang Qingshan Business Management Co Ltd [8.6%]; natural person(s) [6.0%],E100000132388 [32.4%]; E100000128088 [30.0%]; E100000128090 [23.0%]; E100000128539 [8.6%]; E100000123261 [6.0%],unknown [32.4%]; unknown [30.0%]; 5000703672 [23.0%]; unknown [8.6%]; unknown [6.0%],Xiaozhi Industrial Zone,浙江省丽水市青田县温溪镇小峙工业区,Wenxi,Zhejiang,China,Asia Pacific,"28.1360960, 120.3804010",exact,https://www.gem.wiki/Zhejiang_Tsingshan_Iron_and_Steel_Co_Ltd,21.8,2002-12-04 00:00:00,unknown,2004-05-01 00:00:00,unknown,unknown,unknown,,,,,finished rolled,"rod, rounds, wire, blanks",unknown,502,2022-11-11 00:00:00,2025-02-18 00:00:00,no,EAF,State Grid Qingtian County Power Supply Company,unknown,unknown,,28.136096,120.380401,CHN,0.012340665176562907,119505,1195110580.909999,28.125,120.375,156,1
P100000120408,Zhejiang Wantai Special Steel Co Ltd,浙江万泰特钢有限公司,,,Zhejiang Wantai Special Steel Co Ltd,浙江万泰特钢有限公司,E100000126443,unknown,,Zhejiang Wantai Special Steel Co Ltd [100.0%],E100000126443 [100.0%],unknown [100.0%],"No. 366, Wantai Road",浙江省嘉兴市嘉善县姚庄镇万泰路366号,Yaozhuang,Zhejiang,China,Asia Pacific,"30.9443420, 120.9718030",exact,https://www.gem.wiki/Zhejiang_Wantai_Special_Steel_Co_Ltd,22.54,unknown,unknown,2003-08-07 00:00:00,unknown,unknown,unknown,,,,,finished rolled,"wire rod, rebar, billet, coil, rounds",building and infrastructure,257,2024-04-25 00:00:00,2024-11-20 00:00:00,no,EAF,4.5 megawatts Waste Heat Power Generation,unknown,unknown,,30.944342,120.971803,CHN,0.019421362595800976,104352,3208888731.268896,30.95833333,120.95833333,156,1
P100000120404,Zhejiang Yuxin Industrial Co Ltd,浙江冠富实业有限公司,"Zhejiang Guanfu Industrial Co., Ltd.",浙江誉鑫实业有限公司,Zhejiang Yuxin Industrial Co Ltd,浙江誉鑫实业有限公司,E100000127054,unknown,,Zhejiang Yuxin Industrial Co Ltd [100.0%],E100000127054 [100.0%],unknown [100.0%],Nanwang Street No. 66,浙江省丽水市缙云县壶镇镇姓汪村镇南汪路66号,Huzhen,Zhejiang,China,Asia Pacific,"28.7872020, 120.2485920",exact,https://www.gem.wiki/Zhejiang_Yuxin_Industrial_Co_Ltd,25.24,unknown,unknown,2000-11-24 00:00:00,unknown,unknown,unknown,,,,,finished rolled,rebar,building and infrastructure,84,2022-11-28 00:00:00,2025-07-08 00:00:00,no,EAF,220 kV User Substation,unknown,unknown,,28.787202,120.248592,CHN,0.040505478498319356,116426,511578477.6555888,28.79166667,120.20833333,156,1
P100000121068,Zhengzhou Yongtong Special Steel Co Ltd,郑州永通特钢有限公司,,,Zhengzhou YONGTONG SPECIAL Steel Co Ltd,郑州永通特钢有限公司,E100000126625,unknown,,Wing Fung International Ltd [100.0%],E100000130667 [100.0%],unknown [100.0%],"Didong Village, Xicun Town, Gongyi City, Zhengzhou City, Henan Province",河南省郑州市巩义市西村镇堤东村,Zhengzhou,Henan,China,Asia Pacific,"34.6444300, 112.9379850",exact,https://www.gem.wiki/Zhengzhou_Yongtong_Special_Steel_Co_Ltd,29.0,unknown,unknown,1993,unknown,unknown,2022,,,,,finished rolled,"rod, wire",unknown,204,expired,expired,no,EAF,state grid,unknown,unknown,,34.64443,112.937985,CHN,0.028135021481937337,82122,349309237.1561481,34.625,112.95833333,156,1
P100000121082,Zhenshi Group Eastern Special Steel Co Ltd,浙江嘉兴钢铁集团有限责任公司,"Zhejiang Jiaxing Iron and Steel Group Co., Ltd., Jiaxing Dongfang Iron and Steel Co., Ltd., Zhenshi Group Dongfang Special Steel Co., Ltd.","嘉兴市东方钢铁有限责任公司, 振石集团东方特钢股份有限公司, 振石集团东方特钢有限公司",Zhenshi Group EASTERN SPECIAL Steel Co Ltd,振石集团东方特钢有限公司,E100000127059,unknown,,Zhenshi Holding Group Co Ltd [70.3%]; Tongxiang Wushi Trading Co Ltd [23.9%]; unknown [4.5%]; Huakai Investment Co Ltd [1.3%],E100000127998 [70.3%]; E100000128497 [23.9%]; E100000132388 [4.5%]; E100000130601 [1.3%],unknown [70.3%]; unknown [23.9%]; unknown [4.5%]; unknown [1.3%],North Park,浙江省嘉兴市南湖区新丰镇工业园区北园,Xinfeng,Zhejiang,China,Asia Pacific,"30.7204110, 120.8985180",exact,https://www.gem.wiki/Zhenshi_Group_Eastern_Special_Steel_Co_Ltd,54.0,unknown,unknown,1972,unknown,unknown,unknown,,,,,finished rolled,plate,unknown,1151,2024-10-22 00:00:00,2024-06-06 00:00:00,no,EAF,A 5-megawatt waste heat power generation system and a 5.3-megawatt photovoltaic power generation system,unknown,unknown,,30.720411,120.898518,CHN,0.02643797338353867,105854,2908351559.15047,30.70833333,120.875,156,1
P100000120129,Zhongpu Handan Iron and Steel Co Ltd,中普(邯郸)钢铁有限公司,,,Zhongpu (Handan) Iron and Steel Co Ltd,中普（邯郸）钢铁有限公司,E100000126142,unknown,,Longxiang Group (Hong Kong) [66.8%]; Hebei Puyang Industrial Group Co Ltd [33.2%],E100000126000 [66.8%]; E100000124068 [33.2%],unknown [66.8%]; unknown [33.2%],"East of Yangyi Town, Wu'an City, Handan City, Hebei Province",河北省邯郸市武安市阳邑镇东,Handan,Hebei,China,Asia Pacific,"36.7213760, 113.9102710",exact,https://www.gem.wiki/Zhongpu_Handan_Iron_and_Steel_Co_Ltd,23.0,unknown,unknown,2003,unknown,unknown,unknown,,2118.0,,505.0,finished rolled,plate,"automotive, building and infrastructure, energy, tools and machinery, transport",1669,2022-12-22 00:00:00,2022-12-22 00:00:00,no,BF; BOF; EAF,unknown,unknown,unknown,2623.0,36.721376,113.910271,CHN,0.037605248060987986,69254,296202759.7826058,36.70833333,113.875,156,1
P100000120209,Zhongxin Iron and Steel Group Co Ltd,新沂市华宏钢铁有限公司,"Xuzhou Xinhuahong Steel Co., Ltd., Xinyi Huahong Steel Co., Ltd., Xuzhou Xinhuahong Steel Industry Co., Ltd., Xuzhou Huahong Special Steel Co., Ltd., Xuzhou Huahong Special Steel Group Co., Ltd.","徐州新华宏钢铁有限公司, 徐州华宏特钢集团有限公司, 中新钢铁集团有限公司, 徐州新华宏钢铁工业有限公司, 徐州华宏特钢有限公司",Zhongxin Iron and Steel Group Co Ltd,中新钢铁集团有限公司,E100000123218,unknown,,Zhongxin Iron and Steel Group Co Ltd [100.0%],E100000123218 [100.0%],unknown [100.0%],No. 168 Daqiao West Road,江苏省徐州市新沂市新沂经济技术开发区大桥西路168号,Xinyi Economic and Technological Development Zone,Jiangsu,China,Asia Pacific,"34.3686180, 118.3155600",exact,https://www.gem.wiki/Zhongxin_Iron_and_Steel_Group_Co_Ltd,22.34,unknown,unknown,2003-10-17 00:00:00,unknown,unknown,unknown,,,,,"semi-finished, finished rolled","structural, bar, billet, coil, hot rolled",unknown,6043,2023-02-09 00:00:00,2024-01-24 00:00:00,no,BF; BOF,unknown,unknown,unknown,,34.368618,118.31556,CHN,0.02473097536469727,83660,2852869883.3872247,34.375,118.29166667,156,1
P100000120346,Zhongye Dongfang Jiangsu Heavy Industry Co Ltd,中冶东方江苏重工有限公司,"Zhongye Dongfang Heavy Industry Danyang Co., Ltd.",中冶东方重工丹阳有限公司,BERIS Jiangsu Heavy Industry Co Ltd,中冶东方江苏重工有限公司,E100000127120,unknown,,Jiangsu Feida Co Ltd [65.0%]; Metallurgical Corporation of China Ltd [18.0%]; natural person(s) [15.0%]; unknown [2.0%],E100000127415 [65.0%]; E100000125333 [18.0%]; E100000123261 [15.0%]; E100000132388 [2.0%],unknown [65.0%]; unknown [18.0%]; unknown [15.0%]; unknown [2.0%],Feida,江苏省丹阳市丹北镇飞达村,Danbei,Jiangsu,China,Asia Pacific,"32.1043190, 119.7921260",exact,https://www.gem.wiki/Zhongye_Dongfang_Jiangsu_Heavy_Industry_Co_Ltd,16.33,unknown,unknown,2009-10-22 00:00:00,unknown,unknown,unknown,,,,,semi-finished,billet,"automotive, energy, tools and machinery",unknown,no,no,no,EAF,China the largest modular prefabricated energy storage station,unknown,unknown,,32.104319,119.792126,CHN,0.020686100286159158,136947,178113102.28059617,32.125,119.79166667,156,1
P100000120086,Zhuhai Yueyufeng Iron and Steel Co Ltd,珠海粤裕丰钢铁有限公司,,,Zhuhai Yueyufeng IRON&STEEL Co Ltd,珠海粤裕丰钢铁有限公司,E100000126731,unknown,,Golden Bell Enterprises Ltd [41.5%]; Xuan Gang International Trading (HK) Co Ltd [41.5%]; Yinglong Industrial Co Ltd [16.9%],E100001010239 [41.5%]; E100001010246 [41.5%]; E100000130634 [16.9%],5043415301 [41.5%]; unknown [41.5%]; unknown [16.9%],"North Shun'an, Nanshui Work Area, Gaolan Port Economic Zone, Zhuhai City, Guangdong Province",广东省珠海市高栏港经济区南水作业区北顺岸,Zhuhai,Guangdong,China,Asia Pacific,"21.9609200, 113.1987180",exact,https://www.gem.wiki/Zhuhai_Yueyufeng_Iron_and_Steel_Co_Ltd,24.0,unknown,unknown,2002,unknown,unknown,unknown,,,,,finished rolled,"rebar, wire","building and infrastructure, tools and machinery",1778,2025-07-03 00:00:00,2025-01-13 00:00:00,no,BF; BOF,unknown,unknown,unknown,,21.96092,113.198718,CHN,0.16436149479427486,136259,2524762539.6796427,22.125,113.20833333,156,1
P100000121079,Zibo Qilin Fushan Iron and Steel Co Ltd,淄博齐林傅山钢铁有限公司,,,Zibo Qilin Fushan Steel Co Ltd,淄博齐林傅山钢铁有限公司,E100000127302,unknown,,Jinghua Rigang Holding Group Co Ltd [50.4%]; Shandong Zibo Fushan Enterprise Group Co Ltd [25.0%]; natural person(s) [24.0%]; unknown [0.6%],E100000124688 [50.4%]; E100000128091 [25.0%]; E100000123261 [24.0%]; E100000132388 [0.6%],unknown [50.4%]; unknown [25.0%]; unknown [24.0%]; unknown [0.6%],Fushan,山东省淄博市张店区卫固镇傅山村,Weigu,Shandong,China,Asia Pacific,"36.8879980, 118.1454160",exact,https://www.gem.wiki/Zibo_Qilin_Fushan_Iron_and_Steel_Co_Ltd,18.33,unknown,unknown,2003-09-02 00:00:00,unknown,unknown,2022,,,,,unknown,unknown,"automotive, building and infrastructure, energy, tools and machinery, transport",unknown,expired,unknown,no,BF; BOF,unknown,unknown,unknown,,36.887998,118.145416,CHN,0.0242025011104219,68196,5698841287.0221615,36.875,118.125,156,1
P100001063593,Zijin County Dongri Casting Co Ltd,紫金县东日铸造有限公司,,紫金县东日特钢有限公司,Zijin County Dongri Foundry Co Ltd,,E100002020686,unknown,,Zijin County Dongri Foundry Co Ltd [100.0%],E100002020686 [100.0%],unknown [100.0%],unknown,河源市紫金县284乡道与286乡道交叉口西北200米,Heyuan,Guangdong,China,Asia Pacific,"23.3566120, 114.7695650",exact,https://www.gem.wiki/Zijin_County_Dongri_Casting_Co_Ltd,16.0,unknown,unknown,2010,unknown,unknown,unknown,,,,,unknown,unknown,unknown,unknown,no,no,no,EAF,unknown,unknown,unknown,,23.356612,114.769565,CHN,0.028750693222753164,133915,12925770.443472354,23.375,114.79166667,156,1
P100000120403,Zunyi Changling Special Steel Co Ltd,遵义长岭特殊钢有限公司,,,Zunyi Changling Special Steel Co Ltd,遵义长岭特殊钢有限公司,E100000127332,unknown,,natural person(s) [45.0%]; Guizhou Jinshengan Investment Group Co Ltd [41.9%]; unknown [6.7%]; Jin Jun'an Investment Group Co Ltd [6.4%],E100000123261 [45.0%]; E100000128172 [41.9%]; E100000132388 [6.7%]; E100000127571 [6.4%],unknown [45.0%]; unknown [41.9%]; unknown [6.7%]; unknown [6.4%],"Pingqiao Industrial Park, Honghuagang District, Zunyi City, Guizhou Province",贵州省遵义市红花岗区坪桥工业园区,Zunyi,Guizhou,China,Asia Pacific,"27.6149470, 106.9497520",exact,https://www.gem.wiki/Zunyi_Changling_Special_Steel_Co_Ltd,22.0,unknown,unknown,2004,unknown,unknown,unknown,,,,,finished rolled,bar,building and infrastructure,455,expired,no,no,EAF,Waste Heat Power Generation,unknown,unknown,,27.614947,106.949752,CHN,0.01321748968484017,121113,3047624310.877063,27.625,106.95833333,156,1
P100000120359,Zunyi Fuxin Special Steel Equipment Manufacturing Co Ltd,遵义福鑫特殊钢装备制造有限公司,,福鑫钢铁有限公司,Zunyi County Fuxin Iron & Steel Product Co Ltd,遵义福鑫特殊钢装备制造有限公司,E100000126901,unknown,,Zunyi County Fuxin Iron & Steel Product Co Ltd [100.0%],E100000126901 [100.0%],unknown [100.0%],"Bozhou District, Zunyi City, Guizhou Province",贵州省遵义市播州区龙坑街道八里社区八里中桥工业园区,Zunyi,Guizhou,China,Asia Pacific,"27.5916970, 106.8154530",exact,https://www.gem.wiki/Zunyi_Fuxin_Special_Steel_Equipment_Manufacturing_Co_Ltd,33.0,unknown,unknown,1993,unknown,unknown,unknown,,,,,"semi-finished, finished rolled",rebar,building and infrastructure,645,2023-05-05 00:00:00,2024-11-13 00:00:00,no,EAF,State Grid,unknown,unknown,,27.591697,106.815453,CHN,0.040925289294875454,121111,288427354.33009654,27.625,106.79166667,156,1
P100001045296,Action Ispat and Power Jharsuguda steel plant,,,,Action Ispat and Power Pvt Ltd,,E100002007999,5001237543,,Action Ispat and Power Pvt Ltd [100.0%],E100002007999 [100.0%],5001237543 [100.0%],unknown,,Pandripathar,Odisha,India,Asia Pacific,"21.8397590, 83.9822270",exact,https://www.gem.wiki/Action_Ispat_and_Power_Jharsuguda_steel_plant,,2004,unknown,unknown,unknown,unknown,unknown,,,,,unknown,unknown,unknown,unknown,unknown,unknown,no,DRI; IF; Steel other/unspecified,16 MW WHRB-based CPP; 106 MW FBB CPP,unknown,unknown,,21.839759,83.982227,IND,0.04257740653290765,161849,645075019.3542067,21.875,83.95833333,356,1
P100001025815,Adhunik Metaliks Kuanrmunda steel plant,,"AML, Neepaz Metaliks Pvt Ltd (formerly)",,Adhunik Metaliks Ltd,,E100001000387,4295873516,,natural person(s) [36.1%]; small shareholder(s) [28.8%]; Mahanada Suppliers Pvt Ltd [22.6%]; Sunrwoth Stocks Pvt Ltd [12.5%],E100000123261 [36.1%]; E100001015587 [28.8%]; E100001016502 [22.6%]; E100001016503 [12.5%],unknown [36.1%]; unknown [28.8%]; 5035484293 [22.6%]; unknown [12.5%],unknown,,Kuanrmunda,Odisha,India,Asia Pacific,"22.3083710, 84.7635840",exact,https://www.gem.wiki/Adhunik_Metaliks_Kuanrmunda_steel_plant,22.81,unknown,unknown,2003-05-01 00:00:00,unknown,unknown,unknown,,,,,semi-finished,"billet, bars, wire rod, wire","automotive, energy, tools and machinery",1500,unknown,unknown,no,BF; DRI; EAF,34 MW CPP,Kulum mines; Khajurdihi Mines,Patrapada Coal block,,22.308371,84.763584,IND,0.03267523519545007,160671,721177173.7528095,22.29166667,84.79166667,356,1
P100000120532,ArcelorMittal Bellary steel plant,,,,ArcelorMittal SA,,E100000000687,5000030092,,ArcelorMittal SA [100.0%],E100000000687 [100.0%],5000030092 [100.0%],"Ballari, Karnataka, India",,Ballari,Karnataka,India,Asia Pacific,"15.1394980, 76.9184170",approximate,https://www.gem.wiki/ArcelorMittal_Bellary_steel_plant,,2010,unknown,unknown,unknown,unknown,unknown,,,,,unknown,unknown,unknown,unknown,unknown,unknown,no,Iron other/unspecified; Steel other/unspecified,750 MW power generation plant planned,unknown,unknown,,15.139498,76.918417,IND,0.042467698367920144,172880,490816268.93993175,15.125,76.95833333,356,1
P100001025671,ArcelorMittal Nippon Steel Anakapalle steel plant,,,,ArcelorMittal Nippon Steel India Ltd,,E100000002455,5082050876,,ArcelorMittal SA [60.0%]; Nippon Steel Corp [40.0%],E100000000687 [60.0%]; E100000000652 [40.0%],5000030092 [60.0%]; 4295877313 [40.0%],unknown,,Bagaraiahpeta,Andhra Pradesh,India,Asia Pacific,"17.4071030, 82.7231830",approximate,https://www.gem.wiki/ArcelorMittal_Nippon_Steel_Anakapalle_steel_plant,,2024-11-04 00:00:00,2025,2029-01-01 00:00:00,unknown,unknown,unknown,,,,,unknown,unknown,unknown,unknown,unknown,unknown,no,BF; BOF,unknown,Kirandul mines and international market,unknown,,17.407103,82.723183,IND,0.03537110838112046,170382,114947781.09143434,17.375,82.70833333,356,1
P100001025669,ArcelorMittal Nippon Steel Gadchiroli steel plant,,,,ArcelorMittal Nippon Steel India Ltd,,E100000002455,5082050876,,ArcelorMittal SA [60.0%]; Nippon Steel Corp [40.0%],E100000000687 [60.0%]; E100000000652 [40.0%],5000030092 [60.0%]; 4295877313 [40.0%],unknown,,unknown,Maharashtra,India,Asia Pacific,"20.1684860, 79.9871190",approximate,https://www.gem.wiki/ArcelorMittal_Nippon_Steel_Gadchiroli_steel_plant,,2024-01-29 00:00:00,unknown,unknown,unknown,unknown,unknown,,,,,unknown,unknown,unknown,unknown,unknown,unknown,no,EAF,unknown,unknown,unknown,,20.168486,79.987119,IND,0.04915714094084243,165573,36499350.191805646,20.20833333,79.95833333,356,1
P100000120513,ArcelorMittal Nippon Steel Hazira plant,,"Essar Steel (predecessor), ESIL (predecessor), AM/NS Essar Steel India Limited steel plant",,ArcelorMittal Nippon Steel India Ltd,,E100000002455,5082050876,,ArcelorMittal SA [60.0%]; Nippon Steel Corp [40.0%],E100000000687 [60.0%]; E100000000652 [40.0%],5000030092 [60.0%]; 4295877313 [40.0%],"27 KM, Surat-Hazira, Gujarat 394270 India",,Hazira,Gujarat,India,Asia Pacific,"21.1123770, 72.6473040",exact,https://www.gem.wiki/ArcelorMittal_Nippon_Steel_Hazira_plant,31.0,unknown,unknown,1995,unknown,unknown,unknown,,1480.0,1350.0,4000.0,"semi-finished, finished rolled","galvanized, plate, pipe, cold rolled, hot rolled","automotive, building and infrastructure, energy, steel packaging, tools and machinery, transport",7000,2024-11-25 00:00:00,2025-04-01 00:00:00,no,BF; DRI; EAF; Iron other/unspecified; Steel other/unspecified; BOF,"515 MW natural gas-fired combined cycle power plant (1997), 500 MW natural gas-fired combined cycle power plant (2005); working to install a 989MW renewable energy (solar/wind) plant",Captive iron ore mines at Thakurani and Sagasahi in Odisha,unknown,6830.0,21.112377,72.647304,IND,0.025628276278366384,163586,3529225319.3115263,21.125,72.625,356,1
P100000120573,ArcelorMittal Nippon Steel Kendrapara plant,,,,ArcelorMittal Nippon Steel India Ltd,,E100000002455,5082050876,,ArcelorMittal SA [60.0%]; Nippon Steel Corp [40.0%],E100000000687 [60.0%]; E100000000652 [40.0%],5000030092 [60.0%]; 4295877313 [40.0%],"Mahakalapada, Kendrapara, Odisha, India",,Kendrapara,Odisha,India,Asia Pacific,"20.7104200, 86.2828060",approximate,https://www.gem.wiki/ArcelorMittal_Nippon_Steel_Kendrapara_plant,,2021-03-01 00:00:00,unknown,2028,unknown,unknown,unknown,,,,,finished rolled,unknown,unknown,16000,unknown,unknown,no,BF; BOF,unknown,unknown,unknown,,20.71042,86.282806,IND,0.0091030579772886,164642,163832705.0805086,20.70833333,86.29166667,356,1
P100000121178,ArcelorMittal Nippon Steel Paradip plant,,,,ArcelorMittal Nippon Steel India Ltd,,E100000002455,5082050876,,ArcelorMittal SA [60.0%]; Nippon Steel Corp [40.0%],E100000000687 [60.0%]; E100000000652 [40.0%],5000030092 [60.0%]; 4295877313 [40.0%],"Paradip, Jagatsinghpur, Odisha, India",,Paradip,Odisha,India,Asia Pacific,"20.2847710, 86.6582660",approximate,https://www.gem.wiki/ArcelorMittal_Nippon_Steel_Paradip_plant,,2023-01-01 00:00:00,2024-01-01 00:00:00,2029,unknown,unknown,unknown,,,,,unknown,unknown,unknown,7000,unknown,unknown,no,BF; BOF,unknown,unknown,unknown,,20.284771,86.658266,IND,0.03397318090418926,165486,1296918868.074968,20.29166667,86.625,356,1
P100000120568,Arjas Steel Tadipatri plant,,Gerdau Steel India (predecessor),,Arjas Steel Pvt Ltd,,E100000130841,4297665844,,ADV Partners Holdings Ltd,E100001016284,unknown,"Jambulapadu(v) Tadipatri Mandal, Ananthpur District Andhra Pradesh, Pincode - 515411, India",,Tadipatri,Andhra Pradesh,India,Asia Pacific,"14.8734710, 78.0484250",exact,https://www.gem.wiki/Arjas_Steel_Tadipatri_plant,13.3,unknown,unknown,2012-11-01 00:00:00,unknown,unknown,unknown,,450.0,200.0,,"semi-finished, finished rolled","square, rounds, profile, bar","automotive, building and infrastructure, energy, steel packaging, tools and machinery, transport",1800,expired,2024-01-10 00:00:00,no,BF; BOF,two captive power plants (15 MW COG-based WHR power plant + 6 MW Blast furnace gas based); 20.4 MW Solar plant,SMIORE,unknown,650.0,14.873471,78.048425,IND,0.006929131647533798,173110,216622786.99645334,14.875,78.04166667,356,1
P100000120564,Atibir Industries Bhorandiha steel plant,,Atibir Industries Unit-II,,Atibir Industries Co Ltd,,E100000131001,5039942952,,Sribir Group of Companies,E100001016293,unknown,"Bhorandiha, Udnabad, Giridih (Jharkhand), India",,Bhorandiha,Jharkhand,India,Asia Pacific,"24.1452390, 86.3349990",exact,https://www.gem.wiki/Atibir_Industries_Bhorandiha_steel_plant,17.0,2008,unknown,2009,unknown,unknown,unknown,,680.0,300.0,300.0,"crude, semi-finished, finished rolled","pig iron, rolled",unknown,unknown,unknown,unknown,no,BF; BOF,3 MW WHRB,unknown,unknown,1280.0,24.145239,86.334999,IND,0.044829645570763806,155076,510655890.86209947,24.125,86.375,356,1
P100001023581,Baldota Koppal steel plant,,BSPL Koppal,,Baldota Steel and Power Ltd,,E100002004559,5086866250,,Baldota Steel and Power Ltd [100.0%],E100002004559 [100.0%],5086866250 [100.0%],unknown,,Hospet,Karnataka,India,Asia Pacific,"15.3326160, 76.2067780",exact,https://www.gem.wiki/Baldota_Koppal_steel_plant,0.0,2019,unknown,2026,unknown,unknown,unknown,,,,,unknown,unknown,unknown,10000,unknown,unknown,no,BF; BOF; Iron other/unspecified; Steel other/unspecified,220 MW CPP + 100 MW Solar power,unknown,unknown,,15.332616,76.206778,IND,0.04097885648548305,172723,185356174.34875867,15.29166667,76.20833333,356,1
P100001062088,Bhagyalaxmi Metals Mul steel plant,,,,Bhagyalaxmi Metals Pvt Ltd,,E100002019745,5063749087,,Bhagyalaxmi Metals Pvt Ltd [100.0%],E100002019745 [100.0%],5063749087 [100.0%],"Plot No: B-1, Mul Growth Center Mul Village & Tehsil, Chandrapur District, Maharashtra",,Mul,Maharashtra,India,Asia Pacific,"20.0889190, 79.7179200",exact,https://www.gem.wiki/Bhagyalaxmi_Metals_Mul_steel_plant,,2022-08-27 00:00:00,unknown,unknown,unknown,unknown,unknown,,,,,unknown,"bars, angle, channel, gutter, coil, flat bar, strip, MS pipes, galvanized pipes, galvanized angles",unknown,unknown,unknown,unknown,no,DRI; IF,80 MW power plant (4x15 MW WHRB + 20MW FBC),Maharashtra or Chhattisgarh,unknown,,20.088919,79.71792,IND,0.03733286491402635,165736,20100548.68457569,20.125,79.70833333,356,1
P100000120512,BMM Ispat Danapur steel plant,,BMMIL,,BMM Ispat Ltd,,E100001000460,5035158229,,JSW Projects Ltd [58.5%]; natural person(s) [41.5%],E100001011472 [58.5%]; E100000123261 [41.5%],5035158115 [58.5%]; unknown [41.5%],"#114, Danapur Village, Hospete Taluk, Ballari District, Danapura – 583222, Karnataka, India",,Danapura,Karnataka,India,Asia Pacific,"15.1697200, 76.3797100",exact,https://www.gem.wiki/BMM_Ispat_Danapur_steel_plant,20.0,unknown,unknown,2006,unknown,unknown,unknown,,2500.0,800.0,2400.0,semi-finished,"bar, rebar, flat",building and infrastructure,300,2024-03-14 00:00:00,unknown,no,BF; BOF; DRI; EAF; IF,"Danapuram BMM power station; captive power plants totaling 235 MW (Captive Power Plant 1 95 MW, Captive Power Plant 2 140 MW).","Ballari, Hosapete, Sandur regions of Karnataka","Mozambique, Australia, and Canada",5700.0,15.16972,76.37971,IND,0.03889952896487259,172799,326466748.184155,15.20833333,76.375,356,1
P100001061667,BPA Metallics Raigarh steel plant,,,,BPA Metallics Pvt Ltd,,E100002019418,unknown,,BPA Metallics Pvt Ltd [100.0%],E100002019418 [100.0%],unknown [100.0%],Patrapali,,unknown,Chhattisgarh,India,Asia Pacific,"21.926993, 83.374089",approximate,https://www.gem.wiki/BPA_Metallics_Raigarh_steel_plant,,2024,unknown,unknown,unknown,unknown,unknown,,,,,unknown,"billet, rolled, MS pipes",unknown,unknown,unknown,unknown,no,DRI; Steel other/unspecified,131 MW (56 WHRB and rest coal),unknown,unknown,,21.926993,83.374089,IND,0.03135356766795197,161614,400367384.08294696,21.95833333,83.375,356,1
P100001082544,Captain Steel Debipur steel plant,,"BMA Stainless Limited, Captain Steel Kalyaneshwari plant",,Captain Steel India Ltd,,E100002004552,5083803498,,Captain Steel India Ltd [100.0%],E100002004552 [100.0%],5083803498 [100.0%],unknown,,Debipur,West Bengal,India,Asia Pacific,"23.782149607591688, 86.83591234561024",exact,https://www.gem.wiki/Captain_Steel_Debipur_steel_plant,4.0,2021-01-01 00:00:00,unknown,2022,unknown,unknown,unknown,,,,,"semi-finished, finished rolled","billet, structural",unknown,1000,unknown,unknown,no,IF,unknown,unknown,unknown,,23.782149607591688,86.83591234561024,IND,0.040229581188189145,156177,3502964540.9216847,23.79166667,86.875,356,1
P100001023577,Captain Steel Garbeta steel plant,,,,Captain Steel India Ltd,,E100002004552,5083803498,,Captain Steel India Ltd [100.0%],E100002004552 [100.0%],5083803498 [100.0%],unknown,,Garbeta,West Bengal,India,Asia Pacific,"22.8558590, 87.3450180",approximate,https://www.gem.wiki/Captain_Steel_Garbeta_steel_plant,0.0,2023-09-16 00:00:00,unknown,2026,unknown,unknown,unknown,,,,,unknown,unknown,unknown,unknown,unknown,unknown,no,Iron other/unspecified; Steel other/unspecified,unknown,unknown,unknown,,22.855859,87.345018,IND,0.03557103041802812,159045,218626361.52550003,22.875,87.375,356,1
P100001045282,Crest Steel and Power Mangatta steel plant,,,,Crest Steel and Power Pvt Ltd,,E100002007975,4298478658,,Atha Group [47.5%]; Ghanashyam Misra & Sons Pvt Ltd [47.5%],E100000134289 [47.5%]; E100002000372 [47.5%],5064283827 [47.5%]; 5064636420 [47.5%],Joratarai Village,,Mangatta,Chhattisgarh,India,Asia Pacific,"21.1903130, 81.1992200",exact,https://www.gem.wiki/Crest_Steel_and_Power_Mangatta_steel_plant,21.13,unknown,unknown,2005-01-01 00:00:00,unknown,unknown,unknown,,,,1400.0,finished rolled,"bar, coil, rounds, wire rod",unknown,2500,unknown,unknown,no,DRI; IF; BF; EAF,16 MW CPP (8 MW WHRB-based; 8 MW FBC); 3 x 100KW Solar Power,unknown,SECL Mines,1400.0,21.190313,81.19922,IND,0.02019368903885203,163496,1306781871.7744355,21.20833333,81.20833333,356,1
P100000120534,Electrosteel Bokaro steel plant,,"Electrosteel Steels Limited, ESL",,ESL Steel Ltd,,E100000130900,4298544502,Partial,Vedanta Ltd [95.5%]; small shareholder(s) [4.5%],E100001000479 [95.5%]; E100001015587 [4.5%],4295872982 [95.5%]; unknown [4.5%],"Village: Siyaljori, PO.- Jogidih, Op.- Bangeria, PS.- Chandankyari, Dist.– Bokaro 828303, Jharkhand (INDIA)",,Bokaro,Jharkhand,India,Asia Pacific,"23.6329070, 86.2936710",exact,https://www.gem.wiki/Electrosteel_Bokaro_steel_plant,20.0,unknown,unknown,2006,unknown,unknown,unknown,,2744.0,500.0,,"crude, semi-finished, finished rolled","wire rod, bar, pipe, billet, pig iron","building and infrastructure, energy",8895,2024-06-02 00:00:00,unknown,no,BF; BOF; Steel other/unspecified,80 MW Captive power plant,Nadidihi iron ore and manganese Block Mines and Nadidihi iron ore block mines situated in Odisha.,"Australia, Russia and Indonesia",3244.0,23.632907,86.293671,IND,0.008157082060940235,156707,1365011682.389793,23.625,86.29166667,356,1
P100000121207,Electrosteel Castings Srikalahasthi steel plant,,Srikalahasthi Works,,Electrosteel Castings Ltd,,E100001012391,4295873171,,Electrosteel Castings Ltd [100.0%],E100001012391 [100.0%],4295873171 [100.0%],"Vill - Rachagunneri ,Mandal-Srikalahasthi, District - Tirupati, Andhra Pradesh , India, Pin - 517641",,Srikalahasthi,Andhra Pradesh,India,Asia Pacific,"13.7171880, 79.6305880",exact,https://www.gem.wiki/Electrosteel_Castings_Srikalahasthi_steel_plant,32.0,unknown,unknown,1994,unknown,unknown,unknown,,500.0,280.0,,"semi-finished, finished rolled","di pipe, pig iron",building and infrastructure,unknown,2023-12-10 00:00:00,unknown,no,BF; IF,22 MW Waste Heat Recovery Captive Power Plant,unknown,unknown,780.0,13.717188,79.630588,IND,0.010470478728736864,174091,142335900.08133274,13.70833333,79.625,356,1
P100000121195,Evonith Metallics Wardha steel plant,,Uttam Galva Metallics Limited (UGML),,Evonith Metallics Ltd,,E100001012096,5036158873,,Nithia Capital Resources Advisors LLP [55.7%]; AB CarVal Investors LP [44.3%],E100001016196 [55.7%]; E100001016198 [44.3%],5035393612 [55.7%]; 4297703173 [44.3%],"Bhugaon Link Road, Wardha, Maharashtra, India",,Wardha,Maharashtra,India,Asia Pacific,"20.7046050, 78.6202930",exact,https://www.gem.wiki/Evonith_Metallics_Wardha_steel_plant,32.0,unknown,unknown,1994,unknown,unknown,unknown,,1500.0,,,"crude, semi-finished","pig iron, bar",unknown,423,yes,unknown,no,BF; BOF,34 MW Captive Power Plant,Jabalpur (60-80%) and from mines in Odisha and Karnataka,Australia,1500.0,20.704605,78.620293,IND,0.006004689299942809,164550,428413959.05805874,20.70833333,78.625,356,1
P100000121236,Evonith Value Steel Wardha steel plant,,Uttam Value Steels Limited (UVSL),,Evonith Metallics Ltd,,E100001012096,5036158873,,Nithia Capital Resources Advisors LLP [55.7%]; AB CarVal Investors LP [44.3%],E100001016196 [55.7%]; E100001016198 [44.3%],5035393612 [55.7%]; 4297703173 [44.3%],"Bhugaon Link Road, Wardha, Maharashtra, India",,Wardha,Maharashtra,India,Asia Pacific,"20.6964120, 78.6385480",exact,https://www.gem.wiki/Evonith_Value_Steel_Wardha_steel_plant,56.0,unknown,unknown,1970,unknown,unknown,unknown,,,,,"semi-finished, finished rolled","flat, hot rolled, cold rolled, galvanized",unknown,898,yes,yes,no,EAF,unknown,unknown,unknown,,20.696412,78.638548,IND,0.018046229882413094,164550,428413959.05805874,20.70833333,78.625,356,1
P100001045317,Gallantt Ispat Gorakhpur steel plant,,,,Gallantt Ispat Ltd,,E100002008017,4295873649,,Gallantt Ispat Ltd [100.0%],E100002008017 [100.0%],4295873649 [100.0%],Sector 23,,Gorakhpur Industrial Development Authority,Uttar Pradesh,India,Asia Pacific,"26.7570090, 83.1990860",exact,https://www.gem.wiki/Gallantt_Ispat_Gorakhpur_steel_plant,32.0,unknown,unknown,1994,unknown,unknown,unknown,,,,792.0,finished rolled,rebar,building and infrastructure,unknown,unknown,unknown,no,DRI; IF,78 MW CPP,unknown,unknown,792.0,26.757009,83.199086,IND,0.03587014360102348,146568,881769082.2374166,26.79166667,83.20833333,356,1
P100000121216,Godawari Power and Ispat Sarora steel plant,,,,Godawari Power and Ispat Ltd,,E100001000665,4295874267,,Godawari Power and Ispat Ltd [100.0%],E100001000665 [100.0%],4295874267 [100.0%],"Village Sarora, Tehsil Tilda, District Raipur, Chhattisgarh, India",,Sarora,Chhattisgarh,India,Asia Pacific,"21.5650320, 81.7394470",exact,https://www.gem.wiki/Godawari_Power_and_Ispat_Sarora_steel_plant,,2021-07-01 00:00:00,unknown,2028,unknown,unknown,unknown,,1200.0,800.0,3000.0,"semi-finished, finished rolled","pipe, slab, bar, billet",unknown,5816,unknown,unknown,no,BF; BOF,330 MW Captive Power Plant,unknown,unknown,5000.0,21.565032,81.739447,IND,0.03891014143995675,162703,163771660.80845988,21.54166667,81.70833333,356,1
P100000120557,Godawari Power and Ispat Siltara steel plant,,"GPIL, Ispat Godawari (IGL)",,Godawari Power and Ispat Ltd,,E100001000665,4295874267,,Godawari Power and Ispat Ltd [100.0%],E100001000665 [100.0%],4295874267 [100.0%],"428/2, Phase-I, Industrial Area, Siltara – 493111, Dist. Raipur, Chhattisgarh, INDIA",,Raipur,Chhattisgarh,India,Asia Pacific,"21.3762140, 81.6818880",exact,https://www.gem.wiki/Godawari_Power_and_Ispat_Siltara_steel_plant,25.0,1999,unknown,2001,unknown,unknown,unknown,,,,2100.0,"crude, semi-finished, finished rolled","bloom, billet, DRI, wire",building and infrastructure,3442,yes,yes,no,BF; DRI; IF,73 MW captive power plant,GPIL Kachche Aridongri Mine (P100000128995); GPIL Boria Tibbu Mine (P100000128997),unknown,2100.0,21.376214,81.681888,IND,0.026473180292684428,163108,1676028759.8407507,21.375,81.70833333,356,1
P100000120552,Hospet Steels Hospet plant,,"HSL, Kalyani Steels",,Hospet Steels Ltd,,E100002004716,5000932160,,Kalyani Steels Ltd [61.0%]; Mukand Ltd [39.0%],E100000130701 [61.0%]; E100002007557 [39.0%],4295872493 [61.0%]; 4295872402 [39.0%],"Hospet, Kanakapur, Karnataka, India",,Hospet,Karnataka,India,Asia Pacific,"15.3390550, 76.2516960",exact,https://www.gem.wiki/Hospet_Steels_Hospet_plant,28.0,unknown,unknown,1998,unknown,unknown,unknown,,500.0,200.0,,"semi-finished, finished rolled","rounds, bar, billet","automotive, building and infrastructure, energy, steel packaging, tools and machinery, transport",1105,yes,unknown,no,BF; BOF; EAF; IF; DRI,unknown,unknown,unknown,700.0,15.339055,76.251696,IND,0.053755906514996905,172650,204245873.82605147,15.375,76.29166667,356,1
P100000120560,Jai Balaji Durgapur Unit IV steel plant,,JBG Durgapur,,Jai Balaji Industries Ltd,,E100000130703,4295873993,,Jai Balaji Industries Ltd [100.0%],E100000130703 [100.0%],4295873993 [100.0%],"Vill – Banskopa, P.O – Rajbandh Durgapur – 713212, Burdwan, India",,Durgapur,West Bengal,India,Asia Pacific,"23.4830750, 87.3521890",exact,https://www.gem.wiki/Jai_Balaji_Durgapur_Unit_IV_steel_plant,17.0,2007-10-01 00:00:00,unknown,2009,unknown,unknown,unknown,,,350.0,,"crude, semi-finished, finished rolled","bar, pipe, billet, rounds, pig iron, DRI",unknown,unknown,unknown,unknown,no,BF; DRI; IF; EAF,70 MW CPP,unknown,unknown,350.0,23.483075,87.352189,IND,0.03365251781648953,157251,675745315.8269312,23.45833333,87.375,356,1
P100000120562,Jai Balaji Jyoti Steels Sundargarh plant,,,,Jai Balaji Jyoti Steels Ltd,,E100000130984,5037247687,,Jai Balaji Industries Ltd,E100000130703,4295873993,"Village-Tainser, Tehsil- Lathikata, District-Sundargarh, Odisha -770 037, India",,Tainser,Odisha,India,Asia Pacific,"22.0853380, 84.8618400",exact,https://www.gem.wiki/Jai_Balaji_Jyoti_Steels_Sundargarh_plant,23.0,unknown,unknown,2003,unknown,unknown,unknown,,,,1600.0,"crude, semi-finished, finished rolled","billet, wire rod, DRI, bar",unknown,650,unknown,unknown,no,DRI; IF; EAF,18 MW (State grid); 110 MW CPP (proposed),OMC mines / private mines in Barbil-Joda,"Mahanadi Coalfields, & other coal fields",1600.0,22.085338,84.86184,IND,0.041788274001207174,161158,94945328.67570616,22.125,84.875,356,1
P100001025922,Jai Balaji Rajbandh Unit III steel plant,,,,Jai Balaji Industries Ltd,,E100000130703,4295873993,,Jai Balaji Industries Ltd [100.0%],E100000130703 [100.0%],4295873993 [100.0%],unknown,,Banskopa,West Bengal,India,Asia Pacific,"23.4874390, 87.3694940",exact,https://www.gem.wiki/Jai_Balaji_Rajbandh_Unit_III_steel_plant,,unknown,unknown,unknown,unknown,unknown,unknown,,908.0,,600.0,finished rolled,di pipe,unknown,unknown,unknown,unknown,no,BF; EAF,unknown,Barbil,unknown,1508.0,23.487439,87.369494,IND,0.029621884851387458,157251,675745315.8269312,23.45833333,87.375,356,1
P100000120547,Jayaswal Neco Industries Raipur steel plant,,,,Jayaswal Neco Industries Ltd,,E100000120672,4295874276,,Jayaswal Neco Industries Ltd [100.0%],E100000120672 [100.0%],4295874276 [100.0%],"Siltara Growth Centre, Siltara, RAIPUR 493111, Chhattisgarh, India",,Raipur,Chhattisgarh,India,Asia Pacific,"21.3544950, 81.6764440",exact,https://www.gem.wiki/Jayaswal_Neco_Industries_Raipur_steel_plant,30.0,unknown,unknown,1996,unknown,unknown,unknown,,2800.0,1100.0,3000.0,"crude, semi-finished, finished rolled","bar, bloom, billet, pig iron, rolled, DRI",building and infrastructure,9503,expired,unknown,no,BF; DRI; EAF,"Five captive power plants, combined capacity of 60MW","Jayaswal Neco Metabodeli Mine (P100000128998), Jayaswal Neco Chhotedongar Mine (P100000129000), Dhobitola & Manegaon mine",Indian and imported,6900.0,21.354495,81.676444,IND,0.037912852607642225,163108,1676028759.8407507,21.375,81.70833333,356,1
P100000120544,Jindal Stainless Hisar steel plant,,"Jindal Strips Limited Hisar (predecessor), JSHL, JSL Hisar",,Jindal Stainless Ltd,,E100000120686,4295873341,,Jindal Stainless Ltd [100.0%],E100000120686 [100.0%],4295873341 [100.0%],"O. P. Jindal Marg, Hisar - 125 005 (Haryana) India",,Hisar,Haryana,India,Asia Pacific,"29.1272530, 75.7730750",exact,https://www.gem.wiki/Jindal_Stainless_Hisar_steel_plant,56.0,unknown,unknown,1970,unknown,unknown,unknown,,,,,"semi-finished, finished rolled","plate, strip, bloom, coil, slab","automotive, building and infrastructure, energy, steel packaging, tools and machinery, transport",1095,yes,yes,no,EAF,unknown,,,,29.127253,75.773075,IND,0.018727685451988118,141334,454648663.61737627,29.125,75.79166667,356,1
P100000120543,Jindal Stainless Jajpur steel plant,,JSL,,Jindal Stainless Ltd,,E100000120686,4295873341,,Jindal Stainless Ltd [100.0%],E100000120686 [100.0%],4295873341 [100.0%],"Kalinga Nagar Industrial Complex, Duburi Dist., Jajpur- 755 026, Orissa, India",,Kalinganagar,Odisha,India,Asia Pacific,"20.9549390, 86.0519860",exact,https://www.gem.wiki/Jindal_Stainless_Jajpur_steel_plant,15.0,2003,unknown,2011,unknown,unknown,unknown,250.0,,430.0,,"semi-finished, finished rolled","slab, coil, plate","automotive, building and infrastructure, energy, steel packaging, tools and machinery, transport",1095,yes,yes,no,BF; EAF; IF,2x 125 MW CPP,Barbil/Joda/open market,JCL,680.0,20.954939,86.051986,IND,0.010863242968737488,164113,864289310.3874147,20.95833333,86.04166667,356,1
P100001061405,Jindal Stainless Maharashtra steel plant,,,,Jindal Stainless Ltd,,E100000120686,4295873341,,Jindal Stainless Ltd [100.0%],E100000120686 [100.0%],4295873341 [100.0%],unknown,,unknown,Maharashtra,India,Asia Pacific,"19.3144750, 72.9766230",approximate,https://www.gem.wiki/Jindal_Stainless_Maharashtra_steel_plant,,2025-03-29 00:00:00,unknown,2029,unknown,unknown,unknown,,,,,unknown,unknown,unknown,unknown,unknown,unknown,no,Steel other/unspecified,unknown,unknown,unknown,,19.314475,72.976623,IND,0.029235799050100566,167212,9385160469.420177,19.29166667,72.95833333,356,1
P100000120515,Jindal Steel Angul steel plant,,JSPL Angul steel plant (formerly),,Jindal Steel Limited Ltd,,E100001000439,4295874065,,Jindal Steel Limited Ltd [100.0%],E100001000439 [100.0%],4295874065 [100.0%],"Chhendipada Road, SH-63, Jindal Nagar, Angul, Odisha 759111, India",,Angul,Odisha,India,Asia Pacific,"20.8848960, 84.9915390",exact,https://www.gem.wiki/Jindal_Steel_Angul_steel_plant,13.0,unknown,unknown,2013,unknown,unknown,unknown,,5000.0,,,"semi-finished, finished rolled","bar, plate","automotive, building and infrastructure, energy, transport",unknown,expired,unknown,no,BF; BOF; DRI; EAF,"Angul Steel power station, a 810 MW captive power plant",JSPL TRB Mine (P100000128505),"Mozambique, Australia and Canada",5000.0,20.884896,84.991539,IND,0.03464891536756942,164281,322827125.6345241,20.875,84.95833333,356,1
P100000121173,Jindal Steel Asanboni steel plant,,JSPL Asanboni Steel Plant (formerly),,Jindal Steel Limited Ltd,,E100001000439,4295874065,,Jindal Steel Limited Ltd [100.0%],E100001000439 [100.0%],4295874065 [100.0%],"Asanboni, Narayanpur, East Singhbhum, Jharkhand, India",,Asanboni,Jharkhand,India,Asia Pacific,"24.1310370, 87.4387280",approximate,https://www.gem.wiki/Jindal_Steel_Asanboni_steel_plant,,2005,unknown,unknown,unknown,unknown,unknown,,10000.0,3600.0,4500.0,finished rolled,rebar,unknown,unknown,unknown,unknown,no,BF; BOF,"CPP, 1320 MW Godda thermal power plant",unknown,unknown,18100.0,24.131037,87.438728,IND,0.020513759611759802,155089,12539365.545054764,24.125,87.45833333,356,1
P100001062086,Jindal Steel Chhattisgarh steel plant,,,,Jindal Steel Chhattisgarh Ltd,,E100002019742,5083431160,,Jindal Steel Limited Ltd [100.0%],E100001000439 [100.0%],4295874065 [100.0%],unknown,,unknown,Chhattisgarh,India,Asia Pacific,"21.8950410, 83.3767590",approximate,https://www.gem.wiki/Jindal_Steel_Chhattisgarh_steel_plant,,2025-07-03 00:00:00,unknown,unknown,unknown,unknown,unknown,,,,,unknown,unknown,unknown,unknown,unknown,unknown,no,Iron other/unspecified; Steel other/unspecified,unknown,unknown,unknown,,21.895041,83.376759,IND,0.020118045680432975,161842,454682852.3366098,21.875,83.375,356,1
P100000121034,Jindal Steel Krishnapatnam steel plant,,JSPL Krishnapatnam steel plant (formerly),,Jindal Steel Limited Ltd,,E100001000439,4295874065,,Jindal Steel Limited Ltd [100.0%],E100001000439 [100.0%],4295874065 [100.0%],"Chilakur Mandal, Krishnapatnam, Nellore, Andhra Pradesh, India",,Krishnapatnam,Andhra Pradesh,India,Asia Pacific,"14.2546750, 80.1087020",approximate,https://www.gem.wiki/Jindal_Steel_Krishnapatnam_steel_plant,,2021-07-01 00:00:00,unknown,unknown,unknown,unknown,unknown,,,,,unknown,unknown,unknown,10000,unknown,unknown,no,BOF; Iron other/unspecified,unknown,unknown,unknown,,14.254675,80.108702,IND,0.04042287042490957,173623,200947291.56263226,14.29166667,80.125,356,1
P100000120542,Jindal Steel Patratu steel plant,,"JSPL Balkudra steel plant, JSPL Patratu steel plant (formerly)",,Jindal Steel Limited Ltd,,E100001000439,4295874065,,Jindal Steel Limited Ltd [100.0%],E100001000439 [100.0%],4295874065 [100.0%],"Jharkhand State Highway 2, Patratu, Jharkhand 829143, India",,Patratu,Jharkhand,India,Asia Pacific,"23.6329910, 85.3253080",exact,https://www.gem.wiki/Jindal_Steel_Patratu_steel_plant,,2007,unknown,unknown,unknown,unknown,unknown,,6000.0,1900.0,5000.0,semi-finished,"wire rod, bar",unknown,unknown,unknown,unknown,no,BF; BOF,1320 MW captive power plant,unknown,unknown,12900.0,23.632991,85.325308,IND,0.034577379385510226,156695,934889967.304621,23.625,85.29166667,356,1
P100000120516,Jindal Steel Raigarh steel plant,,JSPL Raigarh steel plant (formerly),,Jindal Steel Limited Ltd,,E100001000439,4295874065,,Jindal Steel Limited Ltd [100.0%],E100001000439 [100.0%],4295874065 [100.0%],"JSPL Post Box No. 16, Kharsia Road, Raigarh, Chhattisgarh 496001, India",,Raigarh,Chhattisgarh,India,Asia Pacific,"21.9227030, 83.3471780",exact,https://www.gem.wiki/Jindal_Steel_Raigarh_steel_plant,37.0,unknown,unknown,1989,unknown,unknown,unknown,60.0,2850.0,800.0,,"semi-finished, finished rolled","billet, coil, rail, beam","building and infrastructure, transport",2652,yes,yes,no,BF; DRI; EAF; BOF,"Dongamahua Captive Power Plant; 354 MW captive power plant at Raigarh and 540 MW captive power plant at Dongamauhu, district Raigarh, Chhattisgarh.",Iron ore in Orissa - not clear if it's captive,Australia,3710.0,21.922703,83.347178,IND,0.045206018403625516,161614,400367384.08294696,21.95833333,83.375,356,1
P100001044907,JSOL Angul steel plant,,,,Jindal Steel Odisha Ltd,,E100002004867,5083803719,,Jindal Steel Limited Ltd [100.0%],E100001000439 [100.0%],4295874065 [100.0%],unknown,,Jindal Nagar,Odisha,India,Asia Pacific,"20.8747130, 84.9440820",exact,https://www.gem.wiki/JSOL_Angul_steel_plant,0.47,2021,unknown,2025-09-01 00:00:00,unknown,unknown,unknown,,11500.0,5170.0,26000.0,finished rolled,wire rod,unknown,9400,unknown,unknown,no,BF; BOF; DRI; EAF,550 MW Gas-fired CPP,JSPL TRB Mine (P100000128505),"Mozambique, Australia and Canada",42670.0,20.874713,84.944082,IND,0.014254219577694018,164281,322827125.6345241,20.875,84.95833333,356,1
P100000120521,JSW Bengal Steel Salboni plant,,,,JSW Bengal Steel Ltd,,E100001000530,5000592310,Partial,JSW Steel Ltd [98.8%]; unknown [1.2%],E100001000516 [98.8%]; E100000132388 [1.2%],4295872888 [98.8%]; unknown [1.2%],"Salboni, West Bengal, India",,Salboni,West Bengal,India,Asia Pacific,"22.5757260, 87.3102580",approximate,https://www.gem.wiki/JSW_Bengal_Steel_Salboni_plant,,unknown,unknown,2036,unknown,unknown,2021,,,,,unknown,unknown,unknown,unknown,unknown,unknown,no,BF; BOF,unknown,unknown,unknown,,22.575726,87.310258,IND,0.03880303481968796,159976,178521520.3246137,22.54166667,87.29166667,356,1
P100000120537,JSW BPSL Jharkhand steel plant,,Bhushan Power and Steel (BPSL) Jharkhand,,Bhushan Power & Steel Ltd,,E100000120156,4298175085,Partial,JSW Steel Ltd [83.3%]; JSW Shipping & Logistics Pvt Ltd [16.7%],E100001000516 [83.3%]; E100001016144 [16.7%],4295872888 [83.3%]; 5043418678 [16.7%],"Potka, Jharkhand, India",,Potka,Jharkhand,India,Asia Pacific,"22.6655260, 85.6462200",approximate,https://www.gem.wiki/JSW_BPSL_Jharkhand_steel_plant,,2006-09-01 00:00:00,unknown,2030,unknown,unknown,unknown,,,,,"crude, semi-finished, finished rolled","wire rod, sheet, pipe, billet, coil, pig iron, rounds, hot rolled, DRI","automotive, building and infrastructure, energy, steel packaging, tools and machinery",unknown,unknown,unknown,no,EAF,unknown,unknown,unknown,,22.665526,85.64622,IND,0.04574543776159508,159722,113645399.55906004,22.625,85.625,356,1
P100000120510,JSW BPSL Jharsuguda steel plant,,"Bhushan Power and Steel (BPSL), JSW Odisha steel plant",,JSW Steel Ltd,,E100001000516,4295872888,Partial,JSW Steel Ltd [100.0%],E100001000516 [100.0%],4295872888 [100.0%],"Thelkoloi, Lapanga PO",,Thelkoloi,Odisha,India,Asia Pacific,"21.7639890, 84.0225290",exact,https://www.gem.wiki/JSW_BPSL_Jharsuguda_steel_plant,21.0,unknown,unknown,2005,unknown,unknown,unknown,,,950.0,3500.0,"crude, semi-finished, finished rolled","wire rod, sheet, pipe, billet, coil, pig iron, rounds, hot rolled, DRI","automotive, building and infrastructure, energy, steel packaging, tools and machinery",929,yes,unknown,no,BF; DRI; EAF; Steel other/unspecified,Captive power plant (506 MW). Excess power generated is sold thorugh state power grid.,Netrabandha iron ore mine,Indian and imported from South Africa,4450.0,21.763989,84.022529,IND,0.033649722579207855,162075,687994436.0281599,21.79166667,84.04166667,356,1
P100000120570,JSW Green Steel Salav plant,,"Welspun Maxsteel (formerly), Vikram Ispat (formerly)",,JSW Green Steel Ltd,,E100002016710,5093571666,Partial,JSW Steel Ltd [100.0%],E100001000516 [100.0%],4295872888 [100.0%],"Salav, taluka Murud, district Raigad, Maharashtra, India",,Salav,Maharashtra,India,Asia Pacific,"18.5308530, 72.9470910",exact,https://www.gem.wiki/JSW_Green_Steel_Salav_plant,33.0,unknown,unknown,1993,unknown,unknown,unknown,,,,,crude,"HBI, DRI",unknown,297,unknown,unknown,no,DRI; EAF; Iron other/unspecified,unknown,unknown,unknown,,18.530853,72.947091,IND,0.07338591500239075,168621,5087801.004416001,18.45833333,72.95833333,356,1
P100001023560,JSW POSCO Keonjhar steel plant,,,,JSW Steel Ltd; POSCO Holdings Inc,포스코홀딩스(주),E100000000953; E100001000516,4295881204; 4295872888,Partial,JSW Steel Ltd [100.0%]; POSCO Holdings Inc [100.0%],E100001000516 [100.0%]; E100000000953 [100.0%],4295872888 [100.0%]; 4295881204 [100.0%],unknown,,unknown,Odisha,India,Asia Pacific,"20.2486320, 86.1564160",approximate,https://www.gem.wiki/JSW_POSCO_Keonjhar_steel_plant,,2024-10-29 00:00:00,unknown,2028,unknown,unknown,unknown,,,,,unknown,"hot rolled, cold rolled, galvanized",unknown,unknown,unknown,unknown,no,BF; BOF,unknown,unknown,unknown,,20.248632,86.156416,IND,0.05109743496271245,165647,165319279.8517694,20.20833333,86.125,356,1
P100000121039,JSW Rayalseema steel plant,,"JSW Kadapa steel plant, AP High Grade Steels Limited (formerly), Kadapa Steel Plant (KSP), YSR Steel Corporation Kadapa steel plant",,JSW Rayalaseema Steel Limited,,E100002018902,5097092725,Partial,JSW Steel Ltd [100.0%],E100001000516 [100.0%],4295872888 [100.0%],"Sunnapurallapalle and Peddandluru Villages, Jammalamadugu Mandal, Kadapa District, Andhra Pradesh, India",,Kadapa,Andhra Pradesh,India,Asia Pacific,"14.7685500, 78.4032630",exact,https://www.gem.wiki/JSW_Rayalseema_steel_plant,,2022,2026-01-01 00:00:00,2029-04-01 00:00:00,unknown,unknown,unknown,,,,,finished rolled,"long products, flat, angle, rounds, channel",unknown,unknown,unknown,unknown,no,EAF,Hydroelectric Power Plant,unknown,unknown,,14.76855,78.403263,IND,0.036512704650418025,173186,45263087.15252942,14.79166667,78.375,356,1
P100000120517,JSW Steel Dolvi steel plant,,Dolvi Works,,JSW Steel Ltd,,E100001000516,4295872888,Partial,JSW Steel Ltd [100.0%],E100001000516 [100.0%],4295872888 [100.0%],"Dharamtar, Taluka Pen, Dolvi, Maharashtra 402107, India",,Dolvi,Maharashtra,India,Asia Pacific,"18.6903120, 73.0359020",exact,https://www.gem.wiki/JSW_Steel_Dolvi_steel_plant,32.0,unknown,unknown,1994,unknown,unknown,unknown,,5100.0,3000.0,8000.0,"semi-finished, finished rolled","galvanized, wire rod, bar, cold rolled, special, hot rolled","automotive, building and infrastructure, energy, steel packaging, tools and machinery, transport",929,yes,unknown,2028-02-17 00:00:00,BF; BOF; DRI; Steel other/unspecified,55 MW power plant (2013); 300 MW CPP,Anglo American Mines at Brazil,China,16100.0,18.690312,73.035902,IND,0.01892088145879707,168209,286389654.28355294,18.70833333,73.04166667,356,1
P100001045504,JSW Steel Gadchiroli steel plant,,,,JSW Steel Ltd,,E100001000516,4295872888,Partial,JSW Steel Ltd [100.0%],E100001000516 [100.0%],4295872888 [100.0%],unknown,,Gadchiroli,Maharashtra,India,Asia Pacific,"20.1846793, 79.9957641",approximate,https://www.gem.wiki/JSW_Steel_Gadchiroli_steel_plant,,2025-02-07 00:00:00,unknown,2029,unknown,unknown,unknown,,,,,finished rolled,hot rolled coil,unknown,unknown,unknown,unknown,no,Iron other/unspecified; Steel other/unspecified,unknown,unknown,unknown,,20.1846793,79.9957641,IND,0.044278388385687595,165573,36499350.191805646,20.20833333,79.95833333,356,1
P100000120520,JSW Steel Jharkhand steel plant,,JSW Steel Ranchi,,JSW Jharkhand Steel Ltd,,E100001000524,5036161012,Partial,JSW Steel Ltd [100.0%],E100001000516 [100.0%],4295872888 [100.0%],"Sonahatu, Ranchi, Jharkhand, India",,Ranchi,Jharkhand,India,Asia Pacific,"23.1881080, 85.7150970",approximate,https://www.gem.wiki/JSW_Steel_Jharkhand_steel_plant,0.0,2005,unknown,2026,unknown,unknown,unknown,,15600.0,6000.0,8000.0,unknown,unknown,unknown,unknown,unknown,unknown,no,BF; BOF; DRI,900 MW Captive Power Plant,unknown,unknown,29600.0,23.188108,85.715097,IND,0.021326303136683704,158017,22085261.29316944,23.20833333,85.70833333,356,1
P100000120536,JSW Steel Raigarh steel plant,,"JSW Ispat Special Products Raigarh steel plant (formerly), JISPL Raigarh, Monnet Ispat & Energy Limited Raigarh",,JSW Ispat Special Products Ltd,,E100000120868,4295873687,,JSW Ispat Special Products Ltd [100.0%],E100000120868 [100.0%],4295873687 [100.0%],"Village & Post - Naharpalli, Tehsil - Kharsia, Raigarh 496661, Chhattisgarh, India",,Raigarh,Chhattisgarh,India,Asia Pacific,"21.9837090, 83.2381330",exact,https://www.gem.wiki/JSW_Steel_Raigarh_steel_plant,18.0,unknown,unknown,2008,unknown,unknown,unknown,220.0,960.0,,2200.0,"semi-finished, finished rolled","rebar, pellets, plate, sponge iron, billet, pig iron, hot rolled, profile","automotive, building and infrastructure, tools and machinery, transport",1052,yes,unknown,no,BF; DRI; EAF,Captive power plant (174 MW),JSWSL's mines,imports,3380.0,21.983709,83.238133,IND,0.03914006847283343,161612,213067224.22470316,21.95833333,83.20833333,356,1
P100000120518,JSW Steel Salem steel plant,,,,JSW Steel Ltd,,E100001000516,4295872888,Partial,JSW Steel Ltd [100.0%],E100001000516 [100.0%],4295872888 [100.0%],"Pottaneri, M. Kalipatti Village, Salem, Tamil Nadu 636453, India",,Pottaneri,Tamil Nadu,India,Asia Pacific,"11.8149120, 77.9184650",exact,https://www.gem.wiki/JSW_Steel_Salem_steel_plant,28.0,1991,1996,1998,unknown,unknown,unknown,,1235.0,500.0,,"semi-finished, finished rolled","wire rod, square, bar, coil, flat, hot rolled","automotive, building and infrastructure, energy, steel packaging, tools and machinery, transport",929,yes,yes,2028-02-17 00:00:00,BF; BOF,3x 30MW CPP (More than 70% of captive power generation through waste heat),Captive mines in Odisha (unknown what percentage comes from here),Imported,1735.0,11.814912,77.918465,IND,0.04615007154705345,175505,606793261.3724501,11.79166667,77.95833333,356,1
P100000120519,JSW Steel Vijayanagar steel plant,,"JSW Steel Toranagallu, JVSL, Vijayanagar Works, JSW Karnataka steel plant",,JSW Steel Ltd,,E100001000516,4295872888,Partial,JSW Steel Ltd [100.0%],E100001000516 [100.0%],4295872888 [100.0%],"Sandur Taluk, Vijyanagar Post, Bellary, Toranagallu, Karnataka 583275, India",,Toranagallu,Karnataka,India,Asia Pacific,"15.1804230, 76.6631340",exact,https://www.gem.wiki/JSW_Steel_Vijayanagar_steel_plant,32.0,unknown,unknown,1994,unknown,unknown,unknown,,12950.0,6500.0,9200.0,"semi-finished, finished rolled","galvanized, wire rod, bar, cold rolled, special, hot rolled",building and infrastructure,929,yes,unknown,2028-02-17 00:00:00,BF; BOF; DRI; EAF; Iron other/unspecified; Steel other/unspecified,"JSW Vijayanagar Toranagallu power station; 860MW power plant in Vijaynagar consisting of 2 130MW units in SBU I (2000) and 2 300MW units in SBU II (2009), 76 MW captive power plant. Also recycles 96% of coke oven gas for power generation.",Captive mines in Odisha and Karnataka,unknown,28650.0,15.180423,76.663134,IND,0.04725662362789911,172802,334841572.46645224,15.20833333,76.625,356,1
P100000120539,JSW Utkal Steel Rajnagar plant,,JUSL,,JSW Utkal Steel Ltd,,E100001000528,5073682427,Partial,JSW Steel Ltd [100.0%],E100001000516 [100.0%],4295872888 [100.0%],"Nuagaon, Dhinkia and Gadakujung panchayats",,Rajnagar,Odisha,India,Asia Pacific,"20.2166670, 86.5500000",approximate,https://www.gem.wiki/JSW_Utkal_Steel_Rajnagar_plant,0.0,2017-09-27 00:00:00,2023-03-17 00:00:00,2026,unknown,unknown,unknown,,5775.0,3000.0,16000.0,"semi-finished, finished rolled","wire rod, rebar, sheet, sections, plate, strip, electrical, coil",unknown,unknown,unknown,unknown,no,BF; BOF; DRI,"JSW Utkal Steel power station Unit 1 - G115666, L104954 (300 MW)","Joda-Barbil, Koira and Nayagarh mines","Imports possibly from Mozambique, Australia and Canada",24775.0,20.216667,86.55,IND,0.01178534872448963,165652,105160684.6244372,20.20833333,86.54166667,356,1
P100000120538,JSW Vijayanagar Metallics steel plant,,"VML, JVML",,JSW Vijayanagar Metallics Ltd,,E100001000529,5080153250,Partial,JSW Steel Ltd [100.0%],E100001000516 [100.0%],4295872888 [100.0%],"Sandur Taluk, Vijyanagar Post, Bellary, Toranagallu, Karnataka 583275, India",,Toranagallu,Karnataka,India,Asia Pacific,"15.2031760, 76.6591220",approximate,https://www.gem.wiki/JSW_Vijayanagar_Metallics_steel_plant,2.0,2019-12-24 00:00:00,2022-01-07 00:00:00,2024,unknown,unknown,unknown,,5750.0,,,finished rolled,hot rolled,unknown,990,unknown,unknown,no,BF; BOF,unknown,unknown,unknown,5750.0,15.203176,76.659122,IND,0.03450954848630548,172802,334841572.46645224,15.20833333,76.625,356,1
P100001025631,Kalyani Steels Dhenkanal steel plant,,,,Kalyani Steels Ltd,,E100000130701,4295872493,,Kalyani Steels Ltd [100.0%],E100000130701 [100.0%],4295872493 [100.0%],unknown,,unknown,Odisha,India,Asia Pacific,"20.6018190, 85.5946530",approximate,https://www.gem.wiki/Kalyani_Steels_Dhenkanal_steel_plant,0.0,2024-02-01 00:00:00,unknown,2026,unknown,unknown,unknown,,2400.0,780.0,,finished rolled,unknown,"automotive, energy",unknown,unknown,unknown,no,BF; BOF; EAF; IF,unknown,unknown,unknown,3180.0,20.601819,85.594653,IND,0.03818768348565304,164802,319583186.94651854,20.625,85.625,356,1
P100001062093,Kapila Metals Jalna steel plant,,,,Kapila Metals Pvt Ltd,,E100002019750,unknown,,Kapila Metals Pvt Ltd [100.0%],E100002019750 [100.0%],unknown [100.0%],unknown,,unknown,Maharashtra,India,Asia Pacific,"19.874223, 75.817553",exact,https://www.gem.wiki/Kapila_Metals_Jalna_steel_plant,,2011,unknown,unknown,unknown,unknown,unknown,,,,2000.0,unknown,"billet, bar",unknown,unknown,unknown,unknown,no,DRI; IF,51 MW power plant,unknown,unknown,2000.0,19.874223,75.817553,IND,0.025897988529405162,166183,100155279.26306468,19.875,75.79166667,356,1
P100001045284,KIC Metaliks Durgapur steel plant,,,,KIC Metaliks Ltd,,E100002007981,4295873610,,KIC Metaliks Ltd [100.0%],E100002007981 [100.0%],4295873610 [100.0%],Raturia Industrial Area,,Durgapur,West Bengal,India,Asia Pacific,"23.5075390, 87.2779140",exact,https://www.gem.wiki/KIC_Metaliks_Durgapur_steel_plant,28.05,unknown,unknown,1998-02-01 00:00:00,unknown,unknown,unknown,,360.0,,,unknown,unknown,unknown,421,unknown,unknown,no,BF; DRI; EAF; IF,4.7 MW WHRB CPP,unknown,unknown,360.0,23.507539,87.277914,IND,0.03679448045234334,156984,1554639245.0040002,23.54166667,87.29166667,356,1
P100000120522,Lloyds Metals and Energy Ltd Ghugus steel plant,,"LMEL Unit 1, Ghugus Steel Plant",,Lloyds Metals and Energy Ltd,,E100001012204,4295874250,,Lloyds Metals and Energy Ltd [100.0%],E100001012204 [100.0%],4295874250 [100.0%],"A1-2 MIDC, Ghugus, Chandrapur 442505, Maharashtra, India",,Ghugus,Maharashtra,India,Asia Pacific,"19.9298370, 79.1193440",exact,https://www.gem.wiki/Lloyds_Metals_and_Energy_Ltd_Ghugus_steel_plant,31.0,unknown,unknown,1995,unknown,unknown,unknown,,,,4000.0,semi-finished,"sponge iron, pellets",unknown,800,unknown,unknown,no,DRI; BF; EAF; Steel other/unspecified; IF,30 MW WHRB Power plant,LMEL Surajgarh mine (P100000128896),Western Coalfields Ltd,4000.0,19.929837,79.119344,IND,0.029052214364293942,166059,248656224.30699146,19.95833333,79.125,356,1
P100000121179,Lloyds Metals and Energy Ltd Konsari steel plant,,"Konsari Steel Plant, LMEL Unit 2",,Lloyds Metals and Energy Ltd,,E100001012204,4295874250,,Lloyds Metals and Energy Ltd [100.0%],E100001012204 [100.0%],4295874250 [100.0%],"Plot No. A-1, Chamorshi Industrial Area, Konsari, Gadchiroli- 442707, Maharashtra, India",,Konsari,Maharashtra,India,Asia Pacific,"19.7704090, 79.8135990",exact,https://www.gem.wiki/Lloyds_Metals_and_Energy_Ltd_Konsari_steel_plant,3.0,2018,2022-07-01 00:00:00,2023,unknown,unknown,unknown,,,,4000.0,unknown,unknown,unknown,1100,unknown,unknown,no,DRI; BF; BOF,4 MW Captive power plant; 28.2 MW Wind and Solar power from Hexa Energy,LMEL Surjagarh Mine (P100000128896),Western Coalfields Ltd,4000.0,19.770409,79.813599,IND,0.03054366764253702,166391,1199591.592945764,19.79166667,79.79166667,356,1
P100000120559,Mesco Steel Kalinganagar plant,,"Mideast Integrated Steel (MISL), MESCO-I, MSKL",,Mesco Kalinga Steel Ltd,,E100000130811,4296917434,,Mesco Kalinga Steel Ltd [100.0%],E100000130811 [100.0%],4296917434 [100.0%],"Kalinga Nagar Industrial Complex, Khurunti, P.O. Danagadi - 755026, Distt. Jaipur, Orissa, India",,Kalinganagar,Odisha,India,Asia Pacific,"20.9762770, 86.0444190",exact,https://www.gem.wiki/Mesco_Steel_Kalinganagar_plant,21.0,unknown,1997,2005,unknown,unknown,unknown,,770.0,,,"crude, semi-finished","pig iron, long products, plate, flat",unknown,unknown,unknown,unknown,no,BF; BOF,One captive power plant (24 MW capacity),MISL Roida Mine (P100000128497),Chhindwara,770.0,20.976277,86.044419,IND,0.018153528954390024,164113,864289310.3874147,20.95833333,86.04166667,356,1
P100000121239,Mono Steel Gandhidham plant,,,,Mono Steel (India) Ltd,,E100001012890,5034842685,,Mono Steel (India) Ltd [100.0%],E100001012890 [100.0%],5034842685 [100.0%],"Survey No. 397, Village Dhadakta, Gandhidham, Gujarat, 370010, India",,Gandhidham,Gujarat,India,Asia Pacific,"23.3122650, 70.2019530",exact,https://www.gem.wiki/Mono_Steel_Gandhidham_plant,36.0,unknown,unknown,1990,unknown,unknown,unknown,,,,,"crude, semi-finished, finished rolled","billet, pig iron, sponge iron, bar",building and infrastructure,unknown,2022-11-16 00:00:00,unknown,no,BF; DRI; IF,Waste heat recover captive power plants (12 MW) - 60% of energy needs met,Africa,"Indonesia, Australia",,23.312265,70.201953,IND,0.021563854240319074,157571,31833855.18768871,23.29166667,70.20833333,356,1
P100000120567,MSP Steel & Power Raigarh plant,,MSPSPL,,MSP Steel & Power Ltd,,E100000130702,4295873986,Partial,MSP Steel & Power Ltd [100.0%],E100000130702 [100.0%],4295873986 [100.0%],"Manuapali, Jamgaon, District Raigarh (Chhattisgarh), India",,Raigarh,Chhattisgarh,India,Asia Pacific,"21.8767300, 83.5544950",exact,https://www.gem.wiki/MSP_Steel_&_Power_Raigarh_plant,24.0,unknown,unknown,2002,unknown,unknown,unknown,300.0,900.0,,1250.0,"crude, semi-finished, finished rolled","structural, pellets, sponge iron, bar, billet",unknown,1073,yes,unknown,no,DRI; IF; BF,45 MW Captive Power plant,unknown,unknown,2450.0,21.87673,83.554495,IND,0.012944456365140305,161844,122199505.11316605,21.875,83.54166667,356,1
P100001062087,Mukand Sumi Special Steel Hospet steel plant,,,,Mukand Sumi Special Steel Ltd,,E100002019744,5064525055,,Jamnalal Sons Pvt Ltd [51.0%]; Sumitomo Corp [49.0%],E100002007558 [51.0%]; E100000000657 [49.0%],5037050765 [51.0%]; 5000000997 [49.0%],Hospet,,Kanakapur,Karnataka,India,Asia Pacific,"15.3289760, 76.2586130",exact,https://www.gem.wiki/Mukand_Sumi_Special_Steel_Hospet_steel_plant,4.55,unknown,unknown,2021-08-01 00:00:00,unknown,unknown,unknown,,,,,finished rolled,"bars, wire rod",unknown,unknown,yes,no,no,BF; Steel other/unspecified,unknown,unknown,unknown,,15.328976,76.258613,IND,0.04984507202841574,172724,208281204.80950305,15.29166667,76.29166667,356,1
P100001025672,N R Ispat and Power Raigarh steel plant,,,,NR Ispat and Power Pvt Ltd,,E100002004792,5080521439,,NR Ispat and Power Pvt Ltd [100.0%],E100002004792 [100.0%],5080521439 [100.0%],unknown,,Gourmudi,Chhattisgarh,India,Asia Pacific,"22.0130860, 83.3303720",exact,https://www.gem.wiki/N_R_Ispat_and_Power_Raigarh_steel_plant,18.0,2003,unknown,2008,unknown,unknown,unknown,,,,,"semi-finished, finished rolled","rebar, billet, sponge iron",unknown,unknown,unknown,unknown,no,DRI; IF,8 MW power plant (4 MW Fluidized Bed Combustion and 4MW WHRB),Chhattisgarh and Odisha,SECL Chhattisgarh /MCL Odisha,,22.013086,83.330372,IND,0.04811400282722007,161380,155299189.2988411,22.04166667,83.29166667,356,1
P100000120540,Neelachal Ispat Nigam steel plant,,NINL,,Neelachal Ispat Nigam Ltd,,E100001010157,4296902087,Partial,Tata Steel Long Products Ltd [92.7%]; Tata Steel Ltd [5.2%]; small shareholder(s) [2.1%],E100000121408 [92.7%]; E100001010018 [5.2%]; E100001015587 [2.1%],4295874051 [92.7%]; 4295872420 [5.2%]; unknown [2.1%],"Kalinga Nagar Industrial Complex, DUBURI, Jajpur 755 026, Odisha, India",,Kalinganagar,Odisha,India,Asia Pacific,"20.9986410, 86.0191020",exact,https://www.gem.wiki/Neelachal_Ispat_Nigam_steel_plant,44.0,unknown,unknown,1982,unknown,unknown,unknown,,1710.0,880.0,,"crude, semi-finished","wire rod, coke, bar, billet, pig iron, slag",building and infrastructure,1400,yes,unknown,no,BF; BOF,62.5 MW captive power plant; 4x67.5MW CPP proposed,NINL Koira Mine (P100000128488),Australia,2590.0,20.998641,86.019102,IND,0.04619385882384792,164113,864289310.3874147,20.95833333,86.04166667,356,1
P100000121165,Nilachal Iron & Power Gamharia steel plant,,NIPL,,Nilachal Iron & Power Ltd,,E100001012115,4297663124,,Nilachal Iron & Power Ltd [100.0%],E100001012115 [100.0%],4297663124 [100.0%],"Ratanpur-Kandra Village, Gamharia Block, District Saraikela-Kharsawan, Jharkhand, India",,Gamharia,Jharkhand,India,Asia Pacific,"22.8748630, 86.0636460",exact,https://www.gem.wiki/Nilachal_Iron_&_Power_Gamharia_steel_plant,24.0,unknown,unknown,2002,unknown,unknown,unknown,,,,,"crude, semi-finished, finished rolled","billet, rebar, sponge iron",unknown,1552,unknown,unknown,no,DRI; IF,12 MW WHRB Power plant to be commissioned by 2021; 30 MW WHRB power plant to be commissioned by June 2022,"Barbil, Banspani & Jaruli area of Orissa",Imports,,22.874863,86.063646,IND,0.021979756965199587,159029,631216996.6196955,22.875,86.04166667,356,1
P100000120548,NMDC Karnataka steel plant,,,,NMDC Steel Ltd,,E100002004554,5044197117,Partial,NMDC Steel Ltd [100.0%],E100002004554 [100.0%],5044197117 [100.0%],"Bellary Taluk, Karnataka, India",,Bellary Taluk,Karnataka,India,Asia Pacific,"15.1862880, 76.9165910",approximate,https://www.gem.wiki/NMDC_Karnataka_steel_plant,,2008,unknown,2030,unknown,unknown,unknown,,,,,unknown,unknown,unknown,unknown,unknown,unknown,no,BOF,unknown,unknown,unknown,,15.186288,76.916591,IND,0.04707236828340676,172805,264490082.3818576,15.20833333,76.875,356,1
P100000120523,NMDC Nagarnar steel plant,,,,NMDC Steel Ltd,,E100002004554,5044197117,Partial,NMDC Steel Ltd [100.0%],E100002004554 [100.0%],5044197117 [100.0%],"Nagarnar, South Bastar, Chhattisgarh, India",,Nagarnar,Chhattisgarh,India,Asia Pacific,"19.0931901, 82.1700000",exact,https://www.gem.wiki/NMDC_Nagarnar_steel_plant,2.47,2008,2011,2023-08-31 00:00:00,unknown,unknown,unknown,,4663.0,1763.0,2000.0,finished rolled,"coil, sheet, plate","automotive, building and infrastructure, energy, tools and machinery, transport",5596,yes,unknown,no,BF; BOF,Barasur Substation,Bailadila mine,"Imported from China, Australia or New Zealand",8426.0,19.0931901,82.17,IND,0.049812788788611936,167611,67937733.07878391,19.125,82.20833333,356,1
P100000121188,Orissa Alloy Steel Kharagpur Plant,,Rashmi Alloys Steel Pvt Ltd (formerly),,Orissa Metaliks Pvt Ltd,,E100001012161,5062177290,,small shareholder(s) [28.7%]; Cimmco Vinimay Pvt Ltd [16.6%]; Rashmi Iron Industries Pvt Ltd [9.1%]; Newera Commotrade Pvt Ltd [6.6%]; Rashmi Infrastructure Pvt Ltd [6.0%]; Bholebaba Consultants LLP [5.8%]; Rashmi Cement Ltd [5.7%]; Daffodil Plaza Pvt Ltd [5.7%]; Optimist Commosale Pvt Ltd [5.5%]; Rashidhan Sales Pvt Ltd [5.2%]; Rashmi Metaliks Ltd [5.0%]; natural person(s) [0.1%],E100001015587 [28.7%]; E100001012163 [16.6%]; E100001012171 [9.1%]; E100001012169 [6.6%]; E100001012170 [6.0%]; E100001012164 [5.8%]; E100001012079 [5.7%]; E100001012165 [5.7%]; E100001012168 [5.5%]; E100001012166 [5.2%]; E100000130890 [5.0%]; E100000123261 [0.1%],unknown [28.7%]; 5080163114 [16.6%]; unknown [9.1%]; unknown [6.6%]; 5086775134 [6.0%]; unknown [5.8%]; 4298177377 [5.7%]; unknown [5.7%]; 5086775048 [5.5%]; 5082449920 [5.2%]; 4298375168 [5.0%]; unknown [0.1%],"Mouza – Nandarchalk ,Bargai, Shyamraipur & Kanjarichak, Village – Gokulpur, P.O – Shyamraipur, P.S – Kharagpur (L), Dist. Paschim Medinipur , West Bengal, India",,Kharagpur,West Bengal,India,Asia Pacific,"22.3642580, 87.3090470",exact,https://www.gem.wiki/Orissa_Alloy_Steel_Kharagpur_Plant,5.0,2006,unknown,2021,unknown,unknown,unknown,,840.0,500.0,11000.0,finished rolled,"pipe, bar, di pipe",unknown,3000,unknown,unknown,no,DRI; IF; BF,270 MW Captive Power Plant (planned),"Barbil-Joda, Odisha","BCCL, Dhanbad and imported",12340.0,22.364258,87.309047,IND,0.02043199537268,160456,2985882028.961829,22.375,87.29166667,356,1
P100000121187,Orissa Metaliks Kharagpur steel plant,,"OMPL, Orissa Metallurgical Industry Pvt Ltd (OMIPL)",,Orissa Metaliks Pvt Ltd,,E100001012161,5062177290,,small shareholder(s) [28.7%]; Cimmco Vinimay Pvt Ltd [16.6%]; Rashmi Iron Industries Pvt Ltd [9.1%]; Newera Commotrade Pvt Ltd [6.6%]; Rashmi Infrastructure Pvt Ltd [6.0%]; Bholebaba Consultants LLP [5.8%]; Rashmi Cement Ltd [5.7%]; Daffodil Plaza Pvt Ltd [5.7%]; Optimist Commosale Pvt Ltd [5.5%]; Rashidhan Sales Pvt Ltd [5.2%]; Rashmi Metaliks Ltd [5.0%]; natural person(s) [0.1%],E100001015587 [28.7%]; E100001012163 [16.6%]; E100001012171 [9.1%]; E100001012169 [6.6%]; E100001012170 [6.0%]; E100001012164 [5.8%]; E100001012079 [5.7%]; E100001012165 [5.7%]; E100001012168 [5.5%]; E100001012166 [5.2%]; E100000130890 [5.0%]; E100000123261 [0.1%],unknown [28.7%]; 5080163114 [16.6%]; unknown [9.1%]; unknown [6.6%]; 5086775134 [6.0%]; unknown [5.8%]; 4298177377 [5.7%]; unknown [5.7%]; 5086775048 [5.5%]; 5082449920 [5.2%]; 4298375168 [5.0%]; unknown [0.1%],"Village Gokulpur, P.O. Shyamraipur, P.S. Kharagpur, District West Medinipur, West Bengal, India",,Kharagpur,West Bengal,India,Asia Pacific,"22.3783550, 87.2817730",exact,https://www.gem.wiki/Orissa_Metaliks_Kharagpur_steel_plant,9.0,2008,unknown,2017,unknown,unknown,unknown,,,60.0,2200.0,semi-finished,"cold rolled, DRI, pellets, bar",unknown,unknown,unknown,unknown,no,BF; DRI; IF,83 MW Captive Power Plant (at Unit I),unknown,unknown,2260.0,22.378355,87.281773,IND,0.010447044130701738,160456,2985882028.961829,22.375,87.29166667,356,1
P100000120566,Orissa Metaliks Markuta steel plant,,"MSP Metallics Limited, MSPML (formerly), Adhunik Industries Private Limited (formerly)",,Orissa Metaliks Pvt Ltd,,E100001012161,5062177290,,small shareholder(s) [28.7%]; Cimmco Vinimay Pvt Ltd [16.6%]; Rashmi Iron Industries Pvt Ltd [9.1%]; Newera Commotrade Pvt Ltd [6.6%]; Rashmi Infrastructure Pvt Ltd [6.0%]; Bholebaba Consultants LLP [5.8%]; Rashmi Cement Ltd [5.7%]; Daffodil Plaza Pvt Ltd [5.7%]; Optimist Commosale Pvt Ltd [5.5%]; Rashidhan Sales Pvt Ltd [5.2%]; Rashmi Metaliks Ltd [5.0%]; natural person(s) [0.1%],E100001015587 [28.7%]; E100001012163 [16.6%]; E100001012171 [9.1%]; E100001012169 [6.6%]; E100001012170 [6.0%]; E100001012164 [5.8%]; E100001012079 [5.7%]; E100001012165 [5.7%]; E100001012168 [5.5%]; E100001012166 [5.2%]; E100000130890 [5.0%]; E100000123261 [0.1%],unknown [28.7%]; 5080163114 [16.6%]; unknown [9.1%]; unknown [6.6%]; 5086775134 [6.0%]; unknown [5.8%]; 4298177377 [5.7%]; unknown [5.7%]; 5086775048 [5.5%]; 5082449920 [5.2%]; 4298375168 [5.0%]; unknown [0.1%],"Markuta, P.O : Markuta, Jharsuguda, Jharsuguda- 768201, Jharsuguda, Odisha",,Markuta,Odisha,India,Asia Pacific,"21.8567470, 83.9662440",exact,https://www.gem.wiki/Orissa_Metaliks_Markuta_steel_plant,18.0,2004-11-27 00:00:00,unknown,2008,unknown,unknown,unknown,,460.0,240.0,600.0,"crude, semi-finished","bloom, billet, DRI",unknown,1100,unknown,unknown,no,BF; DRI; IF; BOF,"24 MW Captive power plant, proposed expansion to 275 MW","Barbil-Joda, Orissa","BCCL, Dhanbad or imported",1300.0,21.856747,83.966244,IND,0.019893484080194927,161849,645075019.3542067,21.875,83.95833333,356,1
P100000120563,Orissa Sponge Iron and Steel plant,,Odisha Sponge Iron & Steel (OSIL),,Orissa Sponge Iron and Steel Ltd,,E100000130699,4295872376,Partial,Orissa Sponge Iron and Steel Ltd [100.0%],E100000130699 [100.0%],4295872376 [100.0%],"Orissa Sponge Iron & Steel Limited, P.O. Palaspanga District Keonjhar, Odisha- 758031, India",,Palaspanga,Odisha,India,Asia Pacific,"21.8019940, 85.5675100",exact,https://www.gem.wiki/Orissa_Sponge_Iron_and_Steel_plant,31.0,unknown,unknown,1995,unknown,unknown,unknown,,,,,"crude, semi-finished","billet, DRI",unknown,186,yes,unknown,no,DRI; IF,12+24 MW CPP,Captive mines,"MCL, SECL",,21.801994,85.56751,IND,0.027830405142897547,162093,55597769.29395994,21.79166667,85.54166667,356,1
P100000121189,Orissa Steel and Power Jhargram steel plant,,Rashmi Udyog Pvt Ltd,,Orissa Steel & Power Pvt Ltd,,E100001012078,5083805903,,Rashmi Cement Ltd [100.0%],E100001012079 [100.0%],4298177377 [100.0%],"Village – Jitusole & Baghmuri, P. O. – Garhsalboni, P. S. – Jhargram, District – Jhargram, State – West Bengal",,Jhargram,West Bengal,India,Asia Pacific,"22.3591000, 87.0171840",exact,https://www.gem.wiki/Orissa_Steel_and_Power_Jhargram_steel_plant,,2015,unknown,unknown,unknown,unknown,unknown,,,,6400.0,"crude, semi-finished",rod,unknown,unknown,unknown,unknown,no,DRI; EAF; IF,245 MW Captive Power Plant,"Birmitrapur, Orissa/ Bilaspur, Chhattisgarh",BCCL Dhanbad or imported,6400.0,22.3591,87.017184,IND,0.0291926554175658,160453,47335285.52206003,22.375,87.04166667,356,1
P100000120558,Prakash Industries Janjgir steel plant,,PIL,,Prakash Industries Ltd,,E100000121137,4295873868,,Prakash Industries Ltd [100.0%],E100000121137 [100.0%],4295873868 [100.0%],"Village – Champa, Distt. Janjgir, Chhattisgarh – 495671",,Janjgir,Chhattisgarh,India,Asia Pacific,"22.0046940, 82.6716660",exact,https://www.gem.wiki/Prakash_Industries_Janjgir_steel_plant,33.0,1991-11-01 00:00:00,unknown,1993,unknown,unknown,unknown,,1650.0,,,"crude, semi-finished","bloom, billet, DRI",unknown,2404,yes,yes,no,DRI; IF,Captive power plant,unknown,unknown,1650.0,22.004694,82.671666,IND,0.052071790983774284,161373,465552274.1725282,22.04166667,82.70833333,356,1
P100000121190,Prakash Sponge Iron and Power Challakere steel plant,,,,Prakash Sponge Iron and Power Pvt Ltd,,E100001012047,5082001234,,Prakash Sponge Iron and Power Pvt Ltd [100.0%],E100001012047 [100.0%],5082001234 [100.0%],"Villages: Heggere & Kaparahalli, Taluk: Challakere, District: Chitradurga, Karnataka, India",,Challakere,Karnataka,India,Asia Pacific,"14.1529120, 76.6658240",exact,https://www.gem.wiki/Prakash_Sponge_Iron_and_Power_Challakere_steel_plant,,2010,unknown,unknown,unknown,unknown,unknown,,,,,semi-finished,billet,unknown,unknown,unknown,unknown,no,DRI; EAF; IF,"WHRB (7.1 MW operating, 66 MW proposed); 37 MW FBC proposed",Own mines and external purchase fromKarnataka and Odisha,"SCCL, CIL, Indonesia, South Africa, Australia",,14.152912,76.665824,IND,0.049453803898184476,173718,10655640.702493113,14.125,76.625,356,1
P100000120553,Ramsarup Industries Kharagpur steel plant,,"Ramsarup Lohh Udyog (formerly), Ramsarup Kharagpur",,Ramsarup Industries Ltd,,E100000130705,4295874334,,Shyam Metalics and Energy Ltd,E100001012152,5000933245,"P.O - Rakha Jangal, Saha Chowk, Kharagpur, Dist-Midnapur, West Bengal, India",,Kharagpur,West Bengal,India,Asia Pacific,"22.9774770, 88.4574430",exact,https://www.gem.wiki/Ramsarup_Industries_Kharagpur_steel_plant,19.0,2006,unknown,2007,unknown,unknown,unknown,,,,,"semi-finished, finished rolled","billet, wire",energy,unknown,unknown,unknown,no,BF; DRI; EAF,20MW Captive Power Plant (began in 2009); 40 MW (upcoming),unknown,unknown,,22.977477,88.457443,IND,0.019164362462077308,158817,3789988245.8372393,22.95833333,88.45833333,356,1
P100001025938,Rashmi Green Hydrogen Steel Kharagpur steel plant,,,,Rashmi Green Hydrogen Steel Pvt Ltd,,E100002005355,5086734197,,Rashmi Green Hydrogen Steel Pvt Ltd [100.0%],E100002005355 [100.0%],5086734197 [100.0%],unknown,,Kharagpur,West Bengal,India,Asia Pacific,"22.3314890, 87.3980850",exact,https://www.gem.wiki/Rashmi_Green_Hydrogen_Steel_Kharagpur_steel_plant,,2022,2023,unknown,unknown,unknown,unknown,,4000.0,1000.0,1200.0,finished rolled,"ferro alloys, tube, pipe, strip, di pipe",building and infrastructure,3000,unknown,unknown,no,BF; BOF,230 MW CPP (80 MW WHRB; 150 MW CFBC); 49 MW from grid (WBSEDCL),"Barbil-Joda, Odisha","BCCL, Dhanbad",6200.0,22.331489,87.398085,IND,0.04602972074245768,160702,1986124537.7752411,22.29166667,87.375,356,1
P100000120556,Rashmi Metaliks Jamuria steel plant,,RML Jamuria,,Rashmi Metaliks Ltd,,E100000130890,4298375168,,Rashmi Metaliks Ltd [100.0%],E100000130890 [100.0%],4298375168 [100.0%],"Jamuria, Burdwan, West Bengal, India",,Jamuria,West Bengal,India,Asia Pacific,"23.7063430, 87.0777400",approximate,https://www.gem.wiki/Rashmi_Metaliks_Jamuria_steel_plant,,2011,unknown,unknown,unknown,unknown,unknown,,,,,unknown,unknown,unknown,unknown,unknown,unknown,no,BOF; EAF; Iron other/unspecified,unknown,unknown,unknown,,23.706343,87.07774,IND,0.0361281960634399,156447,2472734054.712556,23.70833333,87.04166667,356,1
P100000120555,Rashmi Metaliks Kharagpur steel plant,,RML Kharagpur,,Rashmi Metaliks Ltd,,E100000130890,4298375168,,Rashmi Metaliks Ltd [100.0%],E100000130890 [100.0%],4298375168 [100.0%],"Village Gokulpur, P.O. Shyamraipur, P.S. Kharagpur (Local), District West Medinipur, West Bengal, India",,Kharagpur,West Bengal,India,Asia Pacific,"22.3606640, 87.2959320",exact,https://www.gem.wiki/Rashmi_Metaliks_Kharagpur_steel_plant,22.0,unknown,unknown,2004,unknown,unknown,unknown,,600.0,,2100.0,"crude, semi-finished, finished rolled","wire rod, bar, pipe, billet, pig iron, DRI, di pipe",unknown,unknown,expired,unknown,no,BF; IF,One captive power plant (25 MW),"Barbil-Joda, Odisha","BCCL, Dhanbad or imported",2700.0,22.360664,87.295932,IND,0.014957069766798087,160456,2985882028.961829,22.375,87.29166667,356,1
P100000120531,RINL Vizag Steel plant,,"Rashtriya Ispat Nigam Limited, RINL, Visakhapatnam Steel Plant",,Rashtriya Ispat Nigam Ltd,,E100000001935,4296922665,Full,Rashtriya Ispat Nigam Ltd [100.0%],E100000001935 [100.0%],4296922665 [100.0%],"Visakhapatnam Steel Plant, Visakhapatnam 530031, Andhra Pradesh, India",,Visakhapatnam,Andhra Pradesh,India,Asia Pacific,"17.6128460, 83.1919180",exact,https://www.gem.wiki/RINL_Vizag_Steel_plant,37.0,1970,1971,1989,unknown,unknown,unknown,,10101.0,4200.0,,"semi-finished, finished rolled","wire rod, rebar, channel, bar, billet, pig iron, rounds, special",building and infrastructure,12794,yes,yes,no,BF; BOF,"Power generated at two captive power plants, solar power plant, back pressure turbine station (BPTS), Gas Expansion Turbine Station (GET), waste heat recovery at sinter plant.",NMDC Donimalai (P100000128467); SAIL Rourkela mine,Russia; Central Coalfields,14301.0,17.612846,83.191918,IND,0.02042505263172911,170030,4255549611.1018696,17.625,83.20833333,356,1
P100001025819,Rungta Mines Chaliyama steel plant,,,,Rungta Mines Ltd,,E100000130898,4298502619,,Rungta Mines Ltd [100.0%],E100000130898 [100.0%],4298502619 [100.0%],unknown,,Chaliyama,Jharkhand,India,Asia Pacific,"22.5883590, 85.9057240",exact,https://www.gem.wiki/Rungta_Mines_Chaliyama_steel_plant,,2008,unknown,unknown,unknown,unknown,unknown,,,,,"semi-finished, finished rolled","flat, round bar, rolled wire rod, billet, slab, bloom",unknown,1830,unknown,unknown,no,DRI; IF; BF; Steel other/unspecified,1252 MW CPP (proposed),Captive mines in Odisha and Jharkhand,Imported from South Africa,,22.588359,85.905724,IND,0.04781764378344416,159725,134689600.47245446,22.625,85.875,356,1
P100000120569,Rungta Mines Dhenkanal steel plant,,RML Odisha,,Rungta Mines Ltd,,E100000130898,4298502619,,Rungta Mines Ltd [100.0%],E100000130898 [100.0%],4298502619 [100.0%],"Jhadabandh, PO-Nimabahali, Meramandali, Dist-Dhenkanal, Odisha-759121, India",,Jhadabandh,Odisha,India,Asia Pacific,"20.7645240, 85.2993180",exact,https://www.gem.wiki/Rungta_Mines_Dhenkanal_steel_plant,5.0,2018,unknown,2021,unknown,unknown,unknown,,2827.0,1070.0,28750.0,finished rolled,"wire rod, bar",unknown,unknown,unknown,unknown,no,DRI; IF; BF; BOF; EAF,695 MW Captive power plant,unknown,unknown,32647.0,20.764524,85.299318,IND,0.028200485554291804,164460,523384374.02003706,20.79166667,85.29166667,356,1
P100000121186,Rungta Mines Kamanda steel plant,,Kamanda steel plant,,Rungta Mines Ltd,,E100000130898,4298502619,,Rungta Mines Ltd [100.0%],E100000130898 [100.0%],4298502619 [100.0%],"Kamanda, Sundergarh, Odisha, India",,Kamanda,Odisha,India,Asia Pacific,"21.9285110, 85.2239880",exact,https://www.gem.wiki/Rungta_Mines_Kamanda_steel_plant,,2008,unknown,unknown,unknown,unknown,unknown,,,,,"semi-finished, finished rolled","billet, bar, strip, sheet, coil, wire rod",building and infrastructure,2235,yes,unknown,no,DRI; IF; BF; EAF,40 MW CPP operating (20 MW WHRB+20MW AFBC); 367 MW Captive Power Plant proposed (96 MW WHRB; 271 MW AFBC/CFBC),"Rungta mines, OMC, RSPL",South Africa,,21.928511,85.223988,IND,0.03368144978230309,161636,74366526.85200581,21.95833333,85.20833333,356,1
P100000121185,Rungta Mines Karakhendra steel plant,,Karakhendra Steel Plant,,Rungta Mines Ltd,,E100000130898,4298502619,,Rungta Mines Ltd [100.0%],E100000130898 [100.0%],4298502619 [100.0%],"Karakhendra, Main Road, Barbil, Kendujhar- 758035, Odisha, India",,Karakhendra,Odisha,India,Asia Pacific,"22.1401740, 85.4146160",exact,https://www.gem.wiki/Rungta_Mines_Karakhendra_steel_plant,0.0,2016,2018,2026,unknown,unknown,unknown,,554.0,280.0,1474.0,"semi-finished, finished rolled","flat, round bar, rolled wire rod, billet, bloom, slab",unknown,1260,unknown,unknown,no,IF; BF; DRI; EAF,90 MW Captive power plant,unknown,unknown,2308.0,22.140174,85.414616,IND,0.04242260873637508,161164,381858769.2588554,22.125,85.375,356,1
P100001025818,Rungta Mines Karakolha sponge iron plant,,,,Rungta Mines Ltd,,E100000130898,4298502619,,Rungta Mines Ltd [100.0%],E100000130898 [100.0%],4298502619 [100.0%],unknown,,Karakolha,Odisha,India,Asia Pacific,"22.1323700, 85.4170310",exact,https://www.gem.wiki/Rungta_Mines_Karakolha_sponge_iron_plant,20.0,2002,unknown,2006,unknown,unknown,unknown,,,,,semi-finished,billet,unknown,1444,unknown,unknown,no,DRI; IF,109 MW CPP (30 MW WHRB; 79 MW AFBC/CFBC),Captive mine; OMC and other private mines,imported and domestic,,22.13237,85.417031,IND,0.041954729929169626,161165,423843395.00201446,22.125,85.45833333,356,1
P100000120549,SAIL Alloy steel plant,,ASP,,Steel Authority of India Ltd,,E100001000703,4295872623,Partial,Steel Authority of India Ltd [100.0%],E100001000703 [100.0%],4295872623 [100.0%],"Industrial Area, Durgapur, West Bengal 713203, India",,Durgapur,West Bengal,India,Asia Pacific,"23.5228820, 87.2759350",exact,https://www.gem.wiki/SAIL_Alloy_steel_plant,61.13,unknown,unknown,1965-01-01 00:00:00,unknown,unknown,unknown,,,,,"semi-finished, finished rolled","plate, square, bloom, cold rolled, billet, rounds, special, slab","automotive, building and infrastructure, energy, steel packaging, tools and machinery, transport",630,yes,unknown,no,EAF,unknown,unknown,unknown,,23.522882,87.275935,IND,0.02450202579375209,156984,1554639245.0040002,23.54166667,87.29166667,356,1
P100000120525,SAIL Bhilai steel plant,,BSP,,Steel Authority of India Ltd,,E100001000703,4295872623,Partial,Steel Authority of India Ltd [100.0%],E100001000703 [100.0%],4295872623 [100.0%],"Bhilai Steel Plant, Bhilai, Chhattisgarh 490021, India",,Bhilai,Chhattisgarh,India,Asia Pacific,"21.1851570, 81.3942070",exact,https://www.gem.wiki/SAIL_Bhilai_steel_plant,67.0,unknown,unknown,1959,unknown,unknown,unknown,,9235.0,3940.0,,semi-finished,"wire rod, rail, plate, bar","automotive, building and infrastructure, energy, transport",16407,yes,yes,no,BF; BOF; Iron other/unspecified,Bhilai Steel power station; 15 MW floating solar power plant (upcoming),SAIL Dalli Mine (P100000128475); SAIL Jharan Dalli Mine (P100000128918); SAIL Mahamaya-Dulki Mine (P100000128532); SAIL Rajhara Mine (P100000128495); SAIL Rowghat Mine (P100000128533),unknown,13175.0,21.185157,81.394207,IND,0.030100683069801043,163498,2864194758.671946,21.20833333,81.375,356,1
P100000120526,SAIL Bokaro steel plant,,"Bokaro Steel Limited, BSL",,Steel Authority of India Ltd,,E100001000703,4295872623,Partial,Steel Authority of India Ltd [100.0%],E100001000703 [100.0%],4295872623 [100.0%],"Marafari, Bokaro Steel City, Jharkhand 827011, India",,Bokaro Steel City,Jharkhand,India,Asia Pacific,"23.6716770, 86.1068700",exact,https://www.gem.wiki/SAIL_Bokaro_steel_plant,54.0,1964-01-01 00:00:00,1968-04-06 00:00:00,1972,unknown,unknown,unknown,,6900.0,4212.0,,"semi-finished, finished rolled","coil, sheet, plate, galvanized coils and sheets, cold rolled, hot rolled","automotive, building and infrastructure, steel packaging, tools and machinery, transport",11798,yes,yes,no,BF; BOF; Steel other/unspecified,BPSCL Captive power plant and balance from Damodar Valley Corporation (DVC),SAIL Bolani Mine (P100000128461); SAIL Kiriburu Mine (P100000128455); SAIL Meghahatuburu Mine (P100000128530); SAIL Kalta Mine (P100000128480),"Jharia coalfields, BCCL & imported from Australia",11112.0,23.671677,86.10687,IND,0.040894784863951095,156436,2059046124.5198247,23.70833333,86.125,356,1
P100000120527,SAIL Durgapur steel plant,,DSP,,Steel Authority of India Ltd,,E100001000703,4295872623,Partial,Steel Authority of India Ltd [100.0%],E100001000703 [100.0%],4295872623 [100.0%],"Industrial Area, Durgapur, West Bengal 713203, India",,Durgapur,West Bengal,India,Asia Pacific,"23.5484300, 87.2452470",exact,https://www.gem.wiki/SAIL_Durgapur_steel_plant,67.0,unknown,unknown,1959,unknown,unknown,unknown,,3300.0,1700.0,,"crude, semi-finished","rail, beam, bar","building and infrastructure, transport",7855,yes,yes,no,BF; BOF,"NSPCL, DVC and Emergency power from Captive Power",SAIL Gua (Duarguiburu) Mine (P100000128471); SAIL Kiriburu Mine (P100000128455); SAIL Meghahatuburu Mine (P100000128530); SAIL Barsua Mine (P100000128517); SAIL Taldih Mine (P100000128525); SAIL Kalta Mine (P100000128480); SAIL Bolani Mine (P100000128461),Imported / BCCL Chasnala / CCL,5000.0,23.54843,87.245247,IND,0.037528144978909904,156983,1051763448.3990381,23.54166667,87.20833333,356,1
P100000120524,SAIL IISCO steel plant,,"Steel Corporation of Bengal (predecessor), SAIL Burnpur steel plant, ISP, Bengal Iron Works Co (predecessor), Indian Iron & Steel Company (predecessor)",,Steel Authority of India Ltd,,E100001000703,4295872623,Partial,Steel Authority of India Ltd [100.0%],E100001000703 [100.0%],4295872623 [100.0%],"IISCO Steel Plant, Burnpur - 713325, District - Barddhaman, West Bengal, India",,Barddhaman,West Bengal,India,Asia Pacific,"23.6732360, 86.9261790",exact,https://www.gem.wiki/SAIL_IISCO_steel_plant,108.0,unknown,unknown,1918,unknown,unknown,unknown,,3880.0,880.0,,semi-finished,"rebar, wire, bar",unknown,5945,yes,unknown,no,BF; BOF,unknown,SAIL Gua (Duarguiburu) Mine (P100000128471); SAIL Gua (Jhillingburu I) Mine (P100000128871); SAIL Gua (Jhillingburu II) Mine (P100000128872),"Chasnalla and Jitpur, Jharkhand; Ramnagar coal mine, West Bengal",4760.0,23.673236,86.926179,IND,0.04759961670935573,156446,8192607807.984975,23.70833333,86.95833333,356,1
P100000120550,SAIL Paradip steel plant,,,,Steel Authority of India Ltd,,E100001000703,4295872623,Partial,Steel Authority of India Ltd [100.0%],E100001000703 [100.0%],4295872623 [100.0%],"Paradip, Odisha, India",,Paradip,Odisha,India,Asia Pacific,"20.3174550, 86.6090010",approximate,https://www.gem.wiki/SAIL_Paradip_steel_plant,,2018,unknown,unknown,unknown,unknown,unknown,,,,,unknown,unknown,unknown,unknown,unknown,unknown,no,BOF; Iron other/unspecified,unknown,unknown,unknown,,20.317455,86.609001,IND,0.030348080090650986,165486,1296918868.074968,20.29166667,86.625,356,1
P100001081803,SAIL Ranchi DRI plant,,SAIL Ranchi H2 DRI pilot,,Steel Authority of India Ltd,,E100001000703,4295872623,Partial,Steel Authority of India Ltd [100.0%],E100001000703 [100.0%],4295872623 [100.0%],unknown,,Ranchi,Jharkhand,India,Asia Pacific,"23.3356313803427, 85.31236535745192",approximate,https://www.gem.wiki/SAIL_Ranchi_DRI_plant,,2024-10-01 00:00:00,unknown,2027,unknown,unknown,unknown,,,,,unknown,DRI,unknown,unknown,unknown,unknown,no,DRI,unknown,unknown,unknown,,23.3356313803427,85.31236535745192,IND,0.04447835289164394,157490,4723400472.798967,23.375,85.29166667,356,1
P100000120528,SAIL Rourkela steel plant,,RSP,,Steel Authority of India Ltd,,E100001000703,4295872623,Partial,Steel Authority of India Ltd [100.0%],E100001000703 [100.0%],4295872623 [100.0%],"Rourkela Steel Plant Area, Rourkela, Odisha 769011, India",,Rourkela,Odisha,India,Asia Pacific,"22.2108040, 84.8689500",exact,https://www.gem.wiki/SAIL_Rourkela_steel_plant,67.0,1953,unknown,1959,unknown,unknown,unknown,,6776.0,768.0,2000.0,"semi-finished, finished rolled","pipe, coil, sheet, plate","automotive, building and infrastructure, energy, steel packaging, tools and machinery, transport",12938,yes,yes,no,BF; BOF,"Captive power plant #1 (1959, updated 1978), Rourkela Works-2 power station",SAIL Barsua Mine (P100000128517); SAIL Bolani Mine (P100000128461); SAIL Kalta Mine (P100000128480); SAIL Taldih Mine (P100000128525),domestic,9544.0,22.210804,84.86895,IND,0.006535037126820919,160914,4251005039.579961,22.20833333,84.875,356,1
P100000121191,Shakambhari Ispat and Power Purulia steel plant,,,,Shakambhari Ispat & Power Ltd,,E100001012202,5063329547,,Shakambhari Group,E100001012203,unknown,"Village: Parvatpur, Madanih, Radhamadabpur",,Raghunathpur,West Bengal,India,Asia Pacific,"23.6138610, 86.7895270",exact,https://www.gem.wiki/Shakambhari_Ispat_and_Power_Purulia_steel_plant,25.0,unknown,unknown,2001,unknown,unknown,unknown,,198.0,,198.0,"semi-finished, finished rolled","billet, DRI, bar",unknown,1700,expired,unknown,no,DRI; IF; BF,99 MW CPP (being enhanced to 126 MW),unknown,unknown,396.0,23.613861,86.789527,IND,0.011342641169889065,156713,740366725.9212388,23.625,86.79166667,356,1
P100000121192,Shri Bajrang Power & Ispat Tilda steel plant,,SBPIL,,Shri Bajrang Power and Ispat Ltd,,E100001012214,4298361778,,Banka Finance & Securities Pvt Ltd [15.9%]; Atlanta Securities Pvt Ltd [15.6%]; natural person(s) [6.3%]; Sukanya Merchandise Pvt Ltd [5.5%]; Bonus Dealcom Pvt Ltd [5.5%],E100001012215 [15.9%]; E100001012216 [15.6%]; E100000123261 [6.3%]; E100001012218 [5.5%]; E100001012219 [5.5%],unknown [15.9%]; 5035517336 [15.6%]; unknown [6.3%]; unknown [5.5%]; 5085422296 [5.5%],"Kh. No. 521/44, Village- Tandwa, Dharsiwa-Tilda Road, Tehsil- Tilda, Raipur (C.G.), 493116",,Tilda,Chhattisgarh,India,Asia Pacific,"21.4861900, 81.7716970",exact,https://www.gem.wiki/Shri_Bajrang_Power_&_Ispat_Tilda_steel_plant,13.0,2010,unknown,2013,unknown,unknown,unknown,,1000.0,500.0,1400.0,semi-finished,"coil, plate",unknown,unknown,yes,unknown,no,DRI; Steel other/unspecified; BF; BOF,100 MW Captive Power Plant,unknown,South Eastern Coal Field Limited,2900.0,21.48619,81.771697,IND,0.03427508983792314,162907,450845929.98527956,21.45833333,81.79166667,356,1
P100000121183,Shyam Metalics Jamuria steel plant,,,,Shyam Metalics and Energy Ltd,,E100001012152,5000933245,,Shyam Metalics and Energy Ltd [100.0%],E100001012152 [100.0%],5000933245 [100.0%],"Jamuria, West Bengal, India",,Jamuria,West Bengal,India,Asia Pacific,"23.6937490, 87.1227110",exact,https://www.gem.wiki/Shyam_Metalics_Jamuria_steel_plant,13.0,unknown,unknown,2013,unknown,unknown,unknown,,1110.0,,3000.0,"crude, semi-finished","pellets, rod, bar, billet, DRI",unknown,unknown,yes,unknown,no,BF; DRI; IF; EAF,94 MW Captive Power plant,"Barbil, Odisha",Central Coalfields Limited,4110.0,23.693749,87.122711,IND,0.014762865661817398,156448,753463000.0749441,23.70833333,87.125,356,1
P100000121184,Shyam Metalics Sambalpur steel plant,,,,Shyam Metalics and Energy Ltd,,E100001012152,5000933245,,Shyam Metalics and Energy Ltd [100.0%],E100001012152 [100.0%],5000933245 [100.0%],"Pandoli, Rengali, Sambalpur - 768212 Odisha, India",,Pandoli,Odisha,India,Asia Pacific,"21.6803440, 84.0417900",exact,https://www.gem.wiki/Shyam_Metalics_Sambalpur_steel_plant,20.0,unknown,unknown,2006,unknown,unknown,unknown,,,,3000.0,"crude, semi-finished","pellets, rod, bar, billet, DRI","automotive, building and infrastructure",3060,yes,unknown,no,DRI; IF; EAF; BF,118 MW Captive power plant,Kandahar mines and Gandhamardan mines,Talcher,3000.0,21.680344,84.04179,IND,0.027989601714523017,162300,263458006.06268016,21.70833333,84.04166667,356,1
P100000121182,Shyam Steel Mejia steel plant,,Sova Ispat Ltd (formerly),,Shyam Steel Manufacturing Ltd,,E100002005402,5039665197,,Shyam Steel Industries Ltd,E100000130859,4298177772,"J.L.No. 11, Jemua Mouza, Mejia Block, Bankura District, West Bengal-722143, India",,Meija,West Bengal,India,Asia Pacific,"23.5641570, 87.0895520",exact,https://www.gem.wiki/Shyam_Steel_Mejia_steel_plant,,2008,unknown,unknown,unknown,unknown,unknown,,,,,semi-finished,"rod, bar",building and infrastructure,unknown,unknown,unknown,no,DRI; IF; EAF,10 MW WHRB; 7 MW FBC,"Rungta Mines, Essel Mines & Other mines in Barbil & Jharkand","ECL, West Bengal / MCL Odisha ; Indonesia / South Africa / Australia",,23.564157,87.089552,IND,0.041980658016628,156982,675556161.7232339,23.54166667,87.125,356,1
P100000121181,Shyam Steel Raghunathpur steel plant,,"JSK-II, Shyam Steel Purulia",,Shyam Steel Industries Ltd,,E100000130859,4298177772,,Shyam Steel Industries Ltd [100.0%],E100000130859 [100.0%],4298177772 [100.0%],"Raghunathpur Steel & Allied Industrial Park-II, Mouza - Lachhmanpur, Jarukhamar, Siulibari, Digardhi, Shikratyar, Senera Block – Raghunathpur-I, District- Purulia, West Bengal, India",,Raghunathpur,West Bengal,India,Asia Pacific,"23.5902120, 86.7246030",approximate,https://www.gem.wiki/Shyam_Steel_Raghunathpur_steel_plant,2.0,2021,unknown,2024,unknown,unknown,unknown,,1092.0,500.0,1200.0,semi-finished,"angle, bar",unknown,8000,unknown,unknown,no,DRI; IF; BF; BOF; EAF,57.5 MW WHRB from DRI and Coke Oven; 15 MW CFBC Boiler,"Odisha, Jharkhand, Chhattisgarh","Jharkhand, Odisha, West Bengal, and Imprted",2792.0,23.590212,86.724603,IND,0.03840451934224433,156712,363171012.67553264,23.625,86.70833333,356,1
P100000120575,Sunflag Iron and Steel plant,,,,Sunflag Iron and Steel Co Ltd,,E100001000589,4295872653,,Sunflag Iron and Steel Co Ltd [100.0%],E100001000589 [100.0%],4295872653 [100.0%],"441906 Bhandara Road, Warthi, Maharashtra, India",,Warthi,Maharashtra,India,Asia Pacific,"21.2329290, 79.6323980",exact,https://www.gem.wiki/Sunflag_Iron_and_Steel_plant,37.0,unknown,unknown,1989,unknown,unknown,unknown,,364.0,,,"crude, semi-finished, finished rolled","ingot, bar, billet, coil, pig iron, DRI","automotive, tools and machinery, transport",2691,2022,unknown,no,BF; DRI; EAF; IF; Steel other/unspecified,30 MW captive power plant,LMEL,Captive mines,364.0,21.232929,79.632398,IND,0.025684185537969237,163477,158719364.06818208,21.20833333,79.625,356,1
P100001025670,Surjagad Ispat Gadchiroli steel plant,,,,Surjagad Ispat Pvt Ltd,,E100002004790,unknown,,Surjagad Ispat Pvt Ltd [100.0%],E100002004790 [100.0%],unknown [100.0%],unknown,,Aheri,Maharashtra,India,Asia Pacific,"19.4872010, 79.9685510",approximate,https://www.gem.wiki/Surjagad_Ispat_Gadchiroli_steel_plant,0.0,2022,2024-07-17 00:00:00,2026,unknown,unknown,unknown,,,,1200.0,finished rolled,wire rod,unknown,unknown,unknown,unknown,no,DRI; IF; Steel other/unspecified,120 MW CPP,Surajgad mines,unknown,1200.0,19.487201,79.968551,IND,0.03062259217404497,166999,1744300.2223284245,19.45833333,79.95833333,356,1
P100000121193,Swadesh Metallics Simga steel plant,,,,Swadesh Metallics Pvt Ltd,,E100001012071,5087130764,,Swadesh Metallics Pvt Ltd [100.0%],E100001012071 [100.0%],5087130764 [100.0%],"Village-Kesda, Tehsil Simga, District- Balodabazar- Bhatapara, Chhattisgarh, India",,Simga,Chhattisgarh,India,Asia Pacific,"21.6257060, 81.7052540",approximate,https://www.gem.wiki/Swadesh_Metallics_Simga_steel_plant,,2021,unknown,unknown,unknown,unknown,unknown,,400.0,,600.0,finished rolled,"pipe, bar",building and infrastructure,1900,unknown,unknown,no,BF; DRI; IF,97 MW Captive Power Plant,unknown,unknown,1000.0,21.625706,81.705254,IND,0.0031592260522058033,162491,194558399.93739942,21.625,81.70833333,356,1
P100000120546,Tata Metaliks Kharagpur steel plant,,Tata Korf Metal,,Tata Metaliks Ltd,,E100000130700,4295872473,,Tata Metaliks Ltd [100.0%],E100000130700 [100.0%],4295872473 [100.0%],"PO: Samraipur, Gokulpur, Kharagpur, Dist: Paschim Mednipur, West Bengal, India",,Kharagpur,West Bengal,India,Asia Pacific,"22.3856110, 87.2871790",exact,https://www.gem.wiki/Tata_Metaliks_Kharagpur_steel_plant,36.0,unknown,unknown,1990,unknown,unknown,unknown,,,233.0,,"crude, semi-finished","pipe, pig iron",unknown,1453,2024-08-30 00:00:00,unknown,no,BF,16.76 MW CPP,"Khonbond, Joda and Noamundi mines of TSL",Imported,233.0,22.385611,87.287179,IND,0.011520959292912447,160456,2985882028.961829,22.375,87.29166667,356,1
P100000120535,Tata Steel Gamharia steel plant,,"Tata Sponge Iron Limited (TSIL), Usha Martin Limited (UML), Tata Steel Long Products Gamharia steel plant (predecessor), TSPL",,Tata Steel Ltd,,E100001010018,4295872420,Partial,Tata Steel Ltd [100.0%],E100001010018 [100.0%],4295872420 [100.0%],"Gamharia, Seraikela Kharsawan, Jamshedpur – 832108, India",,Jamshedpur,Jharkhand,India,Asia Pacific,"22.8128950, 86.0840220",exact,https://www.gem.wiki/Tata_Steel_Gamharia_steel_plant,55.0,unknown,unknown,1971,unknown,unknown,unknown,,1000.0,500.0,1200.0,finished rolled,wire rod,"automotive, building and infrastructure, energy",2287,yes,unknown,no,BF; DRI; EAF,"Two coal based captive power plants (25MW, began in 2001; 30MW, began in 2009); Two waste recovery captive power plants (30 MW DRI WHRB, began in 2012; 30MW Coke oven WHRB, began in 2013); Coal-gas hybrid captive power plant 15 MW",Tata Steel Vijay-II Mine (P100000129405); Ghatkuri iron ore mine,"Xstrata Coal Queensland Pvt. Ltd, Australia",2700.0,22.812895,86.084022,IND,0.0461501731154772,159265,1938665923.5311012,22.79166667,86.125,356,1
P100000120529,Tata Steel Jamshedpur steel plant,,TSJ,,Tata Steel Ltd,,E100001010018,4295872420,Partial,Tata Steel Ltd [100.0%],E100001010018 [100.0%],4295872420 [100.0%],"Bistupur, Jamshedpur - 831 001 Jharkhand, India",,Jamshedpur,Jharkhand,India,Asia Pacific,"22.7885980, 86.1996000",exact,https://www.gem.wiki/Tata_Steel_Jamshedpur_steel_plant,114.0,unknown,1907,1912,unknown,unknown,unknown,,9000.0,3400.0,8000.0,finished rolled,"tinplate, wire","automotive, building and infrastructure",32364,unknown,unknown,2025-10-27 00:00:00,BF; BOF,"By-product gas power generation, solar energy project initiated",Tata Steel Joda East Mine (P100000128477); Tata Steel Khondbond Mine (P100000128899); Tata Steel Noamundi Mine (P100000128489),unknown,20400.0,22.788598,86.1996,IND,0.00925676987170889,159266,4812182514.970916,22.79166667,86.20833333,356,1
P100000120530,Tata Steel Kalinganagar steel plant,,TSK,,Tata Steel Ltd,,E100001010018,4295872420,Partial,Tata Steel Ltd [100.0%],E100001010018 [100.0%],4295872420 [100.0%],"Kalinganagar, Jajpur - 755 026, India",,Kalinganagar,Odisha,India,Asia Pacific,"20.9704110, 86.0152110",exact,https://www.gem.wiki/Tata_Steel_Kalinganagar_steel_plant,10.0,unknown,unknown,2016,unknown,unknown,unknown,,,,,finished rolled,"hot rolled, cold rolled, bar, wire rod",automotive,3611,2023-08-31 00:00:00,unknown,2027-01-14 00:00:00,BF; BOF,3x67.5 MW by-product gas based; 1x67.5 MW by-product gas-cum-coal tar firing,Tata Steel Noamundi Mine (P100000128489); Tata Steel Joda East Mine (P100000128477); Tata Steel Khondbond Mine (P100000128899),West Bokaro (Domestic) / Dhamra or Paradip (Import),,20.970411,86.015211,IND,0.029082169585125977,164113,864289310.3874147,20.95833333,86.04166667,356,1
P100000120576,Tata Steel Ludhiana steel plant,,,,Tata Steel Ltd,,E100001010018,4295872420,Partial,Tata Steel Ltd [100.0%],E100001010018 [100.0%],4295872420 [100.0%],"Kadiana Khurd, Hitech Valley, Ludhiana, Punjab, India",,Kadiana Khurd,Punjab,India,Asia Pacific,"30.9468880, 75.9875210",exact,https://www.gem.wiki/Tata_Steel_Ludhiana_steel_plant,,2021,2023-01-25 00:00:00,2027,unknown,unknown,unknown,,,,,finished rolled,"long products, rebar, bore pile cage",unknown,500,unknown,unknown,no,EAF,unknown,unknown,unknown,,30.946888,75.987521,IND,0.03135148575167806,139523,1625924942.994734,30.95833333,75.95833333,356,1
P100000120511,Tata Steel Meramandali steel plant,,"Tata Steel Angul steel plant, Bhushan Steel Ltd (BSL) (formerly), Tata Steel BSL Odisha, TSM, Tata Steel BSL Meramandali steel plant",,Tata Steel Ltd,,E100001010018,4295872420,Partial,Tata Steel Ltd [100.0%],E100001010018 [100.0%],4295872420 [100.0%],"Narendra Pur P.O. Shibapur, Meramandali, District - Dhenkanal - 759121, India",,Meramandali,Odisha,India,Asia Pacific,"20.7960530, 85.2603820",exact,https://www.gem.wiki/Tata_Steel_Meramandali_steel_plant,19.0,2003,unknown,2007,unknown,unknown,unknown,,8587.0,2100.0,,"semi-finished, finished rolled","pipe, cold rolled, coil, sheet",unknown,1425,yes,unknown,2026-12-18 00:00:00,BF; BOF; DRI; EAF; IF; Steel other/unspecified,Estimated overall power requirement after implementation of expansion- 1632 MW(638 MW to be met by CPP and remaining 994 MW to be drawn from theGrid),Captive iron ore mines in Odisha,imported,10687.0,20.796053,85.260382,IND,0.03159067058289874,164460,523384374.02003706,20.79166667,85.29166667,356,1
P100000121194,Uttam Galva Ferrous Bellary steel plant,,,,Uttam Galva Ferous Ltd,,E100001012081,5083786630,,Uttam Galva Ferous Ltd [100.0%],E100001012081 [100.0%],5083786630 [100.0%],"Kuduthini Village, Bellary, Karnataka, India",,Bellary,Karnataka,India,Asia Pacific,"15.1846130, 76.8249050",exact,https://www.gem.wiki/Uttam_Galva_Ferrous_Bellary_steel_plant,,2013,unknown,2028,unknown,unknown,unknown,,8532.0,2740.0,4000.0,finished rolled,unknown,unknown,6427,unknown,unknown,no,BF; BOF,893 MW Captive Power Plant,Mines in Karnataka and Goa,"Australia, Indonesia, Canada, China and Venezuela",15272.0,15.184613,76.824905,IND,0.04083430710197003,172804,354990517.4078579,15.20833333,76.79166667,356,1
P100001054309,Vardhman Special Steels Ludhiana steel plant,,,,Vardhman Special Steels Limited,,E100002017833,5036187298,,Vardhman Special Steels Limited [100.0%],E100002017833 [100.0%],5036187298 [100.0%],Toyota Way Layout,,unknown,Punjab,India,Asia Pacific,"30.8901030, 75.9086730",approximate,https://www.gem.wiki/Vardhman_Special_Steels_Ludhiana_steel_plant,,2025-04-22 00:00:00,unknown,2029-07-01 00:00:00,unknown,unknown,unknown,,,,,finished rolled,"steel billets, rolled",unknown,unknown,unknown,unknown,no,EAF,unknown,unknown,unknown,,30.890103,75.908673,IND,0.03690489856373455,139587,2490777403.6033077,30.875,75.875,356,1
P100000121205,Vedanta Sesa Goa Pig Iron Plant,,Sesa Goa plant (formerly),,Vedanta Iron and Steel Ltd,,E100001012389,5086859493,Partial,Vedanta Ltd [100.0%],E100001000479 [100.0%],4295872982 [100.0%],"Amona, Goa, India",,Amona,Goa,India,Asia Pacific,"15.5268660, 73.9866710",exact,https://www.gem.wiki/Vedanta_Sesa_Goa_Pig_Iron_Plant,34.0,unknown,unknown,1992,unknown,unknown,unknown,,800.0,522.0,,crude,pig iron,unknown,unknown,yes,unknown,no,BF,60 MW Captive Power Plant,JSW Sesa Kodli Mine (P100000128464); Vedanta Bicholim Mine (P100000128459),unknown,1322.0,15.526866,73.986671,IND,0.031970038684332826,172470,607137556.302787,15.54166667,73.95833333,356,1
P100000120541,Welspun Metallics Anjar Steel plant,,WSL,,Welspun Corp Ltd,,E100002007597,4295873411,,Welspun Corp Ltd [100.0%],E100002007597 [100.0%],4295873411 [100.0%],"Survey No.650, P.O - Versamedi, Tal.Anjar, District Kutch, Gujarat 370 110, India",,Anjar,Gujarat,India,Asia Pacific,"23.1127810, 70.0866885",exact,https://www.gem.wiki/Welspun_Metallics_Anjar_Steel_plant,22.0,unknown,unknown,2004,unknown,unknown,unknown,,5280.0,1370.0,,"crude, semi-finished","ingot, rebar, di pipe, billet, DRI",building and infrastructure,2000,yes,unknown,no,BF; DRI; IF; BOF; Iron other/unspecified,12 MW captive power plant powered by waste heat recovery boilers; 2x100MW gas-based CPP planned as part pf 3 mtpa expansion plan,"Imported (South Africa, Australia, Brazil)/ Domestic","Imported from South Africa, Indonesia, Australia",6650.0,23.112781,70.0866885,IND,0.040212870989902054,158091,786684238.6823866,23.125,70.125,356,1
P100000120551,Xindia Steels Koppal plant,,,,Xindia Steels Ltd,,E100000131065,5072815458,,China Minmetals Corp [14.3%]; Kelachandra Group [14.3%]; Manasara Group [14.3%]; Shanxi HONGDA Iron and Steel Group Co Ltd [14.3%]; The Joinus Venture Capital Co Ltd [14.3%]; Xinxing Cathay International Group Co Ltd [14.3%]; McWane Inc,E100000123999 [14.3%]; E100000131167 [14.3%]; E100000131170 [14.3%]; E100000123200 [14.3%]; E100000131150 [14.3%]; E100000130904 [14.3%]; E100000130782,5000069311 [14.3%]; unknown [14.3%]; unknown [14.3%]; unknown [14.3%]; unknown [14.3%]; 5000013134 [14.3%]; 4296572465,"Kunikere & Hirebaganal Village, Ginigera Post, Koppal Dist., Karnataka – 583 231, India",,Koppal,Karnataka,India,Asia Pacific,"15.2934210, 76.2349470",exact,https://www.gem.wiki/Xindia_Steels_Koppal_plant,,2008-02-28 00:00:00,unknown,2029,unknown,unknown,unknown,,,,5200.0,"crude, semi-finished, finished rolled","pipe, pig iron, pellets",unknown,unknown,unknown,unknown,no,BF; BOF; DRI,unknown,unknown,unknown,5200.0,15.293421,76.234947,IND,0.026671428619741682,172723,185356174.34875867,15.29166667,76.20833333,356,1
P100000121032,Yazdani Steel and Power Kalinganagar steel plant,,,,Yazdani Steel and Power Ltd,,E100001012099,5068656453,,Serajuddin & Co,E100001016270,5001423902,"Kalinganagar, Jajpur, India",,Kalinganagar,Odisha,India,Asia Pacific,"20.9282850, 86.0366040",exact,https://www.gem.wiki/Yazdani_Steel_and_Power_Kalinganagar_steel_plant,23.0,unknown,unknown,2003,unknown,unknown,unknown,,,,,finished rolled,"billet, bar",building and infrastructure,519,unknown,unknown,no,DRI; IF; Steel other/unspecified,10 MW CPP (4 MW WHRB; 6 MW AFBC; Proposed to expand to 70 MW CPP (2x8 MW WHRB and 2x22 MW AFBC)),Joda,Imported via Paradip port,,20.928285,86.036604,IND,0.03047183557513047,164113,864289310.3874147,20.95833333,86.04166667,356,1
P100000120644,Aichi Steel Chita plant (Tokai),愛知製鋼知多,"Chita Plant, Aichi steel- Hagane Company, Toyoda Steel (predecessor)",,Aichi Steel Corp,愛知製鋼株式会社,E100000130710,4295877694,,Aichi Steel Corp [100.0%],E100000130710 [100.0%],4295877694 [100.0%],"1 ,Wanowari, Arao-machi, Tokai-shi, Aichi-ken 476-8666, Japan",,Chita,Chūbu,Japan,Asia Pacific,"35.0445580, 136.9007720",exact,https://www.gem.wiki/Aichi_Steel_Chita_plant_(Tokai),83.0,unknown,unknown,1943,unknown,unknown,unknown,,,,,"semi-finished, finished rolled","sections, bar, bloom, billet, forged, beam","automotive, building and infrastructure, tools and machinery",965,yes,unknown,no,EAF,"announced Eurus Energy 15 mw wind farm (for hydrogen production, coming 2027)",unknown,,,35.044558,136.900772,JPN,0.05763390061879958,180617,110186877555.41345,35.04166667,136.95833333,392,1
P100000120683,Chubu Steel Plate Nagoya plant,,Chubu Nakagawa Works,,Chubu Steel Plate Co Ltd,,E100000130711,4295877722,,Chubu Steel Plate Co Ltd [100.0%],E100000130711 [100.0%],4295877722 [100.0%],"5-1 Ousudori, Nakagawa-ku, Nagoya 454-8506 Japan",,Ousudori,Chūbu,Japan,Asia Pacific,"35.1188360, 136.8675670",exact,https://www.gem.wiki/Chubu_Steel_Plate_Nagoya_plant,67.0,unknown,unknown,1959,unknown,unknown,unknown,,,,,finished rolled,plate,"automotive, building and infrastructure, tools and machinery, transport",372,yes,unknown,no,EAF,unknown,unknown,,,35.118836,136.867567,JPN,0.00965631321985037,180531,176716694372.9768,35.125,136.875,392,1
P100000120645,Daido Steel Chita plant (Tokai),大同特殊鋼,Chita Plant,大同特殊钢,Daido Steel Co Ltd,大同特殊鋼株式会社,E100001000597,4295877397,,Daido Steel Co Ltd [100.0%],E100001000597 [100.0%],4295877397 [100.0%],"39, Motohama-machi, Aichi, 477-0035, Japan",,Tokai,Aichi,Japan,Asia Pacific,"35.0164040, 136.8647440",exact,https://www.gem.wiki/Daido_Steel_Chita_plant_(Tokai),64.0,unknown,unknown,1962,unknown,unknown,unknown,,,,,finished rolled,"forged, wire, strip","automotive, building and infrastructure, tools and machinery",3878,2022,unknown,no,EAF,"hydro, wind and solar from Chubu Electric Power Miraizu Co., Ltd.",unknown,unknown,,35.016404,136.864744,JPN,0.058969384007710186,180694,27104407629.54368,34.95833333,136.875,392,1
P100000120676,Godo Steel Funabashi Works,合同製鐵株式会社船橋製造所,,,Godo Steel Ltd,,E100000130709,4295877613,,Godo Steel Ltd [100.0%],E100000130709 [100.0%],4295877613 [100.0%],"2-1, Minamikaijin 2-chome, Funabashi, Chiba pref. 273-0023, Japan",,Funabashi,Chiba,Japan,Asia Pacific,"35.6975410, 139.9641040",exact,https://www.gem.wiki/Godo_Steel_Funabashi_Works,51.0,unknown,unknown,1975,unknown,unknown,unknown,,,,,"semi-finished, finished rolled","shapes, wire rod, rail, rebar, bar",unknown,241,2024-06-12 00:00:00,unknown,no,EAF,unknown,unknown,,,35.697541,139.964104,JPN,0.012238260459635095,179979,191396112118.6579,35.70833333,139.95833333,392,1
P100000120675,Godo Steel Himeji Works,合同製鐵株式会社姫路製造所,,,Godo Steel Ltd,,E100000130709,4295877613,,Godo Steel Ltd [100.0%],E100000130709 [100.0%],4295877613 [100.0%],"2946, Nakajima, 672-8655",,Himeji,Hyogo,Japan,Asia Pacific,"34.7830570, 134.6694110",exact,https://www.gem.wiki/Godo_Steel_Himeji_Works,48.0,unknown,unknown,1978,unknown,unknown,unknown,,,,,"semi-finished, finished rolled","shapes, wire rod, rail, rebar, bar",unknown,241,2023-04-11 00:00:00,unknown,no,EAF,unknown,unknown,,,34.783057,134.669411,JPN,0.039863193426230806,180832,12333371034.581137,34.79166667,134.70833333,392,1
P100000120674,Godo Steel Osaka Works,合同製鐵株式会社大阪製造所,,,Godo Steel Ltd,,E100000130709,4295877613,,Godo Steel Ltd [100.0%],E100000130709 [100.0%],4295877613 [100.0%],"1-2, Nishijima 1-chome, Nishiyodogawa-ku, Osaka 555-0042, Japan",,Nishijima,Osaka,Japan,Asia Pacific,"34.6930450, 135.4285370",exact,https://www.gem.wiki/Godo_Steel_Osaka_Works,89.0,unknown,unknown,1937,unknown,unknown,unknown,,,,,"semi-finished, finished rolled","shapes, wire rod, rail, rebar, bar","automotive, building and infrastructure",241,2024-11-13 00:00:00,unknown,no,EAF,unknown,unknown,,,34.693045,135.428537,JPN,0.033489615041933,180910,324278211589.9782,34.70833333,135.45833333,392,1
P100000120652,JFE Bars & Shapes Himeji Works steel plant,姫路製造所,JFE NKK Joukou,,JFE Bars & Shapes Corp,,E100001010145,4298183819,,JFE Holdings Inc [100.0%],E100000000643 [100.0%],4295880726 [100.0%],"1280, Hosoe, Shikama-ku, Himeji-shi, Hyogo, 672-8064, Japan",,Himeji,Hyogo,Japan,Asia Pacific,"34.7841130, 134.6584930",exact,https://www.gem.wiki/JFE_Bars_&_Shapes_Himeji_Works_steel_plant,89.0,unknown,unknown,1937,unknown,unknown,unknown,,,,,"semi-finished, finished rolled","shapes, rebar, bar, channel, angle, beam","automotive, building and infrastructure, tools and machinery, transport",218,yes,unknown,no,EAF,unknown,unknown,,,34.784113,134.658493,JPN,0.03433422460852181,180831,11107163158.787853,34.79166667,134.625,392,1
P100000120653,JFE Bars & Shapes Kashima Works steel plant,鹿島製造所,JFE NKK Joukou,,JFE Bars & Shapes Corp,,E100001010145,4298183819,,JFE Holdings Inc [100.0%],E100000000643 [100.0%],4295880726 [100.0%],"7, Minamihama, 314-0111",,Kamisu,Ibaraki,Japan,Asia Pacific,"35.8820230, 140.7317070",exact,https://www.gem.wiki/JFE_Bars_&_Shapes_Kashima_Works_steel_plant,93.0,unknown,unknown,1933,unknown,unknown,unknown,,,,,"semi-finished, finished rolled","shapes, rebar, bar","automotive, building and infrastructure, tools and machinery, transport",218,yes,unknown,no,EAF,unknown,unknown,,,35.882023,140.731707,JPN,0.024405961941079576,179870,6568510645.102576,35.875,140.70833333,392,1
P100000120646,JFE Bars & Shapes Mizushima Works steel plant,水島製造所,"Daiwa Electric Steel (formerly), Daiwa Steel Mizushima Works (formerly)",,JFE Bars & Shapes Corp,,E100001010145,4298183819,,JFE Holdings Inc [100.0%],E100000000643 [100.0%],4295880726 [100.0%],"Kawasaki-dori 1-chome, 712-8074",,Kurashiki,Okayama,Japan,Asia Pacific,"34.5038830, 133.7101360",exact,https://www.gem.wiki/JFE_Bars_&_Shapes_Mizushima_Works_steel_plant,59.0,unknown,1961-07-01 00:00:00,1967,unknown,unknown,unknown,,,,,"semi-finished, finished rolled","shapes, rebar, bar",unknown,218,yes,unknown,no,EAF,unknown,unknown,,,34.503883,133.710136,JPN,0.03782664851394538,181012,12824930411.579533,34.54166667,133.70833333,392,1
P100000120647,JFE East Japan Works (Chiba) steel plant,東日本製鉄所 千葉地区,JFE - Kawasaki Steel (formerly),,JFE Steel Corp,ＪＦＥスチール株式会社,E100000003335,4295877328,,JFE Holdings Inc [100.0%],E100000000643 [100.0%],4295880726 [100.0%],"1 Kawasaki-cho, Chuo-ku, Chiba-shi, Chiba Pref. 260-0835 Japan",,Chuo,Chiba,Japan,Asia Pacific,"35.5809170, 140.1041960",exact,https://www.gem.wiki/JFE_East_Japan_Works_(Chiba)_steel_plant,75.0,unknown,unknown,1951,unknown,unknown,unknown,,,,,"semi-finished, finished rolled","pipe, sheet, plate","automotive, building and infrastructure, steel packaging, tools and machinery",5730,yes,unknown,no,BF; BOF; EAF,453 MW on-site thermal power generator,unknown,unknown,,35.580917,140.104196,JPN,0.04442290874210006,180120,38317470933.99429,35.54166667,140.125,392,1
P100000120650,JFE East Japan Works (Keihin) steel plant,,JFE - NKK Ohgishima,,JFE Steel Corp,ＪＦＥスチール株式会社,E100000003335,4295877328,,JFE Holdings Inc [100.0%],E100000000643 [100.0%],4295880726 [100.0%],"1-1 Ohgishima, Kawasaki-ku, Kawasaki-shi, Kanagawa Pref. 210-0868 Japan",,Kawasaki,Kantō,Japan,Asia Pacific,"35.4806900, 139.7296840",exact,https://www.gem.wiki/JFE_East_Japan_Works_(Keihin)_steel_plant,65.66,unknown,unknown,1958,2022-11-09 00:00:00,unknown,2023-09-01 00:00:00,,,,,"semi-finished, finished rolled","pipe, sheet, plate",unknown,5730,yes,unknown,no,BF; BOF; EAF,430 MW on-site thermal power generator,unknown,unknown,,35.48069,139.729684,JPN,0.0646065429638313,180118,317087547227.782,35.54166667,139.70833333,392,1
P100000120651,JFE Sendai Works steel plant,仙台製造所,,,JFE Steel Corp,ＪＦＥスチール株式会社,E100000003335,4295877328,,JFE Holdings Inc [100.0%],E100000000643 [100.0%],4295880726 [100.0%],"1-6-1 Minato, Miyagino-Ku, Sendai, Miyagi Prefecture 983-0001, Japan",,Sendai,Miyagi,Japan,Asia Pacific,"38.2657060, 141.0129630",exact,https://www.gem.wiki/JFE_Sendai_Works_steel_plant,51.81,unknown,1973-05-01 00:00:00,1974-05-01 00:00:00,unknown,unknown,unknown,,,,,"semi-finished, finished rolled","billet, coil, bar",unknown,5730,yes,unknown,no,EAF,unknown,unknown,,,38.265706,141.012963,JPN,0.03870215831601047,178730,15696371264.712454,38.29166667,141.04166667,392,1
P100000120649,JFE West Japan Works (Fukuyama) steel plant,西日本製鉄所 福山地区,JFE - NKK Fukuyama,,JFE Steel Corp,ＪＦＥスチール株式会社,E100000003335,4295877328,,JFE Holdings Inc [100.0%],E100000000643 [100.0%],4295880726 [100.0%],"1 Kokan-cho, Fukuyama-shi, Hiroshima Pref. 721-8510 Japan",,Fukuyama,Hiroshima,Japan,Asia Pacific,"34.4652220, 133.4312050",exact,https://www.gem.wiki/JFE_West_Japan_Works_(Fukuyama)_steel_plant,61.0,unknown,unknown,1965,unknown,unknown,unknown,,,720.0,,"semi-finished, finished rolled","wire rod, rail, sheet, plate, coated, bar, pipe, piling, profile","automotive, building and infrastructure, energy, steel packaging, tools and machinery, transport",5730,yes,unknown,no,BF; BOF; DRI,unknown,"Australia, Brazil and India",unknown,720.0,34.465222,133.431205,JPN,0.056625575488196696,181054,8873478299.720446,34.45833333,133.375,392,1
P100000120648,JFE West Japan Works (Kurashiki) steel plant,西日本製鉄所 倉敷地区,"JFE - Kawasaki Steel, Kawasaki Mizushima works (formerly)",,JFE Steel Corp,ＪＦＥスチール株式会社,E100000003335,4295877328,,JFE Holdings Inc [100.0%],E100000000643 [100.0%],4295880726 [100.0%],"1 Mizushima Kawasaki-dori, Kurashiki-shi, Okayama Pref. 712-8511 Japan",,Kurashiki,Okayama,Japan,Asia Pacific,"34.5011980, 133.7221230",exact,https://www.gem.wiki/JFE_West_Japan_Works_(Kurashiki)_steel_plant,59.0,unknown,1961,1967,unknown,unknown,unknown,,,,,"semi-finished, finished rolled","wire rod, rail, sheet, plate, coated, bar, pipe, piling, profile","automotive, building and infrastructure, energy, steel packaging, tools and machinery, transport",5730,yes,unknown,no,BF; BOF; EAF,unknown,"Australia, Brazil and India",unknown,,34.501198,133.722123,JPN,0.04275357587708977,181012,12824930411.579533,34.54166667,133.70833333,392,1
P100000121199,Kishiwada Steel Osaka steel plant,,,,Kishiwada Steel Co Ltd,岸和田製鋼株式会社,E100001012303,4295963393,,Kishiwada Steel Co Ltd [100.0%],E100001012303 [100.0%],4295963393 [100.0%],"20, Rinkaicho, Kishiwada-shi, Osaka, Japan",,Kishiwada,Osaka,Japan,Asia Pacific,"34.4774790, 135.3539180",exact,https://www.gem.wiki/Kishiwada_Steel_Osaka_steel_plant,69.22,unknown,unknown,1956-12-01 00:00:00,unknown,unknown,unknown,,,,,"semi-finished, finished rolled","billet, bar",building and infrastructure,250,2025-08-01 00:00:00,unknown,no,EAF,unknown,unknown,,,34.477479,135.353918,JPN,0.028478191721898444,181057,38442254742.5372,34.45833333,135.375,392,1
P100000120655,Kobe Kakogawa Works steel plant,,Kabushiki Gaisha Kobe Seikosho Kakogawa Works,,Kobe Steel Ltd,株式会社神戸製鋼所,E100000000647,4295877348,,Kobe Steel Ltd [100.0%],E100000000647 [100.0%],4295877348 [100.0%],"1, Kanazawacho, 675-0137, Japan",,Kakogawa,Hyogo,Japan,Asia Pacific,"34.7202680, 134.8262750",exact,https://www.gem.wiki/Kobe_Kakogawa_Works_steel_plant,56.0,unknown,unknown,1970,unknown,unknown,unknown,,6132.0,2500.0,4015.0,"semi-finished, finished rolled","wire rod, sheet, plate, hot rolled, cold rolled, galvanized sheet","automotive, building and infrastructure, tools and machinery, transport",2505,2024-06-01 00:00:00,unknown,no,BF; BOF; DRI; EAF,in house power plant,"Australia, Brazil, India","Australia, Canada, USA",12647.0,34.720268,134.826275,JPN,0.05016534633597026,180903,25378988214.594116,34.70833333,134.875,392,1
P100000120656,Kobe Wire Rod and Bar steel plant,,Kobe Works,,Kobe Steel Ltd,株式会社神戸製鋼所,E100000000647,4295877348,,Kobe Steel Ltd [100.0%],E100000000647 [100.0%],4295877348 [100.0%],"2, Nadahama Higashicho, Nada-ku, Kobe, Hyogo, 657-0863, Japan",,Kobe,Hyogo,Japan,Asia Pacific,"34.7036240, 135.2472070",exact,https://www.gem.wiki/Kobe_Wire_Rod_and_Bar_steel_plant,58.0,unknown,unknown,1959,2013-05-29 00:00:00,2017,2017,,,,,"semi-finished, finished rolled","wire rod, bar",unknown,831,yes,unknown,no,BF; BOF,unknown,unknown,unknown,,34.703624,135.247207,JPN,0.03915788564668706,180907,42784622428.44381,34.70833333,135.20833333,392,1
P100000120680,Kyoei Steel Hirakata Division (Osaka),共栄製鋼枚方事業所,Tsukuda factory (formerly),,Kyoei Steel Ltd,,E100000130707,4295875990,,Kyoei Steel Ltd [100.0%],E100000130707 [100.0%],4295875990 [100.0%],"3-1-1 Nakamiya Oike, Hirakata-city, Osaka 573-0004 Japan",,Hirakata,Osaka,Japan,Asia Pacific,"34.8163210, 135.6774440",exact,https://www.gem.wiki/Kyoei_Steel_Hirakata_Division_(Osaka),64.0,unknown,unknown,1962,unknown,unknown,unknown,,,,,finished rolled,"round bar, bar",building and infrastructure,158,yes,unknown,no,EAF,unknown,unknown,,,34.816321,135.677444,JPN,0.03952197737457906,180844,84281749601.77412,34.79166667,135.70833333,392,1
P100000120682,Kyoei Steel Nagoya Division (Tokai),,,,Kyoei Steel Ltd,,E100000130707,4295875990,,Kyoei Steel Ltd [100.0%],E100000130707 [100.0%],4295875990 [100.0%],"809-1 Shinmasanarihitsujinokiri, Tobishima-mura, Ama-gun, Aichi 490-1443 Japan",,Tokai,Aichi,Japan,Asia Pacific,"35.0650550, 136.8153840",exact,https://www.gem.wiki/Kyoei_Steel_Nagoya_Division_(Tokai),42.0,unknown,unknown,1984,unknown,unknown,unknown,,,,,finished rolled,"rebar, bar",building and infrastructure,158,yes,unknown,no,EAF,unknown,unknown,,,35.065055,136.815384,JPN,0.033309544015448646,180616,11644793117.559832,35.04166667,136.79166667,392,1
P100000120681,Kyoei Steel Yamaguchi Division (Yamaguchi),共栄製鋼 山口事業部,,,Kyoei Steel Ltd,,E100000130707,4295875990,,Kyoei Steel Ltd [100.0%],E100000130707 [100.0%],4295875990 [100.0%],"6289-18 Onoda, Sanyo-Onoda City, Yamaguchi 756-0817 Japan",,Onoda,Yamaguchi,Japan,Asia Pacific,"33.9765130, 131.1730310",exact,https://www.gem.wiki/Kyoei_Steel_Yamaguchi_Division_(Yamaguchi),54.0,unknown,unknown,1972,unknown,unknown,unknown,,,,,finished rolled,"angle, bar",building and infrastructure,158,yes,unknown,no,EAF,unknown,unknown,,,33.976513,131.173031,JPN,0.039708373232054464,181251,3584087170.210148,33.95833333,131.20833333,392,1
P100000120678,Nakayama Steel Products Osaka plant,中山鋼業株式会社,,,Nakayama Steel Products Co Ltd,,E100000130770,4296138081,,Godo Steel Ltd; Kyoei Steel Ltd; MM Construction Materials Co Ltd,E100000130709; E100000130707; E100001016300,4295877613; 4295875990; unknown,"1-2133 Nishijima, Nishiyodogawa-ku, Osaka 555-0042, Japan",,Nishijima,Osaka,Japan,Asia Pacific,"34.6997620, 135.4301190",exact,https://www.gem.wiki/Nakayama_Steel_Products_Osaka_plant,75.81,unknown,unknown,1950-05-01 00:00:00,unknown,unknown,unknown,,,,,"semi-finished, finished rolled","billet, rebar",building and infrastructure,195,2021,unknown,no,EAF,unknown,unknown,,,34.699762,135.430119,JPN,0.02948755865306056,180910,324278211589.9782,34.70833333,135.45833333,392,1
P100000120679,Nakayama Steel Works Osaka,株式会社 中山製鋼所,Nakayama Steel Funamachi Factory,,Nakayama Steel Works Ltd,,E100001000919,4295877798,,Nakayama Steel Works Ltd [100.0%],E100001000919 [100.0%],4295877798 [100.0%],"1-1-66 Funamachi, Taisho-ku, Osaka 551-8551, Japan",,Funamachi,Osaka,Japan,Asia Pacific,"34.6281620, 135.4596880",exact,https://www.gem.wiki/Nakayama_Steel_Works_Osaka,97.0,unknown,unknown,1929,unknown,unknown,unknown,,,,,"semi-finished, finished rolled","wire rod, bar, coil, plate, hot-rolled strip, pipe, billet","building and infrastructure, energy, transport",434,yes,unknown,no,EAF,unknown,unknown,,,34.628162,135.459688,JPN,0.003439967268587427,180970,254812052510.10464,34.625,135.45833333,392,1
P100000120664,Nippon East Japan Works (Kashima) steel plant,东日本制铁所鹿岛地区,"East Nippon Works Kashima Area, Kashima Nippon Stainless Steel Corporation, NSSC",東日本製鉄所鹿島地区,Nippon Steel Corp,日本製鉄株式会社,E100000000652,4295877313,,Nippon Steel Corp [100.0%],E100000000652 [100.0%],4295877313 [100.0%],"3 Hikari, Kashima-shi, Ibaraki Pref., Japan 314-0014",,Kashima,Ibaraki,Japan,Asia Pacific,"35.9343700, 140.6810190",exact,https://www.gem.wiki/Nippon_East_Japan_Works_(Kashima)_steel_plant,58.0,unknown,unknown,1968,unknown,unknown,unknown,,,920.0,,"semi-finished, finished rolled",sheet,unknown,3042,yes,unknown,no,BF; BOF,"Nippon Steel Kashima Thermal power plant (507 MW coal-fired power plant)in-plant power generation, also provides power generated via coal and bio-mass to Tokyo Electric Power","Imported from Australia, Brazil and India",Australia and Canada,920.0,35.93437,140.681019,JPN,0.060929217504314376,179813,6732393394.412976,35.95833333,140.625,392,1
P100000120659,Nippon East Japan Works (Kimitsu) steel plant,東日本製鉄所君津地区,"Kimitsu Works (Kimitsu Area), East Nippon Works Kimitsu Area",东日本制铁所君津地区,Nippon Steel Corp,日本製鉄株式会社,E100000000652,4295877313,,Nippon Steel Corp [100.0%],E100000000652 [100.0%],4295877313 [100.0%],"1-1 Kimitsu, Kimitsu City, Chiba Prefecture, 299-1141, Japan",,Kimitsu,Chiba,Japan,Asia Pacific,"35.3609120, 139.8819530",exact,https://www.gem.wiki/Nippon_East_Japan_Works_(Kimitsu)_steel_plant,61.0,1961,1962,1965,unknown,unknown,unknown,,13200.0,1800.0,,"semi-finished, finished rolled","pipe, bar, profile, plate",unknown,3547,yes,unknown,no,BF; BOF,unknown,"Imported from Australia, Brazil and India",Australia and Canada,15000.0,35.360912,139.881953,JPN,0.06959353372123873,180382,1631324104.3280087,35.29166667,139.875,392,1
P100000120666,"Nippon Kansai Works (Wakayama Area, Wakayama) steel plant",関西製鉄所和歌山地区(和歌山),"Wakayama Works (Wakayama Area), Kansai Works (Wakayama)",关西制铁所和歌山地区(和歌山),Nippon Steel Corp,日本製鉄株式会社,E100000000652,4295877313,,Nippon Steel Corp [100.0%],E100000000652 [100.0%],4295877313 [100.0%],"1850 Minato, Wakayama City, Wakayama Pref. 640-8555 Japan",,Wakayama,Kansai,Japan,Asia Pacific,"34.2335190, 135.1354430",exact,"https://www.gem.wiki/Nippon_Kansai_Works_(Wakayama_Area,_Wakayama)_steel_plant",84.0,unknown,unknown,1942,unknown,unknown,unknown,,,,,"semi-finished, finished rolled","pipe, piling, h-beam","building and infrastructure, transport",5051,2021,unknown,no,BF; BOF; EAF,unknown,"Imported from Australia, Brazil and India",Australia and Canada,,34.233519,135.135443,JPN,0.0590779804616637,181142,5029055868.275665,34.29166667,135.125,392,1
P100000120662,"Nippon Kyushu Works (Oita Area, Oita) steel plant",九州制铁所大分地区(大分),"Kyushu Works (Oita Area), Oita Works (Oita Area)",九州製鉄所大分地区(大分),Nippon Steel Corp,日本製鉄株式会社,E100000000652,4295877313,,Nippon Steel Corp [100.0%],E100000000652 [100.0%],4295877313 [100.0%],"1 Oaza-Nishinosu, Oita City, Oita Pref. 870-0992, Japan",,Oita,Oita,Japan,Asia Pacific,"33.2608290, 131.6455270",exact,"https://www.gem.wiki/Nippon_Kyushu_Works_(Oita_Area,_Oita)_steel_plant",54.72,1961,unknown,1971-06-01 00:00:00,unknown,unknown,unknown,,7358.0,,,"semi-finished, finished rolled","sheet, plate","automotive, building and infrastructure, tools and machinery",2083,yes,unknown,no,BF; BOF,"CPP, also provides power generated via by-product gas, coal, and bio-mass to Kyushu Electric Power","Imported from Australia, Brazil and India",Australia and Canada,7358.0,33.260829,131.645527,JPN,0.05636624076296258,177330,13959786614.751396,33.20833333,131.625,392,1
P100000120665,"Nippon Kyushu Works (Yawata Area, Kokura) steel plant",,"Kokura Works (predecessor), Kyushu Works Yawata Area (Kokura Area)",,Nippon Steel Corp,日本製鉄株式会社,E100000000652,4295877313,,Nippon Steel Corp [100.0%],E100000000652 [100.0%],4295877313 [100.0%],"1 Konomi-machi, Kokurakita-ku, Kitakyushu City, Fukuoka Pref. 802-8686 Japan",,Kitakyushu,Fukuoka,Japan,Asia Pacific,"33.8977100, 130.8824350",exact,"https://www.gem.wiki/Nippon_Kyushu_Works_(Yawata_Area,_Kokura)_steel_plant",69.0,unknown,unknown,1957,unknown,2020-09-01 00:00:00,unknown,,,,,"semi-finished, finished rolled","rail, plate, bar, pipe, piling, wire",unknown,1789,yes,unknown,no,BF; BOF,"CPP, also provides power generated via coal to Kyushu Electric Power (does not distinguish between Tobata and Kokura facilities of Yawata)","Imported from Australia, Brazil and India",Australia and Canada,,33.89771,130.882435,JPN,0.023896094346140376,177189,31274995993.219223,33.875,130.875,392,1
P100000120663,"Nippon Kyushu Works (Yawata Area, Tobata) steel plant",九州製鉄所八幡地区,Kyushu Works Yawata Area (Tobata Area),九州制铁所八幡地区,Nippon Steel Corp,日本製鉄株式会社,E100000000652,4295877313,,Nippon Steel Corp [100.0%],E100000000652 [100.0%],4295877313 [100.0%],"1-1 Tobihata-cho, Tobata-ku, Kitakyushu City, Fukuoka Pref. 804-8501, Japan",,Kitakyushu,Fukuoka,Japan,Asia Pacific,"33.9118030, 130.8380140",exact,"https://www.gem.wiki/Nippon_Kyushu_Works_(Yawata_Area,_Tobata)_steel_plant",125.0,1896,unknown,1901,unknown,unknown,unknown,,,,,"semi-finished, finished rolled","rail, plate, bar, pipe, piling, wire",unknown,1789,yes,unknown,no,BF; EAF; BOF,"in-plant power generation, also provides power generated via coal to Kyushu Electric Power (does not distinguish between Tobata and Kokura facilities of Yawata); Tobata power station (due to aging, there are plans to replace it with a 2000mw LNG power plant by 2040)","Imported from Australia, Brazil and India",Australia and Canada,,33.911803,130.838014,JPN,0.05217686273628279,177189,31274995993.219223,33.875,130.875,392,1
P100000120661,Nippon Nagoya steel plant,東日本名古屋製鉄所,Nagoya Works,东日本名古屋制铁所,Nippon Steel Corp,日本製鉄株式会社,E100000000652,4295877313,,Nippon Steel Corp [100.0%],E100000000652 [100.0%],4295877313 [100.0%],"5-3, Tokaimachi, Tokai City, Aichi Pref. 476-8686, Japan",,Tokai,Aichi,Japan,Asia Pacific,"35.0275750, 136.8705520",exact,https://www.gem.wiki/Nippon_Nagoya_steel_plant,65.0,unknown,1960,1961,unknown,unknown,unknown,,,800.0,,"semi-finished, finished rolled","pipe, cast iron, plate","automotive, building and infrastructure, energy, tools and machinery",3183,yes,unknown,no,BF; BOF,unknown,"Imported from Australia, Brazil and India",Australia and Canada,800.0,35.027575,136.870552,JPN,0.06938438994751206,180694,27104407629.54368,34.95833333,136.875,392,1
P100000120667,Nippon Sanyo Special Steel,山陽特殊製鋼,,山陽特殊製鋼株式会社,Sanyo Special Steel Co Ltd,山陽特殊製鋼株式会社,E100000130712,4295877920,,Nippon Steel Corp [53.1%]; Mitsubishi UFJ Financial Group Inc [3.2%]; Nippon Life Insurance Co [2.3%]; Sumitomo Mitsui Trust Holdings Inc [2.0%]; Mizuho Financial Group Inc [1.6%]; Resona Bank Ltd [1.0%]; Meiji Yasuda Life Insurance Co [0.7%]; Norinchukin Bank [0.7%]; small shareholder(s) [0.6%]; The Dai-ichi Life Insurance Co Ltd [0.5%]; Asahi Mutual Life Insurance Co [0.3%],E100000000652 [53.1%]; E100001016498 [3.2%]; E100001000382 [2.3%]; E100001016255 [2.0%]; E100000134222 [1.6%]; E100001016256 [1.0%]; E100001011617 [0.7%]; E100001016492 [0.7%]; E100001015587 [0.6%]; E100000133542 [0.5%]; E100001016257 [0.3%],4295877313 [53.1%]; 5000000933 [3.2%]; 4295880569 [2.3%]; 4295878477 [2.0%]; 4295878505 [1.6%]; 5000007230 [1.0%]; 4295878049 [0.7%]; 4295878071 [0.7%]; unknown [0.6%]; 5050714842 [0.5%]; 4295880659 [0.3%],"3007, Nakashima, Shikama-ku, Himeji, Hyogo 672-8677, Japan",,Himeji,Hyogo,Japan,Asia Pacific,"34.7880740, 134.6720460",exact,https://www.gem.wiki/Nippon_Sanyo_Special_Steel,91.0,unknown,unknown,1935,unknown,unknown,unknown,,,,,"semi-finished, finished rolled","billet, tube, rolled, bar","automotive, building and infrastructure, energy, steel packaging, tools and machinery, transport",1623,yes,unknown,no,EAF,"40 million kWh purchased hydroelectric power; 600,000 kWh solar power generated",unknown,,,34.788074,134.672046,JPN,0.03646474456591305,180832,12333371034.581137,34.79166667,134.70833333,392,1
P100000120658,Nippon Setouchi Works (Hirohata Area) steel plant,,Setouchi Works Hirohata Area,,Nippon Steel Corp,日本製鉄株式会社,E100000000652,4295877313,,Nippon Steel Corp [100.0%],E100000000652 [100.0%],4295877313 [100.0%],"1 Fuji-cho, Hirohata-ku, Himeji City, Hyogo Pref. 671-1188, Japan",,Himeji,Hyogo,Japan,Asia Pacific,"34.7868790, 134.6253010",exact,https://www.gem.wiki/Nippon_Setouchi_Works_(Hirohata_Area)_steel_plant,87.0,unknown,unknown,1939,unknown,unknown,unknown,,,,,"semi-finished, finished rolled",sheet,unknown,1351,yes,unknown,no,DRI; EAF; BOF,"in-plant power generation, also provides power generated via coal to Kansai Electric Power","Imported from Australia, Brazil and India",Australia and Canada,,34.786879,134.625301,JPN,0.004797122578055938,180831,11107163158.787853,34.79166667,134.625,392,1
P100000120657,Nippon Setouchi Works (Kure Area) steel plant,瀬戸内製鉄所呉地区,Nisshin Steel,濑户内制铁所吴地区,Nippon Steel Corp,日本製鉄株式会社,E100000000652,4295877313,,Nippon Steel Corp [100.0%],E100000000652 [100.0%],4295877313 [100.0%],"11-1Showa-cho, Kure, Hiroshima Pref.737-8520 Japan",,Kure,Hiroshima,Japan,Asia Pacific,"34.2211720, 132.5401040",exact,https://www.gem.wiki/Nippon_Setouchi_Works_(Kure_Area)_steel_plant,72.74,unknown,unknown,1951,2020-02-07 00:00:00,2021-09-01 00:00:00,2023-09-30 00:00:00,,,,,"semi-finished, finished rolled","sheet, strip, special, hot rolled",unknown,2816,yes,unknown,no,BF; BOF,unknown,"Imported from Australia, Brazil and India",Australia and Canada,,34.221172,132.540104,JPN,0.07051198788813931,181137,4301561627.949038,34.29166667,132.54166667,392,1
P100001041253,Nippon Stainless Steel Yamaguchi Works (Hikari Area) steel plant,,Hikari Area Yamaguchi Works,,Nippon Steel Stainless Steel Corp,日鉄ステンレス株式会社,E100000120933,5000034697,,Nippon Steel Stainless Steel Corp [100.0%],E100000120933 [100.0%],5000034697 [100.0%],"3434 Ooaza-shimata, 743-8550",,Hikari,Yamaguchi,Japan,Asia Pacific,"33.9646610, 131.9354030",exact,https://www.gem.wiki/Nippon_Stainless_Steel_Yamaguchi_Works_(Hikari_Area)_steel_plant,71.0,unknown,unknown,1955,unknown,unknown,unknown,,,,,semi-finished,"wire rod, cold rolled, slab, bloom",unknown,unknown,yes,unknown,no,EAF,unknown,unknown,,,33.964661,131.935403,JPN,0.023787379879609404,181253,1396602110.0413387,33.95833333,131.95833333,392,1
P100001041252,Nippon Stainless Steel Yamaguchi Works (Shunan Area) steel plant,,Shunan Area Yamaguchi Works,,Nippon Steel Stainless Steel Corp,日鉄ステンレス株式会社,E100000120933,5000034697,,Nippon Steel Stainless Steel Corp [100.0%],E100000120933 [100.0%],5000034697 [100.0%],"4976 Nomuraminami-machi, 746-8666",,Shunan,Yamaguchi,Japan,Asia Pacific,"34.0590090, 131.7772210",exact,https://www.gem.wiki/Nippon_Stainless_Steel_Yamaguchi_Works_(Shunan_Area)_steel_plant,68.0,unknown,unknown,1958,unknown,unknown,unknown,,,,,finished rolled,"sheet, plate, bars, wire",unknown,unknown,yes,unknown,no,EAF,unknown,unknown,,,34.059009,131.777221,JPN,0.022570640034753384,181233,1341839583.5437067,34.04166667,131.79166667,392,1
P100000120660,North Nippon Muroran Works steel plant,室蘭製鉄所,North Nippon Works (Muroran) (anticipated re-naming Apr. 2022),室兰制铁所,Nippon Steel Corp,日本製鉄株式会社,E100000000652,4295877313,,Nippon Steel Corp [100.0%],E100000000652 [100.0%],4295877313 [100.0%],"12 Nakamachi, Muroran City, Hokkaido, 050-8550, Japan",,Muroran,Hokkaidō,Japan,Asia Pacific,"42.3418730, 140.9978030",exact,https://www.gem.wiki/North_Nippon_Muroran_Works_steel_plant,117.0,unknown,unknown,1909,unknown,unknown,unknown,,,,,"semi-finished, finished rolled","wire, bar",automotive,1026,yes,unknown,no,BF; BOF; EAF,"in-plant power generation, also provides power generated via by-product gas and coal to Hokkaido Electric Power","Imported from Australia, Brazil and India",Australia and Canada,,42.341873,140.997803,JPN,0.05152914688707982,182461,4188050831.7558002,42.375,140.95833333,392,1
P100000120677,Osaka Steel Sakai Works,和歌山地区(堺),Osaka Unit Sakai Works,,Osaka Steel Co Ltd,大阪製鐵株式会社,E100000130708,4295877041,,Osaka Steel Co Ltd [100.0%],E100000130708 [100.0%],4295877041 [100.0%],"1 Chikkoyawata-cho, Sakai, Osaka 590-0901 Japan",,Sakai,Osaka,Japan,Asia Pacific,"34.5982200, 135.4543900",exact,https://www.gem.wiki/Osaka_Steel_Sakai_Works,76.0,unknown,unknown,1950,unknown,unknown,unknown,,,,,"semi-finished, finished rolled","rail, rebar, bar, billet, channel, i-beam, angle","building and infrastructure, tools and machinery, transport",328,yes,unknown,no,EAF,unknown,unknown,,,34.59822,135.45439,JPN,0.027068768931907638,180970,254812052510.10464,34.625,135.45833333,392,1
P100000120668,Tokyo Steel Kyushu plant,東京製鐵 九州工場,Daimaru Steel Co. Ltd. (predecessor),,Tokyo Steel Manufacturing Co Ltd,,E100000130713,4295878567,,Tokyo Steel Manufacturing Co Ltd [100.0%],E100000130713 [100.0%],4295878567 [100.0%],"3-5-1, Minami Futajima, Wakamatsu-ku, Kitakyushu-shi, Fukuoka 808-0109, Japan",,Kitakyushu,Fukuoka,Japan,Asia Pacific,"33.8814310, 130.7559780",exact,https://www.gem.wiki/Tokyo_Steel_Kyushu_plant,54.3,unknown,1970-02-01 00:00:00,1971-11-01 00:00:00,unknown,unknown,unknown,,,,,"semi-finished, finished rolled","i-beam, piling, h-beam, plate",unknown,257,expired,unknown,no,EAF,800 kW solar power plant (began in 2021-02),unknown,,,33.881431,130.755978,JPN,0.03626346546277439,177188,39326229999.73937,33.875,130.79166667,392,1
P100000120669,Tokyo Steel Okayama plant,東京製鐵 岡山工場,,,Tokyo Steel Manufacturing Co Ltd,,E100000130713,4295878567,,Tokyo Steel Manufacturing Co Ltd [100.0%],E100000130713 [100.0%],4295878567 [100.0%],"4-1-1, Minamise, Kurashiki-shi, Okayama 712-8055, Japan",,Kurashiki,Okayama,Japan,Asia Pacific,"34.5150620, 133.7455250",exact,https://www.gem.wiki/Tokyo_Steel_Okayama_plant,63.39,1960-11-01 00:00:00,1960-12-01 00:00:00,1962-10-01 00:00:00,unknown,unknown,unknown,,,,,"semi-finished, finished rolled","rebar, sheet, coil, channel, i-beam, h-beam, beam",unknown,257,expired,unknown,no,EAF,750 kW Solar power plant (began in 2021-07),unknown,,,34.515062,133.745525,JPN,0.04572776818518003,181012,12824930411.579533,34.54166667,133.70833333,392,1
P100000120670,Tokyo Steel Tahara plant,東京製鐵 田原工場,,,Tokyo Steel Manufacturing Co Ltd,,E100000130713,4295878567,,Tokyo Steel Manufacturing Co Ltd [100.0%],E100000130713 [100.0%],4295878567 [100.0%],"2-1-3, Shirahama, Tahara-shi, Aichi 441-3436, Japan",,Tahara,Aichi,Japan,Asia Pacific,"34.7020120, 137.2491140",exact,https://www.gem.wiki/Tokyo_Steel_Tahara_plant,15.72,2005-09-01 00:00:00,2007-04-01 00:00:00,2010-06-01 00:00:00,unknown,unknown,unknown,,,,,"semi-finished, finished rolled","pipe, coil, sheet",unknown,257,expired,unknown,no,EAF,15.1 MW solar power plant (began in 2021-02),unknown,,,34.702012,137.249114,JPN,0.04301963432084852,180924,6515425440.511312,34.70833333,137.29166667,392,1
P100000120671,Tokyo Steel Utsunomiya plant,東京製鐵 宇都宮工場,,,Tokyo Steel Manufacturing Co Ltd,,E100000130713,4295878567,,Tokyo Steel Manufacturing Co Ltd [100.0%],E100000130713 [100.0%],4295878567 [100.0%],"11-1, Kiyohara-kogyo-danchi, Utsunomiya-shi, Tochigi 321-3231, Japan",,Utsunomiya,Tochigi,Japan,Asia Pacific,"36.5404250, 139.9930790",exact,https://www.gem.wiki/Tokyo_Steel_Utsunomiya_plant,30.3,1992-12-01 00:00:00,1994-03-01 00:00:00,1995-11-01 00:00:00,unknown,unknown,unknown,,,,,"semi-finished, finished rolled","sheet, channel, i-beam, h-beam, beam",unknown,257,expired,unknown,no,EAF,2 MW Solar power plant (began in 2021-02),unknown,,,36.540425,139.993079,JPN,0.0347678490582644,179433,15052426895.150934,36.54166667,139.95833333,392,1
P100000120672,Topy Industries Toyohashi steel plant,トピー工業株式会社,,,Topy Industries Ltd,トピー工業株式会社,E100001000737,4295878604,,Topy Industries Ltd [100.0%],E100001000737 [100.0%],4295878604 [100.0%],"1 Akemi-cho, Toyohashi-shi, Aichi 441-8510 Japan",,Toyohashi,Aichi,Japan,Asia Pacific,"34.7196440, 137.3222590",exact,https://www.gem.wiki/Topy_Industries_Toyohashi_steel_plant,68.0,unknown,unknown,1958,unknown,unknown,unknown,,,,,"semi-finished, finished rolled","rail, sections, bar, flat, angle, h-beam","automotive, building and infrastructure, transport",1002,2018,unknown,no,EAF,unknown,unknown,,,34.719644,137.322259,JPN,0.032616282907118946,180924,6515425440.511312,34.70833333,137.29166667,392,1
P100000120673,Yamato Steel Himeji Plant,ヤマトスチール株式会社,Aboshi Factory,,Yamato Steel Co Ltd,,E100000130862,4298194294,,Yamato Kogyo Co Ltd [100.0%],E100001010196 [100.0%],4295878941 [100.0%],"380 Kibi, Otsu-ku, Himeji, Hyogo, 671-1133, Japan",,Himeji,Hyogo,Japan,Asia Pacific,"34.7833190, 134.6046160",exact,https://www.gem.wiki/Yamato_Steel_Himeji_Plant,65.0,unknown,unknown,1961,unknown,unknown,unknown,,,,,"semi-finished, finished rolled","shapes, structural, castings, sheet, channel, flat, i-beam, angle, h-beam","building and infrastructure, tools and machinery, transport",336,yes,unknown,no,EAF,unknown,unknown,,,34.783319,134.604616,JPN,0.022027052695019676,180831,11107163158.787853,34.79166667,134.625,392,1
